content_id,subject,skill_id,skill,chapter,domain,validation_status
1979,MATHEMATICS,107,Comparer et ordonner,Nombres relatifs et rationnels,Nombres et calculs,REVIEW
1980,MATHEMATICS,107,Comparer et ordonner,Nombres relatifs et rationnels,Nombres et calculs,REVIEW
1981,MATHEMATICS,107,Comparer et ordonner,Nombres relatifs et rationnels,Nombres et calculs,REVIEW
1988,PHYSICS_CHEMISTRY,244,Mesurer et calculer,Masse volumique et identification,Organisation et transformations de la matière,REVIEW
1988,PHYSICS_CHEMISTRY,256,Propagation du son,Son et signaux sonores,Des signaux pour observer et communiquer,REVIEW
1989,FRENCH,84,Classes grammaticales,Grammaire et syntaxe,"Langue (grammaire, conjugaison, orthographe, vocabulaire)",REVIEW
1989,FRENCH,92,Sens des mots,Vocabulaire,"Langue (grammaire, conjugaison, orthographe, vocabulaire)",REVIEW
1990,FRENCH,84,Classes grammaticales,Grammaire et syntaxe,"Langue (grammaire, conjugaison, orthographe, vocabulaire)",REVIEW
1990,FRENCH,92,Sens des mots,Vocabulaire,"Langue (grammaire, conjugaison, orthographe, vocabulaire)",REVIEW
1991,FRENCH,84,Classes grammaticales,Grammaire et syntaxe,"Langue (grammaire, conjugaison, orthographe, vocabulaire)",REVIEW
1991,FRENCH,92,Sens des mots,Vocabulaire,"Langue (grammaire, conjugaison, orthographe, vocabulaire)",REVIEW
1992,FRENCH,84,Classes grammaticales,Grammaire et syntaxe,"Langue (grammaire, conjugaison, orthographe, vocabulaire)",REVIEW
1992,FRENCH,92,Sens des mots,Vocabulaire,"Langue (grammaire, conjugaison, orthographe, vocabulaire)",REVIEW
1993,FRENCH,84,Classes grammaticales,Grammaire et syntaxe,"Langue (grammaire, conjugaison, orthographe, vocabulaire)",REVIEW
1993,FRENCH,92,Sens des mots,Vocabulaire,"Langue (grammaire, conjugaison, orthographe, vocabulaire)",REVIEW
1994,FRENCH,84,Classes grammaticales,Grammaire et syntaxe,"Langue (grammaire, conjugaison, orthographe, vocabulaire)",REVIEW
1994,FRENCH,92,Sens des mots,Vocabulaire,"Langue (grammaire, conjugaison, orthographe, vocabulaire)",REVIEW
1995,FRENCH,92,Sens des mots,Vocabulaire,"Langue (grammaire, conjugaison, orthographe, vocabulaire)",REVIEW
1996,FRENCH,79,Repérer des informations explicites,Compréhension de textes,Lecture et compréhension,REVIEW
1997,FRENCH,79,Repérer des informations explicites,Compréhension de textes,Lecture et compréhension,REVIEW
1998,FRENCH,79,Repérer des informations explicites,Compréhension de textes,Lecture et compréhension,REVIEW
1999,FRENCH,103,Questions de compréhension,Compréhension et compétences linguistiques (DNB),Formats d'épreuve DNB,REVIEW
2000,FRENCH,93,Formation des mots,Vocabulaire,"Langue (grammaire, conjugaison, orthographe, vocabulaire)",REVIEW
2001,FRENCH,103,Questions de compréhension,Compréhension et compétences linguistiques (DNB),Formats d'épreuve DNB,REVIEW
2002,FRENCH,103,Questions de compréhension,Compréhension et compétences linguistiques (DNB),Formats d'épreuve DNB,REVIEW
2003,FRENCH,103,Questions de compréhension,Compréhension et compétences linguistiques (DNB),Formats d'épreuve DNB,REVIEW
2004,FRENCH,92,Sens des mots,Vocabulaire,"Langue (grammaire, conjugaison, orthographe, vocabulaire)",REVIEW
2005,FRENCH,89,Orthographe lexicale,Orthographe et accords,"Langue (grammaire, conjugaison, orthographe, vocabulaire)",REVIEW
2005,FRENCH,92,Sens des mots,Vocabulaire,"Langue (grammaire, conjugaison, orthographe, vocabulaire)",REVIEW
2006,FRENCH,92,Sens des mots,Vocabulaire,"Langue (grammaire, conjugaison, orthographe, vocabulaire)",REVIEW
2007,FRENCH,92,Sens des mots,Vocabulaire,"Langue (grammaire, conjugaison, orthographe, vocabulaire)",REVIEW
2008,FRENCH,79,Repérer des informations explicites,Compréhension de textes,Lecture et compréhension,REVIEW
2009,FRENCH,84,Classes grammaticales,Grammaire et syntaxe,"Langue (grammaire, conjugaison, orthographe, vocabulaire)",REVIEW
2009,FRENCH,92,Sens des mots,Vocabulaire,"Langue (grammaire, conjugaison, orthographe, vocabulaire)",REVIEW
2010,FRENCH,92,Sens des mots,Vocabulaire,"Langue (grammaire, conjugaison, orthographe, vocabulaire)",REVIEW
2011,FRENCH,92,Sens des mots,Vocabulaire,"Langue (grammaire, conjugaison, orthographe, vocabulaire)",REVIEW
2012,FRENCH,92,Sens des mots,Vocabulaire,"Langue (grammaire, conjugaison, orthographe, vocabulaire)",REVIEW
2013,FRENCH,92,Sens des mots,Vocabulaire,"Langue (grammaire, conjugaison, orthographe, vocabulaire)",REVIEW
2014,FRENCH,92,Sens des mots,Vocabulaire,"Langue (grammaire, conjugaison, orthographe, vocabulaire)",REVIEW
2015,FRENCH,92,Sens des mots,Vocabulaire,"Langue (grammaire, conjugaison, orthographe, vocabulaire)",REVIEW
2016,FRENCH,92,Sens des mots,Vocabulaire,"Langue (grammaire, conjugaison, orthographe, vocabulaire)",REVIEW
2017,FRENCH,92,Sens des mots,Vocabulaire,"Langue (grammaire, conjugaison, orthographe, vocabulaire)",REVIEW
2018,FRENCH,92,Sens des mots,Vocabulaire,"Langue (grammaire, conjugaison, orthographe, vocabulaire)",REVIEW
2019,FRENCH,84,Classes grammaticales,Grammaire et syntaxe,"Langue (grammaire, conjugaison, orthographe, vocabulaire)",REVIEW
2020,FRENCH,84,Classes grammaticales,Grammaire et syntaxe,"Langue (grammaire, conjugaison, orthographe, vocabulaire)",REVIEW
2021,FRENCH,84,Classes grammaticales,Grammaire et syntaxe,"Langue (grammaire, conjugaison, orthographe, vocabulaire)",REVIEW
2022,FRENCH,92,Sens des mots,Vocabulaire,"Langue (grammaire, conjugaison, orthographe, vocabulaire)",REVIEW
2023,FRENCH,92,Sens des mots,Vocabulaire,"Langue (grammaire, conjugaison, orthographe, vocabulaire)",REVIEW
2024,FRENCH,92,Sens des mots,Vocabulaire,"Langue (grammaire, conjugaison, orthographe, vocabulaire)",REVIEW
2025,FRENCH,92,Sens des mots,Vocabulaire,"Langue (grammaire, conjugaison, orthographe, vocabulaire)",REVIEW
2026,FRENCH,84,Classes grammaticales,Grammaire et syntaxe,"Langue (grammaire, conjugaison, orthographe, vocabulaire)",REVIEW
2026,FRENCH,92,Sens des mots,Vocabulaire,"Langue (grammaire, conjugaison, orthographe, vocabulaire)",REVIEW
2027,FRENCH,84,Classes grammaticales,Grammaire et syntaxe,"Langue (grammaire, conjugaison, orthographe, vocabulaire)",REVIEW
2027,FRENCH,92,Sens des mots,Vocabulaire,"Langue (grammaire, conjugaison, orthographe, vocabulaire)",REVIEW
2028,FRENCH,84,Classes grammaticales,Grammaire et syntaxe,"Langue (grammaire, conjugaison, orthographe, vocabulaire)",REVIEW
2028,FRENCH,92,Sens des mots,Vocabulaire,"Langue (grammaire, conjugaison, orthographe, vocabulaire)",REVIEW
2029,FRENCH,84,Classes grammaticales,Grammaire et syntaxe,"Langue (grammaire, conjugaison, orthographe, vocabulaire)",REVIEW
2029,FRENCH,92,Sens des mots,Vocabulaire,"Langue (grammaire, conjugaison, orthographe, vocabulaire)",REVIEW
2030,FRENCH,84,Classes grammaticales,Grammaire et syntaxe,"Langue (grammaire, conjugaison, orthographe, vocabulaire)",REVIEW
2030,FRENCH,92,Sens des mots,Vocabulaire,"Langue (grammaire, conjugaison, orthographe, vocabulaire)",REVIEW
2031,FRENCH,92,Sens des mots,Vocabulaire,"Langue (grammaire, conjugaison, orthographe, vocabulaire)",REVIEW
2032,FRENCH,92,Sens des mots,Vocabulaire,"Langue (grammaire, conjugaison, orthographe, vocabulaire)",REVIEW
2033,FRENCH,92,Sens des mots,Vocabulaire,"Langue (grammaire, conjugaison, orthographe, vocabulaire)",REVIEW
2034,FRENCH,92,Sens des mots,Vocabulaire,"Langue (grammaire, conjugaison, orthographe, vocabulaire)",REVIEW
2035,FRENCH,84,Classes grammaticales,Grammaire et syntaxe,"Langue (grammaire, conjugaison, orthographe, vocabulaire)",REVIEW
2035,FRENCH,92,Sens des mots,Vocabulaire,"Langue (grammaire, conjugaison, orthographe, vocabulaire)",REVIEW
2036,PHYSICS_CHEMISTRY,250,Formes d'énergie,Formes et conversions d'énergie,L'énergie,REVIEW
2036,PHYSICS_CHEMISTRY,248,Identifier des forces,Forces et interactions,Mouvements et interactions,REVIEW
2037,MATHEMATICS,146,Calculer des aires,Aires et volumes,Grandeurs et mesures,REVIEW
2038,MATHEMATICS,121,Développer,"Développement, réduction et factorisation",Nombres et calculs,REVIEW
2038,MATHEMATICS,146,Calculer des aires,Aires et volumes,Grandeurs et mesures,REVIEW
2039,MATHEMATICS,146,Calculer des aires,Aires et volumes,Grandeurs et mesures,REVIEW
2040,MATHEMATICS,146,Calculer des aires,Aires et volumes,Grandeurs et mesures,REVIEW
2041,MATHEMATICS,146,Calculer des aires,Aires et volumes,Grandeurs et mesures,REVIEW
2042,MATHEMATICS,146,Calculer des aires,Aires et volumes,Grandeurs et mesures,REVIEW
2042,MATHEMATICS,136,Vocabulaire des probabilités,Probabilités,"Organisation et gestion de données, fonctions",REVIEW
2043,MATHEMATICS,146,Calculer des aires,Aires et volumes,Grandeurs et mesures,REVIEW
2044,MATHEMATICS,146,Calculer des aires,Aires et volumes,Grandeurs et mesures,REVIEW
2045,MATHEMATICS,146,Calculer des aires,Aires et volumes,Grandeurs et mesures,REVIEW
2045,MATHEMATICS,141,Fonctions linéaires,Fonctions linéaires et affines,"Organisation et gestion de données, fonctions",REVIEW
2046,MATHEMATICS,146,Calculer des aires,Aires et volumes,Grandeurs et mesures,REVIEW
2047,MATHEMATICS,146,Calculer des aires,Aires et volumes,Grandeurs et mesures,REVIEW
2048,MATHEMATICS,121,Développer,"Développement, réduction et factorisation",Nombres et calculs,REVIEW
2049,MATHEMATICS,121,Développer,"Développement, réduction et factorisation",Nombres et calculs,REVIEW
2050,MATHEMATICS,121,Développer,"Développement, réduction et factorisation",Nombres et calculs,REVIEW
2051,MATHEMATICS,141,Fonctions linéaires,Fonctions linéaires et affines,"Organisation et gestion de données, fonctions",REVIEW
2051,MATHEMATICS,121,Développer,"Développement, réduction et factorisation",Nombres et calculs,REVIEW
2052,MATHEMATICS,121,Développer,"Développement, réduction et factorisation",Nombres et calculs,REVIEW
2053,MATHEMATICS,121,Développer,"Développement, réduction et factorisation",Nombres et calculs,REVIEW
2054,MATHEMATICS,121,Développer,"Développement, réduction et factorisation",Nombres et calculs,REVIEW
2055,MATHEMATICS,121,Développer,"Développement, réduction et factorisation",Nombres et calculs,REVIEW
2056,MATHEMATICS,107,Comparer et ordonner,Nombres relatifs et rationnels,Nombres et calculs,REVIEW
2057,MATHEMATICS,107,Comparer et ordonner,Nombres relatifs et rationnels,Nombres et calculs,REVIEW
2058,MATHEMATICS,107,Comparer et ordonner,Nombres relatifs et rationnels,Nombres et calculs,REVIEW
2059,MATHEMATICS,107,Comparer et ordonner,Nombres relatifs et rationnels,Nombres et calculs,REVIEW
2060,MATHEMATICS,107,Comparer et ordonner,Nombres relatifs et rationnels,Nombres et calculs,REVIEW
2061,MATHEMATICS,107,Comparer et ordonner,Nombres relatifs et rationnels,Nombres et calculs,REVIEW
2062,MATHEMATICS,121,Développer,"Développement, réduction et factorisation",Nombres et calculs,REVIEW
2063,MATHEMATICS,121,Développer,"Développement, réduction et factorisation",Nombres et calculs,REVIEW
2064,MATHEMATICS,107,Comparer et ordonner,Nombres relatifs et rationnels,Nombres et calculs,REVIEW
2065,MATHEMATICS,146,Calculer des aires,Aires et volumes,Grandeurs et mesures,REVIEW
2066,MATHEMATICS,146,Calculer des aires,Aires et volumes,Grandeurs et mesures,REVIEW
2067,FRENCH,92,Sens des mots,Vocabulaire,"Langue (grammaire, conjugaison, orthographe, vocabulaire)",REVIEW
2068,FRENCH,83,Point de vue et intentions,Interprétation et analyse,Lecture et compréhension,REVIEW
2069,FRENCH,83,Point de vue et intentions,Interprétation et analyse,Lecture et compréhension,REVIEW
2070,FRENCH,83,Point de vue et intentions,Interprétation et analyse,Lecture et compréhension,REVIEW
2071,FRENCH,83,Point de vue et intentions,Interprétation et analyse,Lecture et compréhension,REVIEW
2072,FRENCH,79,Repérer des informations explicites,Compréhension de textes,Lecture et compréhension,REVIEW
2073,FRENCH,79,Repérer des informations explicites,Compréhension de textes,Lecture et compréhension,REVIEW
2074,FRENCH,92,Sens des mots,Vocabulaire,"Langue (grammaire, conjugaison, orthographe, vocabulaire)",REVIEW
2075,FRENCH,92,Sens des mots,Vocabulaire,"Langue (grammaire, conjugaison, orthographe, vocabulaire)",REVIEW
2076,FRENCH,92,Sens des mots,Vocabulaire,"Langue (grammaire, conjugaison, orthographe, vocabulaire)",REVIEW
2077,FRENCH,92,Sens des mots,Vocabulaire,"Langue (grammaire, conjugaison, orthographe, vocabulaire)",REVIEW
2078,FRENCH,92,Sens des mots,Vocabulaire,"Langue (grammaire, conjugaison, orthographe, vocabulaire)",REVIEW
2079,FRENCH,105,Traiter le sujet,Rédaction DNB,Formats d'épreuve DNB,REVIEW
2079,FRENCH,103,Questions de compréhension,Compréhension et compétences linguistiques (DNB),Formats d'épreuve DNB,REVIEW
2080,FRENCH,105,Traiter le sujet,Rédaction DNB,Formats d'épreuve DNB,REVIEW
2080,FRENCH,103,Questions de compréhension,Compréhension et compétences linguistiques (DNB),Formats d'épreuve DNB,REVIEW
2081,FRENCH,105,Traiter le sujet,Rédaction DNB,Formats d'épreuve DNB,REVIEW
2081,FRENCH,103,Questions de compréhension,Compréhension et compétences linguistiques (DNB),Formats d'épreuve DNB,REVIEW
2082,FRENCH,105,Traiter le sujet,Rédaction DNB,Formats d'épreuve DNB,REVIEW
2082,FRENCH,103,Questions de compréhension,Compréhension et compétences linguistiques (DNB),Formats d'épreuve DNB,REVIEW
2083,FRENCH,105,Traiter le sujet,Rédaction DNB,Formats d'épreuve DNB,REVIEW
2083,FRENCH,103,Questions de compréhension,Compréhension et compétences linguistiques (DNB),Formats d'épreuve DNB,REVIEW
2084,FRENCH,105,Traiter le sujet,Rédaction DNB,Formats d'épreuve DNB,REVIEW
2084,FRENCH,103,Questions de compréhension,Compréhension et compétences linguistiques (DNB),Formats d'épreuve DNB,REVIEW
2085,FRENCH,105,Traiter le sujet,Rédaction DNB,Formats d'épreuve DNB,REVIEW
2085,FRENCH,103,Questions de compréhension,Compréhension et compétences linguistiques (DNB),Formats d'épreuve DNB,REVIEW
2086,FRENCH,105,Traiter le sujet,Rédaction DNB,Formats d'épreuve DNB,REVIEW
2086,FRENCH,103,Questions de compréhension,Compréhension et compétences linguistiques (DNB),Formats d'épreuve DNB,REVIEW
2087,FRENCH,105,Traiter le sujet,Rédaction DNB,Formats d'épreuve DNB,REVIEW
2087,FRENCH,103,Questions de compréhension,Compréhension et compétences linguistiques (DNB),Formats d'épreuve DNB,REVIEW
2088,FRENCH,105,Traiter le sujet,Rédaction DNB,Formats d'épreuve DNB,REVIEW
2088,FRENCH,103,Questions de compréhension,Compréhension et compétences linguistiques (DNB),Formats d'épreuve DNB,REVIEW
2089,FRENCH,105,Traiter le sujet,Rédaction DNB,Formats d'épreuve DNB,REVIEW
2089,FRENCH,103,Questions de compréhension,Compréhension et compétences linguistiques (DNB),Formats d'épreuve DNB,REVIEW
2090,FRENCH,105,Traiter le sujet,Rédaction DNB,Formats d'épreuve DNB,REVIEW
2090,FRENCH,103,Questions de compréhension,Compréhension et compétences linguistiques (DNB),Formats d'épreuve DNB,REVIEW
2091,FRENCH,105,Traiter le sujet,Rédaction DNB,Formats d'épreuve DNB,REVIEW
2091,FRENCH,103,Questions de compréhension,Compréhension et compétences linguistiques (DNB),Formats d'épreuve DNB,REVIEW
2092,FRENCH,105,Traiter le sujet,Rédaction DNB,Formats d'épreuve DNB,REVIEW
2092,FRENCH,103,Questions de compréhension,Compréhension et compétences linguistiques (DNB),Formats d'épreuve DNB,REVIEW
2093,FRENCH,105,Traiter le sujet,Rédaction DNB,Formats d'épreuve DNB,REVIEW
2093,FRENCH,103,Questions de compréhension,Compréhension et compétences linguistiques (DNB),Formats d'épreuve DNB,REVIEW
2094,FRENCH,105,Traiter le sujet,Rédaction DNB,Formats d'épreuve DNB,REVIEW
2094,FRENCH,103,Questions de compréhension,Compréhension et compétences linguistiques (DNB),Formats d'épreuve DNB,REVIEW
2095,FRENCH,103,Questions de compréhension,Compréhension et compétences linguistiques (DNB),Formats d'épreuve DNB,REVIEW
2095,FRENCH,89,Orthographe lexicale,Orthographe et accords,"Langue (grammaire, conjugaison, orthographe, vocabulaire)",REVIEW
2096,FRENCH,103,Questions de compréhension,Compréhension et compétences linguistiques (DNB),Formats d'épreuve DNB,REVIEW
2096,FRENCH,89,Orthographe lexicale,Orthographe et accords,"Langue (grammaire, conjugaison, orthographe, vocabulaire)",REVIEW
2097,FRENCH,103,Questions de compréhension,Compréhension et compétences linguistiques (DNB),Formats d'épreuve DNB,REVIEW
2097,FRENCH,89,Orthographe lexicale,Orthographe et accords,"Langue (grammaire, conjugaison, orthographe, vocabulaire)",REVIEW
2098,FRENCH,103,Questions de compréhension,Compréhension et compétences linguistiques (DNB),Formats d'épreuve DNB,REVIEW
2098,FRENCH,89,Orthographe lexicale,Orthographe et accords,"Langue (grammaire, conjugaison, orthographe, vocabulaire)",REVIEW
2099,FRENCH,103,Questions de compréhension,Compréhension et compétences linguistiques (DNB),Formats d'épreuve DNB,REVIEW
2099,FRENCH,89,Orthographe lexicale,Orthographe et accords,"Langue (grammaire, conjugaison, orthographe, vocabulaire)",REVIEW
2100,FRENCH,103,Questions de compréhension,Compréhension et compétences linguistiques (DNB),Formats d'épreuve DNB,REVIEW
2100,FRENCH,89,Orthographe lexicale,Orthographe et accords,"Langue (grammaire, conjugaison, orthographe, vocabulaire)",REVIEW
2101,FRENCH,103,Questions de compréhension,Compréhension et compétences linguistiques (DNB),Formats d'épreuve DNB,REVIEW
2101,FRENCH,89,Orthographe lexicale,Orthographe et accords,"Langue (grammaire, conjugaison, orthographe, vocabulaire)",REVIEW
2102,FRENCH,103,Questions de compréhension,Compréhension et compétences linguistiques (DNB),Formats d'épreuve DNB,REVIEW
2102,FRENCH,89,Orthographe lexicale,Orthographe et accords,"Langue (grammaire, conjugaison, orthographe, vocabulaire)",REVIEW
2103,FRENCH,103,Questions de compréhension,Compréhension et compétences linguistiques (DNB),Formats d'épreuve DNB,REVIEW
2103,FRENCH,89,Orthographe lexicale,Orthographe et accords,"Langue (grammaire, conjugaison, orthographe, vocabulaire)",REVIEW
2104,FRENCH,103,Questions de compréhension,Compréhension et compétences linguistiques (DNB),Formats d'épreuve DNB,REVIEW
2104,FRENCH,89,Orthographe lexicale,Orthographe et accords,"Langue (grammaire, conjugaison, orthographe, vocabulaire)",REVIEW
2105,FRENCH,103,Questions de compréhension,Compréhension et compétences linguistiques (DNB),Formats d'épreuve DNB,REVIEW
2105,FRENCH,89,Orthographe lexicale,Orthographe et accords,"Langue (grammaire, conjugaison, orthographe, vocabulaire)",REVIEW
2106,FRENCH,103,Questions de compréhension,Compréhension et compétences linguistiques (DNB),Formats d'épreuve DNB,REVIEW
2106,FRENCH,89,Orthographe lexicale,Orthographe et accords,"Langue (grammaire, conjugaison, orthographe, vocabulaire)",REVIEW
2107,FRENCH,103,Questions de compréhension,Compréhension et compétences linguistiques (DNB),Formats d'épreuve DNB,REVIEW
2107,FRENCH,89,Orthographe lexicale,Orthographe et accords,"Langue (grammaire, conjugaison, orthographe, vocabulaire)",REVIEW
2108,FRENCH,103,Questions de compréhension,Compréhension et compétences linguistiques (DNB),Formats d'épreuve DNB,REVIEW
2108,FRENCH,89,Orthographe lexicale,Orthographe et accords,"Langue (grammaire, conjugaison, orthographe, vocabulaire)",REVIEW
2109,FRENCH,79,Repérer des informations explicites,Compréhension de textes,Lecture et compréhension,REVIEW
2110,FRENCH,79,Repérer des informations explicites,Compréhension de textes,Lecture et compréhension,REVIEW
2111,FRENCH,79,Repérer des informations explicites,Compréhension de textes,Lecture et compréhension,REVIEW
2112,FRENCH,79,Repérer des informations explicites,Compréhension de textes,Lecture et compréhension,REVIEW
2113,FRENCH,79,Repérer des informations explicites,Compréhension de textes,Lecture et compréhension,REVIEW
2114,FRENCH,79,Repérer des informations explicites,Compréhension de textes,Lecture et compréhension,REVIEW
2115,FRENCH,92,Sens des mots,Vocabulaire,"Langue (grammaire, conjugaison, orthographe, vocabulaire)",REVIEW
2116,FRENCH,79,Repérer des informations explicites,Compréhension de textes,Lecture et compréhension,REVIEW
2117,FRENCH,103,Questions de compréhension,Compréhension et compétences linguistiques (DNB),Formats d'épreuve DNB,REVIEW
2118,FRENCH,79,Repérer des informations explicites,Compréhension de textes,Lecture et compréhension,REVIEW
2119,FRENCH,79,Repérer des informations explicites,Compréhension de textes,Lecture et compréhension,REVIEW
2120,FRENCH,92,Sens des mots,Vocabulaire,"Langue (grammaire, conjugaison, orthographe, vocabulaire)",REVIEW
2121,MATHEMATICS,146,Calculer des aires,Aires et volumes,Grandeurs et mesures,REVIEW
2121,MATHEMATICS,131,Calculer un pourcentage,Pourcentages,"Organisation et gestion de données, fonctions",REVIEW
2122,MATHEMATICS,107,Comparer et ordonner,Nombres relatifs et rationnels,Nombres et calculs,REVIEW
2123,MATHEMATICS,107,Comparer et ordonner,Nombres relatifs et rationnels,Nombres et calculs,REVIEW
2124,MATHEMATICS,107,Comparer et ordonner,Nombres relatifs et rationnels,Nombres et calculs,REVIEW
2125,MATHEMATICS,107,Comparer et ordonner,Nombres relatifs et rationnels,Nombres et calculs,REVIEW
2126,MATHEMATICS,146,Calculer des aires,Aires et volumes,Grandeurs et mesures,REVIEW
2127,MATHEMATICS,107,Comparer et ordonner,Nombres relatifs et rationnels,Nombres et calculs,REVIEW
2128,MATHEMATICS,121,Développer,"Développement, réduction et factorisation",Nombres et calculs,REVIEW
2129,MATHEMATICS,121,Développer,"Développement, réduction et factorisation",Nombres et calculs,REVIEW
2130,MATHEMATICS,121,Développer,"Développement, réduction et factorisation",Nombres et calculs,REVIEW
2131,MATHEMATICS,121,Développer,"Développement, réduction et factorisation",Nombres et calculs,REVIEW
2132,MATHEMATICS,121,Développer,"Développement, réduction et factorisation",Nombres et calculs,REVIEW
2133,MATHEMATICS,107,Comparer et ordonner,Nombres relatifs et rationnels,Nombres et calculs,REVIEW
2134,MATHEMATICS,107,Comparer et ordonner,Nombres relatifs et rationnels,Nombres et calculs,REVIEW
2135,MATHEMATICS,107,Comparer et ordonner,Nombres relatifs et rationnels,Nombres et calculs,REVIEW
2136,MATHEMATICS,141,Fonctions linéaires,Fonctions linéaires et affines,"Organisation et gestion de données, fonctions",REVIEW
2137,MATHEMATICS,141,Fonctions linéaires,Fonctions linéaires et affines,"Organisation et gestion de données, fonctions",REVIEW
2138,MATHEMATICS,107,Comparer et ordonner,Nombres relatifs et rationnels,Nombres et calculs,REVIEW
2139,MATHEMATICS,141,Fonctions linéaires,Fonctions linéaires et affines,"Organisation et gestion de données, fonctions",REVIEW
2139,MATHEMATICS,121,Développer,"Développement, réduction et factorisation",Nombres et calculs,REVIEW
2140,MATHEMATICS,141,Fonctions linéaires,Fonctions linéaires et affines,"Organisation et gestion de données, fonctions",REVIEW
2141,MATHEMATICS,141,Fonctions linéaires,Fonctions linéaires et affines,"Organisation et gestion de données, fonctions",REVIEW
2142,MATHEMATICS,107,Comparer et ordonner,Nombres relatifs et rationnels,Nombres et calculs,REVIEW
2143,MATHEMATICS,107,Comparer et ordonner,Nombres relatifs et rationnels,Nombres et calculs,REVIEW
2144,MATHEMATICS,121,Développer,"Développement, réduction et factorisation",Nombres et calculs,REVIEW
2145,MATHEMATICS,107,Comparer et ordonner,Nombres relatifs et rationnels,Nombres et calculs,REVIEW
2146,MATHEMATICS,107,Comparer et ordonner,Nombres relatifs et rationnels,Nombres et calculs,REVIEW
2147,MATHEMATICS,107,Comparer et ordonner,Nombres relatifs et rationnels,Nombres et calculs,REVIEW
2148,MATHEMATICS,107,Comparer et ordonner,Nombres relatifs et rationnels,Nombres et calculs,REVIEW
2149,MATHEMATICS,107,Comparer et ordonner,Nombres relatifs et rationnels,Nombres et calculs,REVIEW
2150,MATHEMATICS,107,Comparer et ordonner,Nombres relatifs et rationnels,Nombres et calculs,REVIEW
2151,MATHEMATICS,107,Comparer et ordonner,Nombres relatifs et rationnels,Nombres et calculs,REVIEW
2152,MATHEMATICS,107,Comparer et ordonner,Nombres relatifs et rationnels,Nombres et calculs,REVIEW
2153,PHYSICS_CHEMISTRY,250,Formes d'énergie,Formes et conversions d'énergie,L'énergie,REVIEW
2153,PHYSICS_CHEMISTRY,252,Circuits électriques,Électricité et circuits,L'énergie,REVIEW
2154,FRENCH,103,Questions de compréhension,Compréhension et compétences linguistiques (DNB),Formats d'épreuve DNB,REVIEW
2154,FRENCH,89,Orthographe lexicale,Orthographe et accords,"Langue (grammaire, conjugaison, orthographe, vocabulaire)",REVIEW
2155,FRENCH,103,Questions de compréhension,Compréhension et compétences linguistiques (DNB),Formats d'épreuve DNB,REVIEW
2155,FRENCH,89,Orthographe lexicale,Orthographe et accords,"Langue (grammaire, conjugaison, orthographe, vocabulaire)",REVIEW
2156,FRENCH,103,Questions de compréhension,Compréhension et compétences linguistiques (DNB),Formats d'épreuve DNB,REVIEW
2156,FRENCH,89,Orthographe lexicale,Orthographe et accords,"Langue (grammaire, conjugaison, orthographe, vocabulaire)",REVIEW
2157,FRENCH,103,Questions de compréhension,Compréhension et compétences linguistiques (DNB),Formats d'épreuve DNB,REVIEW
2157,FRENCH,89,Orthographe lexicale,Orthographe et accords,"Langue (grammaire, conjugaison, orthographe, vocabulaire)",REVIEW
2158,FRENCH,103,Questions de compréhension,Compréhension et compétences linguistiques (DNB),Formats d'épreuve DNB,REVIEW
2158,FRENCH,89,Orthographe lexicale,Orthographe et accords,"Langue (grammaire, conjugaison, orthographe, vocabulaire)",REVIEW
2159,FRENCH,103,Questions de compréhension,Compréhension et compétences linguistiques (DNB),Formats d'épreuve DNB,REVIEW
2159,FRENCH,89,Orthographe lexicale,Orthographe et accords,"Langue (grammaire, conjugaison, orthographe, vocabulaire)",REVIEW
2160,FRENCH,103,Questions de compréhension,Compréhension et compétences linguistiques (DNB),Formats d'épreuve DNB,REVIEW
2160,FRENCH,89,Orthographe lexicale,Orthographe et accords,"Langue (grammaire, conjugaison, orthographe, vocabulaire)",REVIEW
2161,FRENCH,103,Questions de compréhension,Compréhension et compétences linguistiques (DNB),Formats d'épreuve DNB,REVIEW
2161,FRENCH,89,Orthographe lexicale,Orthographe et accords,"Langue (grammaire, conjugaison, orthographe, vocabulaire)",REVIEW
2162,FRENCH,103,Questions de compréhension,Compréhension et compétences linguistiques (DNB),Formats d'épreuve DNB,REVIEW
2162,FRENCH,89,Orthographe lexicale,Orthographe et accords,"Langue (grammaire, conjugaison, orthographe, vocabulaire)",REVIEW
2163,FRENCH,103,Questions de compréhension,Compréhension et compétences linguistiques (DNB),Formats d'épreuve DNB,REVIEW
2163,FRENCH,89,Orthographe lexicale,Orthographe et accords,"Langue (grammaire, conjugaison, orthographe, vocabulaire)",REVIEW
2164,FRENCH,103,Questions de compréhension,Compréhension et compétences linguistiques (DNB),Formats d'épreuve DNB,REVIEW
2164,FRENCH,89,Orthographe lexicale,Orthographe et accords,"Langue (grammaire, conjugaison, orthographe, vocabulaire)",REVIEW
2165,HISTORY,206,Place des femmes,Femmes et hommes dans la société des années 1950 aux années 1980,Françaises et Français dans une République repensée,REVIEW
2166,HISTORY,206,Place des femmes,Femmes et hommes dans la société des années 1950 aux années 1980,Françaises et Français dans une République repensée,REVIEW
2167,HISTORY,206,Place des femmes,Femmes et hommes dans la société des années 1950 aux années 1980,Françaises et Français dans une République repensée,REVIEW
2168,HISTORY,206,Place des femmes,Femmes et hommes dans la société des années 1950 aux années 1980,Françaises et Français dans une République repensée,REVIEW
2169,HISTORY,206,Place des femmes,Femmes et hommes dans la société des années 1950 aux années 1980,Françaises et Français dans une République repensée,REVIEW
2170,HISTORY,206,Place des femmes,Femmes et hommes dans la société des années 1950 aux années 1980,Françaises et Français dans une République repensée,REVIEW
2171,HISTORY,181,Expérience combattante,La Première Guerre mondiale : l'expérience combattante et l'expérience des civils,"L'Europe, un théâtre majeur des guerres totales (1914-1945)",REVIEW
2171,HISTORY,189,Défaite et occupation,"La France défaite et occupée ; régime de Vichy, Collaboration, Résistance","L'Europe, un théâtre majeur des guerres totales (1914-1945)",REVIEW
2172,HISTORY,181,Expérience combattante,La Première Guerre mondiale : l'expérience combattante et l'expérience des civils,"L'Europe, un théâtre majeur des guerres totales (1914-1945)",REVIEW
2172,HISTORY,189,Défaite et occupation,"La France défaite et occupée ; régime de Vichy, Collaboration, Résistance","L'Europe, un théâtre majeur des guerres totales (1914-1945)",REVIEW
2173,HISTORY,186,Démocraties face à la crise,Démocraties et totalitarismes dans l'Europe de l'entre-deux-guerres,"L'Europe, un théâtre majeur des guerres totales (1914-1945)",REVIEW
2174,HISTORY,186,Démocraties face à la crise,Démocraties et totalitarismes dans l'Europe de l'entre-deux-guerres,"L'Europe, un théâtre majeur des guerres totales (1914-1945)",REVIEW
2175,HISTORY,186,Démocraties face à la crise,Démocraties et totalitarismes dans l'Europe de l'entre-deux-guerres,"L'Europe, un théâtre majeur des guerres totales (1914-1945)",REVIEW
2176,HISTORY,186,Démocraties face à la crise,Démocraties et totalitarismes dans l'Europe de l'entre-deux-guerres,"L'Europe, un théâtre majeur des guerres totales (1914-1945)",REVIEW
2177,HISTORY,181,Expérience combattante,La Première Guerre mondiale : l'expérience combattante et l'expérience des civils,"L'Europe, un théâtre majeur des guerres totales (1914-1945)",REVIEW
2177,HISTORY,199,Nouvel ordre mondial,Enjeux et conflits dans le monde après 1989,Le monde depuis 1945,REVIEW
2178,MATHEMATICS,146,Calculer des aires,Aires et volumes,Grandeurs et mesures,REVIEW
2179,MATHEMATICS,129,Reconnaître une situation de proportionnalité,Proportionnalité,"Organisation et gestion de données, fonctions",REVIEW
2179,MATHEMATICS,146,Calculer des aires,Aires et volumes,Grandeurs et mesures,REVIEW
2180,MATHEMATICS,129,Reconnaître une situation de proportionnalité,Proportionnalité,"Organisation et gestion de données, fonctions",REVIEW
2180,MATHEMATICS,113,Propriétés des puissances,Puissances et notation scientifique,Nombres et calculs,REVIEW
2181,MATHEMATICS,129,Reconnaître une situation de proportionnalité,Proportionnalité,"Organisation et gestion de données, fonctions",REVIEW
2181,MATHEMATICS,141,Fonctions linéaires,Fonctions linéaires et affines,"Organisation et gestion de données, fonctions",REVIEW
2182,MATHEMATICS,107,Comparer et ordonner,Nombres relatifs et rationnels,Nombres et calculs,REVIEW
2183,MATHEMATICS,146,Calculer des aires,Aires et volumes,Grandeurs et mesures,REVIEW
2183,MATHEMATICS,121,Développer,"Développement, réduction et factorisation",Nombres et calculs,REVIEW
2184,MATHEMATICS,146,Calculer des aires,Aires et volumes,Grandeurs et mesures,REVIEW
2185,MATHEMATICS,146,Calculer des aires,Aires et volumes,Grandeurs et mesures,REVIEW
2186,MATHEMATICS,146,Calculer des aires,Aires et volumes,Grandeurs et mesures,REVIEW
2187,MATHEMATICS,146,Calculer des aires,Aires et volumes,Grandeurs et mesures,REVIEW
2187,MATHEMATICS,113,Propriétés des puissances,Puissances et notation scientifique,Nombres et calculs,REVIEW
2188,MATHEMATICS,146,Calculer des aires,Aires et volumes,Grandeurs et mesures,REVIEW
2189,MATHEMATICS,146,Calculer des aires,Aires et volumes,Grandeurs et mesures,REVIEW
2190,MATHEMATICS,146,Calculer des aires,Aires et volumes,Grandeurs et mesures,REVIEW
2190,MATHEMATICS,113,Propriétés des puissances,Puissances et notation scientifique,Nombres et calculs,REVIEW
2191,MATHEMATICS,146,Calculer des aires,Aires et volumes,Grandeurs et mesures,REVIEW
2191,MATHEMATICS,113,Propriétés des puissances,Puissances et notation scientifique,Nombres et calculs,REVIEW
2192,MATHEMATICS,146,Calculer des aires,Aires et volumes,Grandeurs et mesures,REVIEW
2193,MATHEMATICS,146,Calculer des aires,Aires et volumes,Grandeurs et mesures,REVIEW
2194,MATHEMATICS,107,Comparer et ordonner,Nombres relatifs et rationnels,Nombres et calculs,REVIEW
2195,MATHEMATICS,136,Vocabulaire des probabilités,Probabilités,"Organisation et gestion de données, fonctions",REVIEW
2196,MATHEMATICS,136,Vocabulaire des probabilités,Probabilités,"Organisation et gestion de données, fonctions",REVIEW
2197,MATHEMATICS,107,Comparer et ordonner,Nombres relatifs et rationnels,Nombres et calculs,REVIEW
2198,MATHEMATICS,146,Calculer des aires,Aires et volumes,Grandeurs et mesures,REVIEW
2198,MATHEMATICS,141,Fonctions linéaires,Fonctions linéaires et affines,"Organisation et gestion de données, fonctions",REVIEW
2199,MATHEMATICS,170,Variables et affectations,"Variables, conditions et boucles",Algorithmique et programmation,REVIEW
2200,MATHEMATICS,146,Calculer des aires,Aires et volumes,Grandeurs et mesures,REVIEW
2200,MATHEMATICS,170,Variables et affectations,"Variables, conditions et boucles",Algorithmique et programmation,REVIEW
2201,MATHEMATICS,170,Variables et affectations,"Variables, conditions et boucles",Algorithmique et programmation,REVIEW
2202,HISTORY,181,Expérience combattante,La Première Guerre mondiale : l'expérience combattante et l'expérience des civils,"L'Europe, un théâtre majeur des guerres totales (1914-1945)",REVIEW
2202,HISTORY,199,Nouvel ordre mondial,Enjeux et conflits dans le monde après 1989,Le monde depuis 1945,REVIEW
2203,HISTORY,199,Nouvel ordre mondial,Enjeux et conflits dans le monde après 1989,Le monde depuis 1945,REVIEW
2203,HISTORY,181,Expérience combattante,La Première Guerre mondiale : l'expérience combattante et l'expérience des civils,"L'Europe, un théâtre majeur des guerres totales (1914-1945)",REVIEW
2204,HISTORY,181,Expérience combattante,La Première Guerre mondiale : l'expérience combattante et l'expérience des civils,"L'Europe, un théâtre majeur des guerres totales (1914-1945)",REVIEW
2204,HISTORY,199,Nouvel ordre mondial,Enjeux et conflits dans le monde après 1989,Le monde depuis 1945,REVIEW
2205,HISTORY,199,Nouvel ordre mondial,Enjeux et conflits dans le monde après 1989,Le monde depuis 1945,REVIEW
2205,HISTORY,181,Expérience combattante,La Première Guerre mondiale : l'expérience combattante et l'expérience des civils,"L'Europe, un théâtre majeur des guerres totales (1914-1945)",REVIEW
2206,HISTORY,199,Nouvel ordre mondial,Enjeux et conflits dans le monde après 1989,Le monde depuis 1945,REVIEW
2206,HISTORY,181,Expérience combattante,La Première Guerre mondiale : l'expérience combattante et l'expérience des civils,"L'Europe, un théâtre majeur des guerres totales (1914-1945)",REVIEW
2207,HISTORY,199,Nouvel ordre mondial,Enjeux et conflits dans le monde après 1989,Le monde depuis 1945,REVIEW
2207,HISTORY,181,Expérience combattante,La Première Guerre mondiale : l'expérience combattante et l'expérience des civils,"L'Europe, un théâtre majeur des guerres totales (1914-1945)",REVIEW
2208,HISTORY,188,Génocide des Juifs et des Tsiganes,"La Seconde Guerre mondiale, une guerre d'anéantissement","L'Europe, un théâtre majeur des guerres totales (1914-1945)",REVIEW
2209,HISTORY,188,Génocide des Juifs et des Tsiganes,"La Seconde Guerre mondiale, une guerre d'anéantissement","L'Europe, un théâtre majeur des guerres totales (1914-1945)",REVIEW
2210,HISTORY,205,Transformations sociales,Femmes et hommes dans la société des années 1950 aux années 1980,Françaises et Français dans une République repensée,REVIEW
2211,HISTORY,205,Transformations sociales,Femmes et hommes dans la société des années 1950 aux années 1980,Françaises et Français dans une République repensée,REVIEW
2212,HISTORY,207,Immigration et société française,Femmes et hommes dans la société des années 1950 aux années 1980,Françaises et Français dans une République repensée,REVIEW
2213,HISTORY,205,Transformations sociales,Femmes et hommes dans la société des années 1950 aux années 1980,Françaises et Français dans une République repensée,REVIEW
2214,HISTORY,205,Transformations sociales,Femmes et hommes dans la société des années 1950 aux années 1980,Françaises et Français dans une République repensée,REVIEW
2215,FRENCH,105,Traiter le sujet,Rédaction DNB,Formats d'épreuve DNB,REVIEW
2215,FRENCH,92,Sens des mots,Vocabulaire,"Langue (grammaire, conjugaison, orthographe, vocabulaire)",REVIEW
2216,MATHEMATICS,107,Comparer et ordonner,Nombres relatifs et rationnels,Nombres et calculs,REVIEW
2217,MATHEMATICS,107,Comparer et ordonner,Nombres relatifs et rationnels,Nombres et calculs,REVIEW
2218,MATHEMATICS,136,Vocabulaire des probabilités,Probabilités,"Organisation et gestion de données, fonctions",REVIEW
2219,MATHEMATICS,146,Calculer des aires,Aires et volumes,Grandeurs et mesures,REVIEW
2220,MATHEMATICS,121,Développer,"Développement, réduction et factorisation",Nombres et calculs,REVIEW
2221,MATHEMATICS,121,Développer,"Développement, réduction et factorisation",Nombres et calculs,REVIEW
2222,MATHEMATICS,121,Développer,"Développement, réduction et factorisation",Nombres et calculs,REVIEW
2223,MATHEMATICS,121,Développer,"Développement, réduction et factorisation",Nombres et calculs,REVIEW
2223,MATHEMATICS,107,Comparer et ordonner,Nombres relatifs et rationnels,Nombres et calculs,REVIEW
2224,MATHEMATICS,146,Calculer des aires,Aires et volumes,Grandeurs et mesures,REVIEW
2224,MATHEMATICS,121,Développer,"Développement, réduction et factorisation",Nombres et calculs,REVIEW
2225,MATHEMATICS,107,Comparer et ordonner,Nombres relatifs et rationnels,Nombres et calculs,REVIEW
2226,MATHEMATICS,107,Comparer et ordonner,Nombres relatifs et rationnels,Nombres et calculs,REVIEW
2227,MATHEMATICS,141,Fonctions linéaires,Fonctions linéaires et affines,"Organisation et gestion de données, fonctions",REVIEW
2228,MATHEMATICS,129,Reconnaître une situation de proportionnalité,Proportionnalité,"Organisation et gestion de données, fonctions",REVIEW
2229,MATHEMATICS,107,Comparer et ordonner,Nombres relatifs et rationnels,Nombres et calculs,REVIEW
2230,MATHEMATICS,107,Comparer et ordonner,Nombres relatifs et rationnels,Nombres et calculs,REVIEW
2231,MATHEMATICS,107,Comparer et ordonner,Nombres relatifs et rationnels,Nombres et calculs,REVIEW
2232,MATHEMATICS,107,Comparer et ordonner,Nombres relatifs et rationnels,Nombres et calculs,REVIEW
2233,MATHEMATICS,107,Comparer et ordonner,Nombres relatifs et rationnels,Nombres et calculs,REVIEW
2234,MATHEMATICS,107,Comparer et ordonner,Nombres relatifs et rationnels,Nombres et calculs,REVIEW
2235,MATHEMATICS,107,Comparer et ordonner,Nombres relatifs et rationnels,Nombres et calculs,REVIEW
2236,MATHEMATICS,146,Calculer des aires,Aires et volumes,Grandeurs et mesures,REVIEW
2237,MATHEMATICS,146,Calculer des aires,Aires et volumes,Grandeurs et mesures,REVIEW
2238,MATHEMATICS,146,Calculer des aires,Aires et volumes,Grandeurs et mesures,REVIEW
2239,MATHEMATICS,146,Calculer des aires,Aires et volumes,Grandeurs et mesures,REVIEW
2240,MATHEMATICS,107,Comparer et ordonner,Nombres relatifs et rationnels,Nombres et calculs,REVIEW
2241,MATHEMATICS,107,Comparer et ordonner,Nombres relatifs et rationnels,Nombres et calculs,REVIEW
2242,MATHEMATICS,107,Comparer et ordonner,Nombres relatifs et rationnels,Nombres et calculs,REVIEW
2243,MATHEMATICS,107,Comparer et ordonner,Nombres relatifs et rationnels,Nombres et calculs,REVIEW
2244,MATHEMATICS,107,Comparer et ordonner,Nombres relatifs et rationnels,Nombres et calculs,REVIEW
2245,MATHEMATICS,107,Comparer et ordonner,Nombres relatifs et rationnels,Nombres et calculs,REVIEW
2246,PHYSICS_CHEMISTRY,250,Formes d'énergie,Formes et conversions d'énergie,L'énergie,REVIEW
2246,PHYSICS_CHEMISTRY,256,Propagation du son,Son et signaux sonores,Des signaux pour observer et communiquer,REVIEW
2247,FRENCH,105,Traiter le sujet,Rédaction DNB,Formats d'épreuve DNB,REVIEW
2247,FRENCH,103,Questions de compréhension,Compréhension et compétences linguistiques (DNB),Formats d'épreuve DNB,REVIEW
2248,FRENCH,105,Traiter le sujet,Rédaction DNB,Formats d'épreuve DNB,REVIEW
2248,FRENCH,103,Questions de compréhension,Compréhension et compétences linguistiques (DNB),Formats d'épreuve DNB,REVIEW
2249,FRENCH,105,Traiter le sujet,Rédaction DNB,Formats d'épreuve DNB,REVIEW
2249,FRENCH,103,Questions de compréhension,Compréhension et compétences linguistiques (DNB),Formats d'épreuve DNB,REVIEW
2250,FRENCH,105,Traiter le sujet,Rédaction DNB,Formats d'épreuve DNB,REVIEW
2250,FRENCH,103,Questions de compréhension,Compréhension et compétences linguistiques (DNB),Formats d'épreuve DNB,REVIEW
2251,FRENCH,105,Traiter le sujet,Rédaction DNB,Formats d'épreuve DNB,REVIEW
2251,FRENCH,103,Questions de compréhension,Compréhension et compétences linguistiques (DNB),Formats d'épreuve DNB,REVIEW
2252,FRENCH,105,Traiter le sujet,Rédaction DNB,Formats d'épreuve DNB,REVIEW
2252,FRENCH,103,Questions de compréhension,Compréhension et compétences linguistiques (DNB),Formats d'épreuve DNB,REVIEW
2253,FRENCH,105,Traiter le sujet,Rédaction DNB,Formats d'épreuve DNB,REVIEW
2253,FRENCH,103,Questions de compréhension,Compréhension et compétences linguistiques (DNB),Formats d'épreuve DNB,REVIEW
2254,FRENCH,105,Traiter le sujet,Rédaction DNB,Formats d'épreuve DNB,REVIEW
2254,FRENCH,103,Questions de compréhension,Compréhension et compétences linguistiques (DNB),Formats d'épreuve DNB,REVIEW
2255,FRENCH,105,Traiter le sujet,Rédaction DNB,Formats d'épreuve DNB,REVIEW
2255,FRENCH,103,Questions de compréhension,Compréhension et compétences linguistiques (DNB),Formats d'épreuve DNB,REVIEW
2256,FRENCH,105,Traiter le sujet,Rédaction DNB,Formats d'épreuve DNB,REVIEW
2256,FRENCH,103,Questions de compréhension,Compréhension et compétences linguistiques (DNB),Formats d'épreuve DNB,REVIEW
2257,FRENCH,105,Traiter le sujet,Rédaction DNB,Formats d'épreuve DNB,REVIEW
2257,FRENCH,103,Questions de compréhension,Compréhension et compétences linguistiques (DNB),Formats d'épreuve DNB,REVIEW
2258,FRENCH,105,Traiter le sujet,Rédaction DNB,Formats d'épreuve DNB,REVIEW
2258,FRENCH,103,Questions de compréhension,Compréhension et compétences linguistiques (DNB),Formats d'épreuve DNB,REVIEW
2259,FRENCH,105,Traiter le sujet,Rédaction DNB,Formats d'épreuve DNB,REVIEW
2259,FRENCH,103,Questions de compréhension,Compréhension et compétences linguistiques (DNB),Formats d'épreuve DNB,REVIEW
2260,FRENCH,105,Traiter le sujet,Rédaction DNB,Formats d'épreuve DNB,REVIEW
2260,FRENCH,103,Questions de compréhension,Compréhension et compétences linguistiques (DNB),Formats d'épreuve DNB,REVIEW
2261,FRENCH,105,Traiter le sujet,Rédaction DNB,Formats d'épreuve DNB,REVIEW
2261,FRENCH,103,Questions de compréhension,Compréhension et compétences linguistiques (DNB),Formats d'épreuve DNB,REVIEW
2262,FRENCH,105,Traiter le sujet,Rédaction DNB,Formats d'épreuve DNB,REVIEW
2262,FRENCH,103,Questions de compréhension,Compréhension et compétences linguistiques (DNB),Formats d'épreuve DNB,REVIEW
2263,FRENCH,105,Traiter le sujet,Rédaction DNB,Formats d'épreuve DNB,REVIEW
2263,FRENCH,103,Questions de compréhension,Compréhension et compétences linguistiques (DNB),Formats d'épreuve DNB,REVIEW
2264,FRENCH,89,Orthographe lexicale,Orthographe et accords,"Langue (grammaire, conjugaison, orthographe, vocabulaire)",REVIEW
2264,FRENCH,21,Orthographe,Orthographe,Français — programme 3e,REVIEW
2265,FRENCH,105,Traiter le sujet,Rédaction DNB,Formats d'épreuve DNB,REVIEW
2265,FRENCH,103,Questions de compréhension,Compréhension et compétences linguistiques (DNB),Formats d'épreuve DNB,REVIEW
2266,FRENCH,105,Traiter le sujet,Rédaction DNB,Formats d'épreuve DNB,REVIEW
2266,FRENCH,103,Questions de compréhension,Compréhension et compétences linguistiques (DNB),Formats d'épreuve DNB,REVIEW
2267,FRENCH,105,Traiter le sujet,Rédaction DNB,Formats d'épreuve DNB,REVIEW
2267,FRENCH,103,Questions de compréhension,Compréhension et compétences linguistiques (DNB),Formats d'épreuve DNB,REVIEW
2268,FRENCH,105,Traiter le sujet,Rédaction DNB,Formats d'épreuve DNB,REVIEW
2268,FRENCH,103,Questions de compréhension,Compréhension et compétences linguistiques (DNB),Formats d'épreuve DNB,REVIEW
2269,FRENCH,105,Traiter le sujet,Rédaction DNB,Formats d'épreuve DNB,REVIEW
2269,FRENCH,103,Questions de compréhension,Compréhension et compétences linguistiques (DNB),Formats d'épreuve DNB,REVIEW
2270,FRENCH,105,Traiter le sujet,Rédaction DNB,Formats d'épreuve DNB,REVIEW
2270,FRENCH,103,Questions de compréhension,Compréhension et compétences linguistiques (DNB),Formats d'épreuve DNB,REVIEW
2271,FRENCH,105,Traiter le sujet,Rédaction DNB,Formats d'épreuve DNB,REVIEW
2271,FRENCH,103,Questions de compréhension,Compréhension et compétences linguistiques (DNB),Formats d'épreuve DNB,REVIEW
2272,FRENCH,105,Traiter le sujet,Rédaction DNB,Formats d'épreuve DNB,REVIEW
2272,FRENCH,103,Questions de compréhension,Compréhension et compétences linguistiques (DNB),Formats d'épreuve DNB,REVIEW
2273,FRENCH,105,Traiter le sujet,Rédaction DNB,Formats d'épreuve DNB,REVIEW
2273,FRENCH,103,Questions de compréhension,Compréhension et compétences linguistiques (DNB),Formats d'épreuve DNB,REVIEW
2274,FRENCH,89,Orthographe lexicale,Orthographe et accords,"Langue (grammaire, conjugaison, orthographe, vocabulaire)",REVIEW
2274,FRENCH,103,Questions de compréhension,Compréhension et compétences linguistiques (DNB),Formats d'épreuve DNB,REVIEW
2275,FRENCH,89,Orthographe lexicale,Orthographe et accords,"Langue (grammaire, conjugaison, orthographe, vocabulaire)",REVIEW
2275,FRENCH,103,Questions de compréhension,Compréhension et compétences linguistiques (DNB),Formats d'épreuve DNB,REVIEW
2276,FRENCH,89,Orthographe lexicale,Orthographe et accords,"Langue (grammaire, conjugaison, orthographe, vocabulaire)",REVIEW
2276,FRENCH,103,Questions de compréhension,Compréhension et compétences linguistiques (DNB),Formats d'épreuve DNB,REVIEW
2277,FRENCH,89,Orthographe lexicale,Orthographe et accords,"Langue (grammaire, conjugaison, orthographe, vocabulaire)",REVIEW
2277,FRENCH,103,Questions de compréhension,Compréhension et compétences linguistiques (DNB),Formats d'épreuve DNB,REVIEW
2278,FRENCH,105,Traiter le sujet,Rédaction DNB,Formats d'épreuve DNB,REVIEW
2278,FRENCH,92,Sens des mots,Vocabulaire,"Langue (grammaire, conjugaison, orthographe, vocabulaire)",REVIEW
2279,MATHEMATICS,146,Calculer des aires,Aires et volumes,Grandeurs et mesures,REVIEW
2279,MATHEMATICS,136,Vocabulaire des probabilités,Probabilités,"Organisation et gestion de données, fonctions",REVIEW
2280,MATHEMATICS,146,Calculer des aires,Aires et volumes,Grandeurs et mesures,REVIEW
2281,MATHEMATICS,146,Calculer des aires,Aires et volumes,Grandeurs et mesures,REVIEW
2282,MATHEMATICS,146,Calculer des aires,Aires et volumes,Grandeurs et mesures,REVIEW
2283,MATHEMATICS,146,Calculer des aires,Aires et volumes,Grandeurs et mesures,REVIEW
2284,MATHEMATICS,141,Fonctions linéaires,Fonctions linéaires et affines,"Organisation et gestion de données, fonctions",REVIEW
2285,MATHEMATICS,141,Fonctions linéaires,Fonctions linéaires et affines,"Organisation et gestion de données, fonctions",REVIEW
2285,MATHEMATICS,121,Développer,"Développement, réduction et factorisation",Nombres et calculs,REVIEW
2286,MATHEMATICS,141,Fonctions linéaires,Fonctions linéaires et affines,"Organisation et gestion de données, fonctions",REVIEW
2287,MATHEMATICS,141,Fonctions linéaires,Fonctions linéaires et affines,"Organisation et gestion de données, fonctions",REVIEW
2288,MATHEMATICS,141,Fonctions linéaires,Fonctions linéaires et affines,"Organisation et gestion de données, fonctions",REVIEW
2289,MATHEMATICS,141,Fonctions linéaires,Fonctions linéaires et affines,"Organisation et gestion de données, fonctions",REVIEW
2290,MATHEMATICS,141,Fonctions linéaires,Fonctions linéaires et affines,"Organisation et gestion de données, fonctions",REVIEW
2290,MATHEMATICS,124,Équations du premier degré,Équations,Nombres et calculs,REVIEW
2291,MATHEMATICS,136,Vocabulaire des probabilités,Probabilités,"Organisation et gestion de données, fonctions",REVIEW
2292,MATHEMATICS,107,Comparer et ordonner,Nombres relatifs et rationnels,Nombres et calculs,REVIEW
2293,MATHEMATICS,107,Comparer et ordonner,Nombres relatifs et rationnels,Nombres et calculs,REVIEW
2294,MATHEMATICS,107,Comparer et ordonner,Nombres relatifs et rationnels,Nombres et calculs,REVIEW
2295,MATHEMATICS,107,Comparer et ordonner,Nombres relatifs et rationnels,Nombres et calculs,REVIEW
2296,MATHEMATICS,107,Comparer et ordonner,Nombres relatifs et rationnels,Nombres et calculs,REVIEW
2297,MATHEMATICS,146,Calculer des aires,Aires et volumes,Grandeurs et mesures,REVIEW
2298,MATHEMATICS,107,Comparer et ordonner,Nombres relatifs et rationnels,Nombres et calculs,REVIEW
2299,MATHEMATICS,107,Comparer et ordonner,Nombres relatifs et rationnels,Nombres et calculs,REVIEW
2300,MATHEMATICS,107,Comparer et ordonner,Nombres relatifs et rationnels,Nombres et calculs,REVIEW
2301,FRENCH,103,Questions de compréhension,Compréhension et compétences linguistiques (DNB),Formats d'épreuve DNB,REVIEW
2301,FRENCH,89,Orthographe lexicale,Orthographe et accords,"Langue (grammaire, conjugaison, orthographe, vocabulaire)",REVIEW
2302,FRENCH,103,Questions de compréhension,Compréhension et compétences linguistiques (DNB),Formats d'épreuve DNB,REVIEW
2302,FRENCH,89,Orthographe lexicale,Orthographe et accords,"Langue (grammaire, conjugaison, orthographe, vocabulaire)",REVIEW
2303,FRENCH,103,Questions de compréhension,Compréhension et compétences linguistiques (DNB),Formats d'épreuve DNB,REVIEW
2303,FRENCH,89,Orthographe lexicale,Orthographe et accords,"Langue (grammaire, conjugaison, orthographe, vocabulaire)",REVIEW
2304,FRENCH,103,Questions de compréhension,Compréhension et compétences linguistiques (DNB),Formats d'épreuve DNB,REVIEW
2304,FRENCH,89,Orthographe lexicale,Orthographe et accords,"Langue (grammaire, conjugaison, orthographe, vocabulaire)",REVIEW
2305,FRENCH,103,Questions de compréhension,Compréhension et compétences linguistiques (DNB),Formats d'épreuve DNB,REVIEW
2305,FRENCH,89,Orthographe lexicale,Orthographe et accords,"Langue (grammaire, conjugaison, orthographe, vocabulaire)",REVIEW
2306,FRENCH,103,Questions de compréhension,Compréhension et compétences linguistiques (DNB),Formats d'épreuve DNB,REVIEW
2306,FRENCH,89,Orthographe lexicale,Orthographe et accords,"Langue (grammaire, conjugaison, orthographe, vocabulaire)",REVIEW
2307,FRENCH,103,Questions de compréhension,Compréhension et compétences linguistiques (DNB),Formats d'épreuve DNB,REVIEW
2307,FRENCH,89,Orthographe lexicale,Orthographe et accords,"Langue (grammaire, conjugaison, orthographe, vocabulaire)",REVIEW
2308,FRENCH,103,Questions de compréhension,Compréhension et compétences linguistiques (DNB),Formats d'épreuve DNB,REVIEW
2308,FRENCH,89,Orthographe lexicale,Orthographe et accords,"Langue (grammaire, conjugaison, orthographe, vocabulaire)",REVIEW
2309,FRENCH,89,Orthographe lexicale,Orthographe et accords,"Langue (grammaire, conjugaison, orthographe, vocabulaire)",REVIEW
2309,FRENCH,103,Questions de compréhension,Compréhension et compétences linguistiques (DNB),Formats d'épreuve DNB,REVIEW
2310,FRENCH,103,Questions de compréhension,Compréhension et compétences linguistiques (DNB),Formats d'épreuve DNB,REVIEW
2310,FRENCH,89,Orthographe lexicale,Orthographe et accords,"Langue (grammaire, conjugaison, orthographe, vocabulaire)",REVIEW
2311,FRENCH,103,Questions de compréhension,Compréhension et compétences linguistiques (DNB),Formats d'épreuve DNB,REVIEW
2311,FRENCH,89,Orthographe lexicale,Orthographe et accords,"Langue (grammaire, conjugaison, orthographe, vocabulaire)",REVIEW
2312,FRENCH,103,Questions de compréhension,Compréhension et compétences linguistiques (DNB),Formats d'épreuve DNB,REVIEW
2312,FRENCH,89,Orthographe lexicale,Orthographe et accords,"Langue (grammaire, conjugaison, orthographe, vocabulaire)",REVIEW
2313,FRENCH,103,Questions de compréhension,Compréhension et compétences linguistiques (DNB),Formats d'épreuve DNB,REVIEW
2313,FRENCH,89,Orthographe lexicale,Orthographe et accords,"Langue (grammaire, conjugaison, orthographe, vocabulaire)",REVIEW
2314,FRENCH,103,Questions de compréhension,Compréhension et compétences linguistiques (DNB),Formats d'épreuve DNB,REVIEW
2314,FRENCH,89,Orthographe lexicale,Orthographe et accords,"Langue (grammaire, conjugaison, orthographe, vocabulaire)",REVIEW
2315,FRENCH,103,Questions de compréhension,Compréhension et compétences linguistiques (DNB),Formats d'épreuve DNB,REVIEW
2315,FRENCH,89,Orthographe lexicale,Orthographe et accords,"Langue (grammaire, conjugaison, orthographe, vocabulaire)",REVIEW
2316,FRENCH,103,Questions de compréhension,Compréhension et compétences linguistiques (DNB),Formats d'épreuve DNB,REVIEW
2316,FRENCH,89,Orthographe lexicale,Orthographe et accords,"Langue (grammaire, conjugaison, orthographe, vocabulaire)",REVIEW
2317,FRENCH,103,Questions de compréhension,Compréhension et compétences linguistiques (DNB),Formats d'épreuve DNB,REVIEW
2317,FRENCH,89,Orthographe lexicale,Orthographe et accords,"Langue (grammaire, conjugaison, orthographe, vocabulaire)",REVIEW
2318,FRENCH,105,Traiter le sujet,Rédaction DNB,Formats d'épreuve DNB,REVIEW
2318,FRENCH,92,Sens des mots,Vocabulaire,"Langue (grammaire, conjugaison, orthographe, vocabulaire)",REVIEW
2319,FRENCH,103,Questions de compréhension,Compréhension et compétences linguistiques (DNB),Formats d'épreuve DNB,REVIEW
2320,FRENCH,103,Questions de compréhension,Compréhension et compétences linguistiques (DNB),Formats d'épreuve DNB,REVIEW
2321,FRENCH,103,Questions de compréhension,Compréhension et compétences linguistiques (DNB),Formats d'épreuve DNB,REVIEW
2322,FRENCH,103,Questions de compréhension,Compréhension et compétences linguistiques (DNB),Formats d'épreuve DNB,REVIEW
2323,FRENCH,103,Questions de compréhension,Compréhension et compétences linguistiques (DNB),Formats d'épreuve DNB,REVIEW
2324,FRENCH,103,Questions de compréhension,Compréhension et compétences linguistiques (DNB),Formats d'épreuve DNB,REVIEW
2325,FRENCH,79,Repérer des informations explicites,Compréhension de textes,Lecture et compréhension,REVIEW
2326,FRENCH,79,Repérer des informations explicites,Compréhension de textes,Lecture et compréhension,REVIEW
2327,FRENCH,92,Sens des mots,Vocabulaire,"Langue (grammaire, conjugaison, orthographe, vocabulaire)",REVIEW
2328,FRENCH,92,Sens des mots,Vocabulaire,"Langue (grammaire, conjugaison, orthographe, vocabulaire)",REVIEW
2329,FRENCH,92,Sens des mots,Vocabulaire,"Langue (grammaire, conjugaison, orthographe, vocabulaire)",REVIEW
2330,FRENCH,92,Sens des mots,Vocabulaire,"Langue (grammaire, conjugaison, orthographe, vocabulaire)",REVIEW
2331,FRENCH,92,Sens des mots,Vocabulaire,"Langue (grammaire, conjugaison, orthographe, vocabulaire)",REVIEW
2332,FRENCH,92,Sens des mots,Vocabulaire,"Langue (grammaire, conjugaison, orthographe, vocabulaire)",REVIEW
2333,FRENCH,92,Sens des mots,Vocabulaire,"Langue (grammaire, conjugaison, orthographe, vocabulaire)",REVIEW
2334,MATHEMATICS,146,Calculer des aires,Aires et volumes,Grandeurs et mesures,REVIEW
2334,MATHEMATICS,107,Comparer et ordonner,Nombres relatifs et rationnels,Nombres et calculs,REVIEW
2335,MATHEMATICS,107,Comparer et ordonner,Nombres relatifs et rationnels,Nombres et calculs,REVIEW
2336,MATHEMATICS,107,Comparer et ordonner,Nombres relatifs et rationnels,Nombres et calculs,REVIEW
2337,MATHEMATICS,136,Vocabulaire des probabilités,Probabilités,"Organisation et gestion de données, fonctions",REVIEW
2338,MATHEMATICS,146,Calculer des aires,Aires et volumes,Grandeurs et mesures,REVIEW
2339,MATHEMATICS,146,Calculer des aires,Aires et volumes,Grandeurs et mesures,REVIEW
2340,MATHEMATICS,146,Calculer des aires,Aires et volumes,Grandeurs et mesures,REVIEW
2341,MATHEMATICS,146,Calculer des aires,Aires et volumes,Grandeurs et mesures,REVIEW
2342,MATHEMATICS,146,Calculer des aires,Aires et volumes,Grandeurs et mesures,REVIEW
2343,MATHEMATICS,146,Calculer des aires,Aires et volumes,Grandeurs et mesures,REVIEW
2344,MATHEMATICS,107,Comparer et ordonner,Nombres relatifs et rationnels,Nombres et calculs,REVIEW
2345,MATHEMATICS,107,Comparer et ordonner,Nombres relatifs et rationnels,Nombres et calculs,REVIEW
2346,MATHEMATICS,107,Comparer et ordonner,Nombres relatifs et rationnels,Nombres et calculs,REVIEW
2347,MATHEMATICS,107,Comparer et ordonner,Nombres relatifs et rationnels,Nombres et calculs,REVIEW
2348,MATHEMATICS,141,Fonctions linéaires,Fonctions linéaires et affines,"Organisation et gestion de données, fonctions",REVIEW
2349,MATHEMATICS,141,Fonctions linéaires,Fonctions linéaires et affines,"Organisation et gestion de données, fonctions",REVIEW
2350,MATHEMATICS,124,Équations du premier degré,Équations,Nombres et calculs,REVIEW
2351,MATHEMATICS,107,Comparer et ordonner,Nombres relatifs et rationnels,Nombres et calculs,REVIEW
2352,MATHEMATICS,107,Comparer et ordonner,Nombres relatifs et rationnels,Nombres et calculs,REVIEW
2353,MATHEMATICS,141,Fonctions linéaires,Fonctions linéaires et affines,"Organisation et gestion de données, fonctions",REVIEW
2354,MATHEMATICS,107,Comparer et ordonner,Nombres relatifs et rationnels,Nombres et calculs,REVIEW
2355,MATHEMATICS,107,Comparer et ordonner,Nombres relatifs et rationnels,Nombres et calculs,REVIEW
2356,MATHEMATICS,107,Comparer et ordonner,Nombres relatifs et rationnels,Nombres et calculs,REVIEW
2357,MATHEMATICS,107,Comparer et ordonner,Nombres relatifs et rationnels,Nombres et calculs,REVIEW
2358,MATHEMATICS,107,Comparer et ordonner,Nombres relatifs et rationnels,Nombres et calculs,REVIEW
2359,MATHEMATICS,107,Comparer et ordonner,Nombres relatifs et rationnels,Nombres et calculs,REVIEW
2360,FRENCH,84,Classes grammaticales,Grammaire et syntaxe,"Langue (grammaire, conjugaison, orthographe, vocabulaire)",REVIEW
2360,FRENCH,92,Sens des mots,Vocabulaire,"Langue (grammaire, conjugaison, orthographe, vocabulaire)",REVIEW
2361,FRENCH,105,Traiter le sujet,Rédaction DNB,Formats d'épreuve DNB,REVIEW
2361,FRENCH,103,Questions de compréhension,Compréhension et compétences linguistiques (DNB),Formats d'épreuve DNB,REVIEW
2362,FRENCH,105,Traiter le sujet,Rédaction DNB,Formats d'épreuve DNB,REVIEW
2362,FRENCH,103,Questions de compréhension,Compréhension et compétences linguistiques (DNB),Formats d'épreuve DNB,REVIEW
2363,FRENCH,105,Traiter le sujet,Rédaction DNB,Formats d'épreuve DNB,REVIEW
2363,FRENCH,103,Questions de compréhension,Compréhension et compétences linguistiques (DNB),Formats d'épreuve DNB,REVIEW
2364,FRENCH,105,Traiter le sujet,Rédaction DNB,Formats d'épreuve DNB,REVIEW
2364,FRENCH,103,Questions de compréhension,Compréhension et compétences linguistiques (DNB),Formats d'épreuve DNB,REVIEW
2365,FRENCH,105,Traiter le sujet,Rédaction DNB,Formats d'épreuve DNB,REVIEW
2365,FRENCH,103,Questions de compréhension,Compréhension et compétences linguistiques (DNB),Formats d'épreuve DNB,REVIEW
2366,FRENCH,105,Traiter le sujet,Rédaction DNB,Formats d'épreuve DNB,REVIEW
2366,FRENCH,103,Questions de compréhension,Compréhension et compétences linguistiques (DNB),Formats d'épreuve DNB,REVIEW
2367,FRENCH,105,Traiter le sujet,Rédaction DNB,Formats d'épreuve DNB,REVIEW
2367,FRENCH,103,Questions de compréhension,Compréhension et compétences linguistiques (DNB),Formats d'épreuve DNB,REVIEW
2368,FRENCH,105,Traiter le sujet,Rédaction DNB,Formats d'épreuve DNB,REVIEW
2368,FRENCH,103,Questions de compréhension,Compréhension et compétences linguistiques (DNB),Formats d'épreuve DNB,REVIEW
2369,FRENCH,105,Traiter le sujet,Rédaction DNB,Formats d'épreuve DNB,REVIEW
2369,FRENCH,103,Questions de compréhension,Compréhension et compétences linguistiques (DNB),Formats d'épreuve DNB,REVIEW
2370,FRENCH,105,Traiter le sujet,Rédaction DNB,Formats d'épreuve DNB,REVIEW
2370,FRENCH,103,Questions de compréhension,Compréhension et compétences linguistiques (DNB),Formats d'épreuve DNB,REVIEW
2371,FRENCH,89,Orthographe lexicale,Orthographe et accords,"Langue (grammaire, conjugaison, orthographe, vocabulaire)",REVIEW
2371,FRENCH,103,Questions de compréhension,Compréhension et compétences linguistiques (DNB),Formats d'épreuve DNB,REVIEW
2372,FRENCH,89,Orthographe lexicale,Orthographe et accords,"Langue (grammaire, conjugaison, orthographe, vocabulaire)",REVIEW
2372,FRENCH,103,Questions de compréhension,Compréhension et compétences linguistiques (DNB),Formats d'épreuve DNB,REVIEW
2373,FRENCH,89,Orthographe lexicale,Orthographe et accords,"Langue (grammaire, conjugaison, orthographe, vocabulaire)",REVIEW
2373,FRENCH,103,Questions de compréhension,Compréhension et compétences linguistiques (DNB),Formats d'épreuve DNB,REVIEW
2374,FRENCH,89,Orthographe lexicale,Orthographe et accords,"Langue (grammaire, conjugaison, orthographe, vocabulaire)",REVIEW
2374,FRENCH,103,Questions de compréhension,Compréhension et compétences linguistiques (DNB),Formats d'épreuve DNB,REVIEW
2375,FRENCH,89,Orthographe lexicale,Orthographe et accords,"Langue (grammaire, conjugaison, orthographe, vocabulaire)",REVIEW
2375,FRENCH,21,Orthographe,Orthographe,Français — programme 3e,REVIEW
2376,FRENCH,89,Orthographe lexicale,Orthographe et accords,"Langue (grammaire, conjugaison, orthographe, vocabulaire)",REVIEW
2376,FRENCH,103,Questions de compréhension,Compréhension et compétences linguistiques (DNB),Formats d'épreuve DNB,REVIEW
2377,FRENCH,89,Orthographe lexicale,Orthographe et accords,"Langue (grammaire, conjugaison, orthographe, vocabulaire)",REVIEW
2377,FRENCH,103,Questions de compréhension,Compréhension et compétences linguistiques (DNB),Formats d'épreuve DNB,REVIEW
2378,FRENCH,89,Orthographe lexicale,Orthographe et accords,"Langue (grammaire, conjugaison, orthographe, vocabulaire)",REVIEW
2378,FRENCH,103,Questions de compréhension,Compréhension et compétences linguistiques (DNB),Formats d'épreuve DNB,REVIEW
2379,FRENCH,89,Orthographe lexicale,Orthographe et accords,"Langue (grammaire, conjugaison, orthographe, vocabulaire)",REVIEW
2379,FRENCH,103,Questions de compréhension,Compréhension et compétences linguistiques (DNB),Formats d'épreuve DNB,REVIEW
2380,FRENCH,103,Questions de compréhension,Compréhension et compétences linguistiques (DNB),Formats d'épreuve DNB,REVIEW
2380,FRENCH,89,Orthographe lexicale,Orthographe et accords,"Langue (grammaire, conjugaison, orthographe, vocabulaire)",REVIEW
2381,FRENCH,103,Questions de compréhension,Compréhension et compétences linguistiques (DNB),Formats d'épreuve DNB,REVIEW
2381,FRENCH,89,Orthographe lexicale,Orthographe et accords,"Langue (grammaire, conjugaison, orthographe, vocabulaire)",REVIEW
2382,FRENCH,103,Questions de compréhension,Compréhension et compétences linguistiques (DNB),Formats d'épreuve DNB,REVIEW
2382,FRENCH,89,Orthographe lexicale,Orthographe et accords,"Langue (grammaire, conjugaison, orthographe, vocabulaire)",REVIEW
2383,FRENCH,103,Questions de compréhension,Compréhension et compétences linguistiques (DNB),Formats d'épreuve DNB,REVIEW
2383,FRENCH,89,Orthographe lexicale,Orthographe et accords,"Langue (grammaire, conjugaison, orthographe, vocabulaire)",REVIEW
2384,FRENCH,103,Questions de compréhension,Compréhension et compétences linguistiques (DNB),Formats d'épreuve DNB,REVIEW
2384,FRENCH,89,Orthographe lexicale,Orthographe et accords,"Langue (grammaire, conjugaison, orthographe, vocabulaire)",REVIEW
2385,FRENCH,103,Questions de compréhension,Compréhension et compétences linguistiques (DNB),Formats d'épreuve DNB,REVIEW
2385,FRENCH,89,Orthographe lexicale,Orthographe et accords,"Langue (grammaire, conjugaison, orthographe, vocabulaire)",REVIEW
2386,FRENCH,103,Questions de compréhension,Compréhension et compétences linguistiques (DNB),Formats d'épreuve DNB,REVIEW
2386,FRENCH,89,Orthographe lexicale,Orthographe et accords,"Langue (grammaire, conjugaison, orthographe, vocabulaire)",REVIEW
2387,FRENCH,103,Questions de compréhension,Compréhension et compétences linguistiques (DNB),Formats d'épreuve DNB,REVIEW
2387,FRENCH,89,Orthographe lexicale,Orthographe et accords,"Langue (grammaire, conjugaison, orthographe, vocabulaire)",REVIEW
2388,FRENCH,103,Questions de compréhension,Compréhension et compétences linguistiques (DNB),Formats d'épreuve DNB,REVIEW
2388,FRENCH,89,Orthographe lexicale,Orthographe et accords,"Langue (grammaire, conjugaison, orthographe, vocabulaire)",REVIEW
2389,FRENCH,103,Questions de compréhension,Compréhension et compétences linguistiques (DNB),Formats d'épreuve DNB,REVIEW
2389,FRENCH,89,Orthographe lexicale,Orthographe et accords,"Langue (grammaire, conjugaison, orthographe, vocabulaire)",REVIEW
2390,FRENCH,103,Questions de compréhension,Compréhension et compétences linguistiques (DNB),Formats d'épreuve DNB,REVIEW
2390,FRENCH,89,Orthographe lexicale,Orthographe et accords,"Langue (grammaire, conjugaison, orthographe, vocabulaire)",REVIEW
2391,FRENCH,103,Questions de compréhension,Compréhension et compétences linguistiques (DNB),Formats d'épreuve DNB,REVIEW
2391,FRENCH,89,Orthographe lexicale,Orthographe et accords,"Langue (grammaire, conjugaison, orthographe, vocabulaire)",REVIEW
2392,FRENCH,103,Questions de compréhension,Compréhension et compétences linguistiques (DNB),Formats d'épreuve DNB,REVIEW
2392,FRENCH,89,Orthographe lexicale,Orthographe et accords,"Langue (grammaire, conjugaison, orthographe, vocabulaire)",REVIEW
2393,FRENCH,105,Traiter le sujet,Rédaction DNB,Formats d'épreuve DNB,REVIEW
2393,FRENCH,92,Sens des mots,Vocabulaire,"Langue (grammaire, conjugaison, orthographe, vocabulaire)",REVIEW
2394,FRENCH,92,Sens des mots,Vocabulaire,"Langue (grammaire, conjugaison, orthographe, vocabulaire)",REVIEW
2395,FRENCH,84,Classes grammaticales,Grammaire et syntaxe,"Langue (grammaire, conjugaison, orthographe, vocabulaire)",REVIEW
2396,FRENCH,105,Traiter le sujet,Rédaction DNB,Formats d'épreuve DNB,REVIEW
2396,FRENCH,92,Sens des mots,Vocabulaire,"Langue (grammaire, conjugaison, orthographe, vocabulaire)",REVIEW
2397,FRENCH,84,Classes grammaticales,Grammaire et syntaxe,"Langue (grammaire, conjugaison, orthographe, vocabulaire)",REVIEW
2398,FRENCH,84,Classes grammaticales,Grammaire et syntaxe,"Langue (grammaire, conjugaison, orthographe, vocabulaire)",REVIEW
2399,FRENCH,84,Classes grammaticales,Grammaire et syntaxe,"Langue (grammaire, conjugaison, orthographe, vocabulaire)",REVIEW
2400,FRENCH,92,Sens des mots,Vocabulaire,"Langue (grammaire, conjugaison, orthographe, vocabulaire)",REVIEW
2401,FRENCH,84,Classes grammaticales,Grammaire et syntaxe,"Langue (grammaire, conjugaison, orthographe, vocabulaire)",REVIEW
2402,FRENCH,92,Sens des mots,Vocabulaire,"Langue (grammaire, conjugaison, orthographe, vocabulaire)",REVIEW
2403,FRENCH,92,Sens des mots,Vocabulaire,"Langue (grammaire, conjugaison, orthographe, vocabulaire)",REVIEW
2404,FRENCH,92,Sens des mots,Vocabulaire,"Langue (grammaire, conjugaison, orthographe, vocabulaire)",REVIEW
2405,FRENCH,92,Sens des mots,Vocabulaire,"Langue (grammaire, conjugaison, orthographe, vocabulaire)",REVIEW
2406,FRENCH,92,Sens des mots,Vocabulaire,"Langue (grammaire, conjugaison, orthographe, vocabulaire)",REVIEW
2407,FRENCH,79,Repérer des informations explicites,Compréhension de textes,Lecture et compréhension,REVIEW
2408,FRENCH,79,Repérer des informations explicites,Compréhension de textes,Lecture et compréhension,REVIEW
2409,FRENCH,79,Repérer des informations explicites,Compréhension de textes,Lecture et compréhension,REVIEW
2410,FRENCH,79,Repérer des informations explicites,Compréhension de textes,Lecture et compréhension,REVIEW
2411,FRENCH,79,Repérer des informations explicites,Compréhension de textes,Lecture et compréhension,REVIEW
2412,FRENCH,79,Repérer des informations explicites,Compréhension de textes,Lecture et compréhension,REVIEW
2413,FRENCH,79,Repérer des informations explicites,Compréhension de textes,Lecture et compréhension,REVIEW
2414,FRENCH,92,Sens des mots,Vocabulaire,"Langue (grammaire, conjugaison, orthographe, vocabulaire)",REVIEW
2415,FRENCH,92,Sens des mots,Vocabulaire,"Langue (grammaire, conjugaison, orthographe, vocabulaire)",REVIEW
2416,FRENCH,92,Sens des mots,Vocabulaire,"Langue (grammaire, conjugaison, orthographe, vocabulaire)",REVIEW
2417,FRENCH,92,Sens des mots,Vocabulaire,"Langue (grammaire, conjugaison, orthographe, vocabulaire)",REVIEW
2418,FRENCH,105,Traiter le sujet,Rédaction DNB,Formats d'épreuve DNB,REVIEW
2418,FRENCH,103,Questions de compréhension,Compréhension et compétences linguistiques (DNB),Formats d'épreuve DNB,REVIEW
2419,FRENCH,105,Traiter le sujet,Rédaction DNB,Formats d'épreuve DNB,REVIEW
2419,FRENCH,103,Questions de compréhension,Compréhension et compétences linguistiques (DNB),Formats d'épreuve DNB,REVIEW
2420,FRENCH,105,Traiter le sujet,Rédaction DNB,Formats d'épreuve DNB,REVIEW
2420,FRENCH,103,Questions de compréhension,Compréhension et compétences linguistiques (DNB),Formats d'épreuve DNB,REVIEW
2421,FRENCH,105,Traiter le sujet,Rédaction DNB,Formats d'épreuve DNB,REVIEW
2421,FRENCH,103,Questions de compréhension,Compréhension et compétences linguistiques (DNB),Formats d'épreuve DNB,REVIEW
2422,FRENCH,105,Traiter le sujet,Rédaction DNB,Formats d'épreuve DNB,REVIEW
2422,FRENCH,103,Questions de compréhension,Compréhension et compétences linguistiques (DNB),Formats d'épreuve DNB,REVIEW
2423,FRENCH,105,Traiter le sujet,Rédaction DNB,Formats d'épreuve DNB,REVIEW
2423,FRENCH,103,Questions de compréhension,Compréhension et compétences linguistiques (DNB),Formats d'épreuve DNB,REVIEW
2424,FRENCH,105,Traiter le sujet,Rédaction DNB,Formats d'épreuve DNB,REVIEW
2424,FRENCH,103,Questions de compréhension,Compréhension et compétences linguistiques (DNB),Formats d'épreuve DNB,REVIEW
2425,FRENCH,105,Traiter le sujet,Rédaction DNB,Formats d'épreuve DNB,REVIEW
2425,FRENCH,103,Questions de compréhension,Compréhension et compétences linguistiques (DNB),Formats d'épreuve DNB,REVIEW
2426,FRENCH,105,Traiter le sujet,Rédaction DNB,Formats d'épreuve DNB,REVIEW
2426,FRENCH,103,Questions de compréhension,Compréhension et compétences linguistiques (DNB),Formats d'épreuve DNB,REVIEW
2427,FRENCH,105,Traiter le sujet,Rédaction DNB,Formats d'épreuve DNB,REVIEW
2427,FRENCH,103,Questions de compréhension,Compréhension et compétences linguistiques (DNB),Formats d'épreuve DNB,REVIEW
2428,FRENCH,105,Traiter le sujet,Rédaction DNB,Formats d'épreuve DNB,REVIEW
2428,FRENCH,103,Questions de compréhension,Compréhension et compétences linguistiques (DNB),Formats d'épreuve DNB,REVIEW
2429,FRENCH,105,Traiter le sujet,Rédaction DNB,Formats d'épreuve DNB,REVIEW
2429,FRENCH,103,Questions de compréhension,Compréhension et compétences linguistiques (DNB),Formats d'épreuve DNB,REVIEW
2430,FRENCH,105,Traiter le sujet,Rédaction DNB,Formats d'épreuve DNB,REVIEW
2430,FRENCH,103,Questions de compréhension,Compréhension et compétences linguistiques (DNB),Formats d'épreuve DNB,REVIEW
2431,FRENCH,105,Traiter le sujet,Rédaction DNB,Formats d'épreuve DNB,REVIEW
2431,FRENCH,103,Questions de compréhension,Compréhension et compétences linguistiques (DNB),Formats d'épreuve DNB,REVIEW
2432,FRENCH,105,Traiter le sujet,Rédaction DNB,Formats d'épreuve DNB,REVIEW
2432,FRENCH,103,Questions de compréhension,Compréhension et compétences linguistiques (DNB),Formats d'épreuve DNB,REVIEW
2433,FRENCH,105,Traiter le sujet,Rédaction DNB,Formats d'épreuve DNB,REVIEW
2433,FRENCH,103,Questions de compréhension,Compréhension et compétences linguistiques (DNB),Formats d'épreuve DNB,REVIEW
2434,FRENCH,105,Traiter le sujet,Rédaction DNB,Formats d'épreuve DNB,REVIEW
2434,FRENCH,103,Questions de compréhension,Compréhension et compétences linguistiques (DNB),Formats d'épreuve DNB,REVIEW
2435,FRENCH,105,Traiter le sujet,Rédaction DNB,Formats d'épreuve DNB,REVIEW
2435,FRENCH,103,Questions de compréhension,Compréhension et compétences linguistiques (DNB),Formats d'épreuve DNB,REVIEW
2436,FRENCH,105,Traiter le sujet,Rédaction DNB,Formats d'épreuve DNB,REVIEW
2436,FRENCH,103,Questions de compréhension,Compréhension et compétences linguistiques (DNB),Formats d'épreuve DNB,REVIEW
2437,FRENCH,105,Traiter le sujet,Rédaction DNB,Formats d'épreuve DNB,REVIEW
2437,FRENCH,103,Questions de compréhension,Compréhension et compétences linguistiques (DNB),Formats d'épreuve DNB,REVIEW
2438,FRENCH,105,Traiter le sujet,Rédaction DNB,Formats d'épreuve DNB,REVIEW
2438,FRENCH,103,Questions de compréhension,Compréhension et compétences linguistiques (DNB),Formats d'épreuve DNB,REVIEW
2439,FRENCH,105,Traiter le sujet,Rédaction DNB,Formats d'épreuve DNB,REVIEW
2439,FRENCH,103,Questions de compréhension,Compréhension et compétences linguistiques (DNB),Formats d'épreuve DNB,REVIEW
2440,FRENCH,105,Traiter le sujet,Rédaction DNB,Formats d'épreuve DNB,REVIEW
2440,FRENCH,103,Questions de compréhension,Compréhension et compétences linguistiques (DNB),Formats d'épreuve DNB,REVIEW
2441,FRENCH,105,Traiter le sujet,Rédaction DNB,Formats d'épreuve DNB,REVIEW
2441,FRENCH,103,Questions de compréhension,Compréhension et compétences linguistiques (DNB),Formats d'épreuve DNB,REVIEW
2442,FRENCH,105,Traiter le sujet,Rédaction DNB,Formats d'épreuve DNB,REVIEW
2442,FRENCH,92,Sens des mots,Vocabulaire,"Langue (grammaire, conjugaison, orthographe, vocabulaire)",REVIEW
2443,FRENCH,89,Orthographe lexicale,Orthographe et accords,"Langue (grammaire, conjugaison, orthographe, vocabulaire)",REVIEW
2443,FRENCH,21,Orthographe,Orthographe,Français — programme 3e,REVIEW
2444,FRENCH,89,Orthographe lexicale,Orthographe et accords,"Langue (grammaire, conjugaison, orthographe, vocabulaire)",REVIEW
2444,FRENCH,103,Questions de compréhension,Compréhension et compétences linguistiques (DNB),Formats d'épreuve DNB,REVIEW
2445,FRENCH,89,Orthographe lexicale,Orthographe et accords,"Langue (grammaire, conjugaison, orthographe, vocabulaire)",REVIEW
2445,FRENCH,103,Questions de compréhension,Compréhension et compétences linguistiques (DNB),Formats d'épreuve DNB,REVIEW
2446,FRENCH,89,Orthographe lexicale,Orthographe et accords,"Langue (grammaire, conjugaison, orthographe, vocabulaire)",REVIEW
2446,FRENCH,103,Questions de compréhension,Compréhension et compétences linguistiques (DNB),Formats d'épreuve DNB,REVIEW
2447,FRENCH,89,Orthographe lexicale,Orthographe et accords,"Langue (grammaire, conjugaison, orthographe, vocabulaire)",REVIEW
2447,FRENCH,103,Questions de compréhension,Compréhension et compétences linguistiques (DNB),Formats d'épreuve DNB,REVIEW
2448,FRENCH,89,Orthographe lexicale,Orthographe et accords,"Langue (grammaire, conjugaison, orthographe, vocabulaire)",REVIEW
2448,FRENCH,103,Questions de compréhension,Compréhension et compétences linguistiques (DNB),Formats d'épreuve DNB,REVIEW
2449,FRENCH,89,Orthographe lexicale,Orthographe et accords,"Langue (grammaire, conjugaison, orthographe, vocabulaire)",REVIEW
2449,FRENCH,103,Questions de compréhension,Compréhension et compétences linguistiques (DNB),Formats d'épreuve DNB,REVIEW
2450,FRENCH,105,Traiter le sujet,Rédaction DNB,Formats d'épreuve DNB,REVIEW
2450,FRENCH,92,Sens des mots,Vocabulaire,"Langue (grammaire, conjugaison, orthographe, vocabulaire)",REVIEW
2451,FRENCH,89,Orthographe lexicale,Orthographe et accords,"Langue (grammaire, conjugaison, orthographe, vocabulaire)",REVIEW
2451,FRENCH,21,Orthographe,Orthographe,Français — programme 3e,REVIEW
2452,FRENCH,103,Questions de compréhension,Compréhension et compétences linguistiques (DNB),Formats d'épreuve DNB,REVIEW
2452,FRENCH,89,Orthographe lexicale,Orthographe et accords,"Langue (grammaire, conjugaison, orthographe, vocabulaire)",REVIEW
2453,FRENCH,103,Questions de compréhension,Compréhension et compétences linguistiques (DNB),Formats d'épreuve DNB,REVIEW
2453,FRENCH,89,Orthographe lexicale,Orthographe et accords,"Langue (grammaire, conjugaison, orthographe, vocabulaire)",REVIEW
2454,FRENCH,103,Questions de compréhension,Compréhension et compétences linguistiques (DNB),Formats d'épreuve DNB,REVIEW
2454,FRENCH,89,Orthographe lexicale,Orthographe et accords,"Langue (grammaire, conjugaison, orthographe, vocabulaire)",REVIEW
2455,FRENCH,103,Questions de compréhension,Compréhension et compétences linguistiques (DNB),Formats d'épreuve DNB,REVIEW
2455,FRENCH,89,Orthographe lexicale,Orthographe et accords,"Langue (grammaire, conjugaison, orthographe, vocabulaire)",REVIEW
2456,FRENCH,103,Questions de compréhension,Compréhension et compétences linguistiques (DNB),Formats d'épreuve DNB,REVIEW
2456,FRENCH,89,Orthographe lexicale,Orthographe et accords,"Langue (grammaire, conjugaison, orthographe, vocabulaire)",REVIEW
2457,FRENCH,103,Questions de compréhension,Compréhension et compétences linguistiques (DNB),Formats d'épreuve DNB,REVIEW
2457,FRENCH,82,Procédés d'écriture,Interprétation et analyse,Lecture et compréhension,REVIEW
2458,FRENCH,103,Questions de compréhension,Compréhension et compétences linguistiques (DNB),Formats d'épreuve DNB,REVIEW
2458,FRENCH,82,Procédés d'écriture,Interprétation et analyse,Lecture et compréhension,REVIEW
2459,FRENCH,103,Questions de compréhension,Compréhension et compétences linguistiques (DNB),Formats d'épreuve DNB,REVIEW
2459,FRENCH,89,Orthographe lexicale,Orthographe et accords,"Langue (grammaire, conjugaison, orthographe, vocabulaire)",REVIEW
2460,FRENCH,103,Questions de compréhension,Compréhension et compétences linguistiques (DNB),Formats d'épreuve DNB,REVIEW
2460,FRENCH,89,Orthographe lexicale,Orthographe et accords,"Langue (grammaire, conjugaison, orthographe, vocabulaire)",REVIEW
2461,FRENCH,103,Questions de compréhension,Compréhension et compétences linguistiques (DNB),Formats d'épreuve DNB,REVIEW
2461,FRENCH,89,Orthographe lexicale,Orthographe et accords,"Langue (grammaire, conjugaison, orthographe, vocabulaire)",REVIEW
2462,FRENCH,103,Questions de compréhension,Compréhension et compétences linguistiques (DNB),Formats d'épreuve DNB,REVIEW
2462,FRENCH,89,Orthographe lexicale,Orthographe et accords,"Langue (grammaire, conjugaison, orthographe, vocabulaire)",REVIEW
2463,FRENCH,103,Questions de compréhension,Compréhension et compétences linguistiques (DNB),Formats d'épreuve DNB,REVIEW
2463,FRENCH,89,Orthographe lexicale,Orthographe et accords,"Langue (grammaire, conjugaison, orthographe, vocabulaire)",REVIEW
2464,FRENCH,103,Questions de compréhension,Compréhension et compétences linguistiques (DNB),Formats d'épreuve DNB,REVIEW
2464,FRENCH,89,Orthographe lexicale,Orthographe et accords,"Langue (grammaire, conjugaison, orthographe, vocabulaire)",REVIEW
2465,FRENCH,103,Questions de compréhension,Compréhension et compétences linguistiques (DNB),Formats d'épreuve DNB,REVIEW
2465,FRENCH,89,Orthographe lexicale,Orthographe et accords,"Langue (grammaire, conjugaison, orthographe, vocabulaire)",REVIEW
2466,FRENCH,103,Questions de compréhension,Compréhension et compétences linguistiques (DNB),Formats d'épreuve DNB,REVIEW
2466,FRENCH,89,Orthographe lexicale,Orthographe et accords,"Langue (grammaire, conjugaison, orthographe, vocabulaire)",REVIEW
2467,FRENCH,103,Questions de compréhension,Compréhension et compétences linguistiques (DNB),Formats d'épreuve DNB,REVIEW
2467,FRENCH,89,Orthographe lexicale,Orthographe et accords,"Langue (grammaire, conjugaison, orthographe, vocabulaire)",REVIEW
2468,FRENCH,103,Questions de compréhension,Compréhension et compétences linguistiques (DNB),Formats d'épreuve DNB,REVIEW
2468,FRENCH,89,Orthographe lexicale,Orthographe et accords,"Langue (grammaire, conjugaison, orthographe, vocabulaire)",REVIEW
2469,FRENCH,103,Questions de compréhension,Compréhension et compétences linguistiques (DNB),Formats d'épreuve DNB,REVIEW
2469,FRENCH,89,Orthographe lexicale,Orthographe et accords,"Langue (grammaire, conjugaison, orthographe, vocabulaire)",REVIEW
2470,FRENCH,103,Questions de compréhension,Compréhension et compétences linguistiques (DNB),Formats d'épreuve DNB,REVIEW
2470,FRENCH,89,Orthographe lexicale,Orthographe et accords,"Langue (grammaire, conjugaison, orthographe, vocabulaire)",REVIEW
2471,FRENCH,103,Questions de compréhension,Compréhension et compétences linguistiques (DNB),Formats d'épreuve DNB,REVIEW
2471,FRENCH,89,Orthographe lexicale,Orthographe et accords,"Langue (grammaire, conjugaison, orthographe, vocabulaire)",REVIEW
2472,FRENCH,103,Questions de compréhension,Compréhension et compétences linguistiques (DNB),Formats d'épreuve DNB,REVIEW
2472,FRENCH,89,Orthographe lexicale,Orthographe et accords,"Langue (grammaire, conjugaison, orthographe, vocabulaire)",REVIEW
2473,FRENCH,103,Questions de compréhension,Compréhension et compétences linguistiques (DNB),Formats d'épreuve DNB,REVIEW
2473,FRENCH,89,Orthographe lexicale,Orthographe et accords,"Langue (grammaire, conjugaison, orthographe, vocabulaire)",REVIEW
2474,FRENCH,103,Questions de compréhension,Compréhension et compétences linguistiques (DNB),Formats d'épreuve DNB,REVIEW
2474,FRENCH,89,Orthographe lexicale,Orthographe et accords,"Langue (grammaire, conjugaison, orthographe, vocabulaire)",REVIEW
2475,MATHEMATICS,146,Calculer des aires,Aires et volumes,Grandeurs et mesures,REVIEW
2475,MATHEMATICS,121,Développer,"Développement, réduction et factorisation",Nombres et calculs,REVIEW
2476,MATHEMATICS,146,Calculer des aires,Aires et volumes,Grandeurs et mesures,REVIEW
2476,MATHEMATICS,121,Développer,"Développement, réduction et factorisation",Nombres et calculs,REVIEW
2477,MATHEMATICS,146,Calculer des aires,Aires et volumes,Grandeurs et mesures,REVIEW
2477,MATHEMATICS,121,Développer,"Développement, réduction et factorisation",Nombres et calculs,REVIEW
2478,MATHEMATICS,146,Calculer des aires,Aires et volumes,Grandeurs et mesures,REVIEW
2478,MATHEMATICS,121,Développer,"Développement, réduction et factorisation",Nombres et calculs,REVIEW
2479,MATHEMATICS,146,Calculer des aires,Aires et volumes,Grandeurs et mesures,REVIEW
2479,MATHEMATICS,121,Développer,"Développement, réduction et factorisation",Nombres et calculs,REVIEW
2480,MATHEMATICS,146,Calculer des aires,Aires et volumes,Grandeurs et mesures,REVIEW
2480,MATHEMATICS,121,Développer,"Développement, réduction et factorisation",Nombres et calculs,REVIEW
2481,MATHEMATICS,146,Calculer des aires,Aires et volumes,Grandeurs et mesures,REVIEW
2481,MATHEMATICS,121,Développer,"Développement, réduction et factorisation",Nombres et calculs,REVIEW
2482,MATHEMATICS,146,Calculer des aires,Aires et volumes,Grandeurs et mesures,REVIEW
2482,MATHEMATICS,121,Développer,"Développement, réduction et factorisation",Nombres et calculs,REVIEW
2483,FRENCH,103,Questions de compréhension,Compréhension et compétences linguistiques (DNB),Formats d'épreuve DNB,REVIEW
2483,FRENCH,92,Sens des mots,Vocabulaire,"Langue (grammaire, conjugaison, orthographe, vocabulaire)",REVIEW
2484,FRENCH,103,Questions de compréhension,Compréhension et compétences linguistiques (DNB),Formats d'épreuve DNB,REVIEW
2484,FRENCH,92,Sens des mots,Vocabulaire,"Langue (grammaire, conjugaison, orthographe, vocabulaire)",REVIEW
2485,FRENCH,103,Questions de compréhension,Compréhension et compétences linguistiques (DNB),Formats d'épreuve DNB,REVIEW
2485,FRENCH,92,Sens des mots,Vocabulaire,"Langue (grammaire, conjugaison, orthographe, vocabulaire)",REVIEW
2486,FRENCH,103,Questions de compréhension,Compréhension et compétences linguistiques (DNB),Formats d'épreuve DNB,REVIEW
2486,FRENCH,92,Sens des mots,Vocabulaire,"Langue (grammaire, conjugaison, orthographe, vocabulaire)",REVIEW
2487,FRENCH,103,Questions de compréhension,Compréhension et compétences linguistiques (DNB),Formats d'épreuve DNB,REVIEW
2487,FRENCH,92,Sens des mots,Vocabulaire,"Langue (grammaire, conjugaison, orthographe, vocabulaire)",REVIEW
2488,FRENCH,103,Questions de compréhension,Compréhension et compétences linguistiques (DNB),Formats d'épreuve DNB,REVIEW
2488,FRENCH,92,Sens des mots,Vocabulaire,"Langue (grammaire, conjugaison, orthographe, vocabulaire)",REVIEW
2489,FRENCH,103,Questions de compréhension,Compréhension et compétences linguistiques (DNB),Formats d'épreuve DNB,REVIEW
2489,FRENCH,92,Sens des mots,Vocabulaire,"Langue (grammaire, conjugaison, orthographe, vocabulaire)",REVIEW
2490,FRENCH,103,Questions de compréhension,Compréhension et compétences linguistiques (DNB),Formats d'épreuve DNB,REVIEW
2490,FRENCH,92,Sens des mots,Vocabulaire,"Langue (grammaire, conjugaison, orthographe, vocabulaire)",REVIEW
2491,FRENCH,103,Questions de compréhension,Compréhension et compétences linguistiques (DNB),Formats d'épreuve DNB,REVIEW
2491,FRENCH,92,Sens des mots,Vocabulaire,"Langue (grammaire, conjugaison, orthographe, vocabulaire)",REVIEW
2492,FRENCH,103,Questions de compréhension,Compréhension et compétences linguistiques (DNB),Formats d'épreuve DNB,REVIEW
2492,FRENCH,92,Sens des mots,Vocabulaire,"Langue (grammaire, conjugaison, orthographe, vocabulaire)",REVIEW
2493,FRENCH,103,Questions de compréhension,Compréhension et compétences linguistiques (DNB),Formats d'épreuve DNB,REVIEW
2493,FRENCH,92,Sens des mots,Vocabulaire,"Langue (grammaire, conjugaison, orthographe, vocabulaire)",REVIEW
2494,FRENCH,103,Questions de compréhension,Compréhension et compétences linguistiques (DNB),Formats d'épreuve DNB,REVIEW
2494,FRENCH,92,Sens des mots,Vocabulaire,"Langue (grammaire, conjugaison, orthographe, vocabulaire)",REVIEW
2495,FRENCH,103,Questions de compréhension,Compréhension et compétences linguistiques (DNB),Formats d'épreuve DNB,REVIEW
2495,FRENCH,92,Sens des mots,Vocabulaire,"Langue (grammaire, conjugaison, orthographe, vocabulaire)",REVIEW
2496,MATHEMATICS,146,Calculer des aires,Aires et volumes,Grandeurs et mesures,REVIEW
2497,MATHEMATICS,146,Calculer des aires,Aires et volumes,Grandeurs et mesures,REVIEW
2498,MATHEMATICS,146,Calculer des aires,Aires et volumes,Grandeurs et mesures,REVIEW
2498,MATHEMATICS,136,Vocabulaire des probabilités,Probabilités,"Organisation et gestion de données, fonctions",REVIEW
2499,MATHEMATICS,146,Calculer des aires,Aires et volumes,Grandeurs et mesures,REVIEW
2500,MATHEMATICS,146,Calculer des aires,Aires et volumes,Grandeurs et mesures,REVIEW
2500,MATHEMATICS,141,Fonctions linéaires,Fonctions linéaires et affines,"Organisation et gestion de données, fonctions",REVIEW
2501,MATHEMATICS,146,Calculer des aires,Aires et volumes,Grandeurs et mesures,REVIEW
2502,MATHEMATICS,146,Calculer des aires,Aires et volumes,Grandeurs et mesures,REVIEW
2503,MATHEMATICS,146,Calculer des aires,Aires et volumes,Grandeurs et mesures,REVIEW
2503,MATHEMATICS,121,Développer,"Développement, réduction et factorisation",Nombres et calculs,REVIEW
2504,MATHEMATICS,146,Calculer des aires,Aires et volumes,Grandeurs et mesures,REVIEW
2504,MATHEMATICS,121,Développer,"Développement, réduction et factorisation",Nombres et calculs,REVIEW
2505,MATHEMATICS,146,Calculer des aires,Aires et volumes,Grandeurs et mesures,REVIEW
2506,MATHEMATICS,146,Calculer des aires,Aires et volumes,Grandeurs et mesures,REVIEW
2506,MATHEMATICS,121,Développer,"Développement, réduction et factorisation",Nombres et calculs,REVIEW
2507,MATHEMATICS,146,Calculer des aires,Aires et volumes,Grandeurs et mesures,REVIEW
2507,MATHEMATICS,121,Développer,"Développement, réduction et factorisation",Nombres et calculs,REVIEW
2508,MATHEMATICS,146,Calculer des aires,Aires et volumes,Grandeurs et mesures,REVIEW
2508,MATHEMATICS,121,Développer,"Développement, réduction et factorisation",Nombres et calculs,REVIEW
2509,MATHEMATICS,146,Calculer des aires,Aires et volumes,Grandeurs et mesures,REVIEW
2510,MATHEMATICS,146,Calculer des aires,Aires et volumes,Grandeurs et mesures,REVIEW
2510,MATHEMATICS,121,Développer,"Développement, réduction et factorisation",Nombres et calculs,REVIEW
2511,MATHEMATICS,146,Calculer des aires,Aires et volumes,Grandeurs et mesures,REVIEW
2512,MATHEMATICS,146,Calculer des aires,Aires et volumes,Grandeurs et mesures,REVIEW
2513,MATHEMATICS,146,Calculer des aires,Aires et volumes,Grandeurs et mesures,REVIEW
2514,MATHEMATICS,121,Développer,"Développement, réduction et factorisation",Nombres et calculs,REVIEW
2515,MATHEMATICS,170,Variables et affectations,"Variables, conditions et boucles",Algorithmique et programmation,REVIEW
2516,MATHEMATICS,107,Comparer et ordonner,Nombres relatifs et rationnels,Nombres et calculs,REVIEW
2517,PHYSICS_CHEMISTRY,246,Décrire un mouvement,Mouvement et vitesse,Mouvements et interactions,REVIEW
2518,PHYSICS_CHEMISTRY,256,Propagation du son,Son et signaux sonores,Des signaux pour observer et communiquer,REVIEW
2519,FRENCH,92,Sens des mots,Vocabulaire,"Langue (grammaire, conjugaison, orthographe, vocabulaire)",REVIEW
2520,FRENCH,93,Formation des mots,Vocabulaire,"Langue (grammaire, conjugaison, orthographe, vocabulaire)",REVIEW
2521,FRENCH,93,Formation des mots,Vocabulaire,"Langue (grammaire, conjugaison, orthographe, vocabulaire)",REVIEW
2522,FRENCH,93,Formation des mots,Vocabulaire,"Langue (grammaire, conjugaison, orthographe, vocabulaire)",REVIEW
2523,FRENCH,93,Formation des mots,Vocabulaire,"Langue (grammaire, conjugaison, orthographe, vocabulaire)",REVIEW
2524,FRENCH,93,Formation des mots,Vocabulaire,"Langue (grammaire, conjugaison, orthographe, vocabulaire)",REVIEW
2525,FRENCH,79,Repérer des informations explicites,Compréhension de textes,Lecture et compréhension,REVIEW
2526,FRENCH,92,Sens des mots,Vocabulaire,"Langue (grammaire, conjugaison, orthographe, vocabulaire)",REVIEW
2527,FRENCH,92,Sens des mots,Vocabulaire,"Langue (grammaire, conjugaison, orthographe, vocabulaire)",REVIEW
2528,FRENCH,92,Sens des mots,Vocabulaire,"Langue (grammaire, conjugaison, orthographe, vocabulaire)",REVIEW
2529,FRENCH,92,Sens des mots,Vocabulaire,"Langue (grammaire, conjugaison, orthographe, vocabulaire)",REVIEW
2530,FRENCH,105,Traiter le sujet,Rédaction DNB,Formats d'épreuve DNB,REVIEW
2530,FRENCH,92,Sens des mots,Vocabulaire,"Langue (grammaire, conjugaison, orthographe, vocabulaire)",REVIEW
2531,MATHEMATICS,146,Calculer des aires,Aires et volumes,Grandeurs et mesures,REVIEW
2531,MATHEMATICS,136,Vocabulaire des probabilités,Probabilités,"Organisation et gestion de données, fonctions",REVIEW
2532,MATHEMATICS,121,Développer,"Développement, réduction et factorisation",Nombres et calculs,REVIEW
2533,MATHEMATICS,107,Comparer et ordonner,Nombres relatifs et rationnels,Nombres et calculs,REVIEW
2534,MATHEMATICS,107,Comparer et ordonner,Nombres relatifs et rationnels,Nombres et calculs,REVIEW
2535,MATHEMATICS,107,Comparer et ordonner,Nombres relatifs et rationnels,Nombres et calculs,REVIEW
2536,MATHEMATICS,146,Calculer des aires,Aires et volumes,Grandeurs et mesures,REVIEW
2537,MATHEMATICS,146,Calculer des aires,Aires et volumes,Grandeurs et mesures,REVIEW
2537,MATHEMATICS,121,Développer,"Développement, réduction et factorisation",Nombres et calculs,REVIEW
2538,MATHEMATICS,146,Calculer des aires,Aires et volumes,Grandeurs et mesures,REVIEW
2538,MATHEMATICS,121,Développer,"Développement, réduction et factorisation",Nombres et calculs,REVIEW
2539,MATHEMATICS,146,Calculer des aires,Aires et volumes,Grandeurs et mesures,REVIEW
2539,MATHEMATICS,121,Développer,"Développement, réduction et factorisation",Nombres et calculs,REVIEW
2540,MATHEMATICS,146,Calculer des aires,Aires et volumes,Grandeurs et mesures,REVIEW
2540,MATHEMATICS,121,Développer,"Développement, réduction et factorisation",Nombres et calculs,REVIEW
2541,MATHEMATICS,146,Calculer des aires,Aires et volumes,Grandeurs et mesures,REVIEW
2541,MATHEMATICS,121,Développer,"Développement, réduction et factorisation",Nombres et calculs,REVIEW
2542,MATHEMATICS,141,Fonctions linéaires,Fonctions linéaires et affines,"Organisation et gestion de données, fonctions",REVIEW
2542,MATHEMATICS,129,Reconnaître une situation de proportionnalité,Proportionnalité,"Organisation et gestion de données, fonctions",REVIEW
2543,MATHEMATICS,141,Fonctions linéaires,Fonctions linéaires et affines,"Organisation et gestion de données, fonctions",REVIEW
2544,MATHEMATICS,146,Calculer des aires,Aires et volumes,Grandeurs et mesures,REVIEW
2544,MATHEMATICS,141,Fonctions linéaires,Fonctions linéaires et affines,"Organisation et gestion de données, fonctions",REVIEW
2545,MATHEMATICS,141,Fonctions linéaires,Fonctions linéaires et affines,"Organisation et gestion de données, fonctions",REVIEW
2546,MATHEMATICS,141,Fonctions linéaires,Fonctions linéaires et affines,"Organisation et gestion de données, fonctions",REVIEW
2547,MATHEMATICS,141,Fonctions linéaires,Fonctions linéaires et affines,"Organisation et gestion de données, fonctions",REVIEW
2548,MATHEMATICS,141,Fonctions linéaires,Fonctions linéaires et affines,"Organisation et gestion de données, fonctions",REVIEW
2549,MATHEMATICS,107,Comparer et ordonner,Nombres relatifs et rationnels,Nombres et calculs,REVIEW
2550,MATHEMATICS,107,Comparer et ordonner,Nombres relatifs et rationnels,Nombres et calculs,REVIEW
2551,MATHEMATICS,107,Comparer et ordonner,Nombres relatifs et rationnels,Nombres et calculs,REVIEW
2552,MATHEMATICS,107,Comparer et ordonner,Nombres relatifs et rationnels,Nombres et calculs,REVIEW
2553,MATHEMATICS,107,Comparer et ordonner,Nombres relatifs et rationnels,Nombres et calculs,REVIEW
2554,MATHEMATICS,136,Vocabulaire des probabilités,Probabilités,"Organisation et gestion de données, fonctions",REVIEW
2555,MATHEMATICS,107,Comparer et ordonner,Nombres relatifs et rationnels,Nombres et calculs,REVIEW
2556,MATHEMATICS,121,Développer,"Développement, réduction et factorisation",Nombres et calculs,REVIEW
2557,MATHEMATICS,107,Comparer et ordonner,Nombres relatifs et rationnels,Nombres et calculs,REVIEW
2558,FRENCH,89,Orthographe lexicale,Orthographe et accords,"Langue (grammaire, conjugaison, orthographe, vocabulaire)",REVIEW
2558,FRENCH,103,Questions de compréhension,Compréhension et compétences linguistiques (DNB),Formats d'épreuve DNB,REVIEW
2559,FRENCH,89,Orthographe lexicale,Orthographe et accords,"Langue (grammaire, conjugaison, orthographe, vocabulaire)",REVIEW
2559,FRENCH,103,Questions de compréhension,Compréhension et compétences linguistiques (DNB),Formats d'épreuve DNB,REVIEW
2560,FRENCH,89,Orthographe lexicale,Orthographe et accords,"Langue (grammaire, conjugaison, orthographe, vocabulaire)",REVIEW
2560,FRENCH,103,Questions de compréhension,Compréhension et compétences linguistiques (DNB),Formats d'épreuve DNB,REVIEW
2561,FRENCH,105,Traiter le sujet,Rédaction DNB,Formats d'épreuve DNB,REVIEW
2561,FRENCH,103,Questions de compréhension,Compréhension et compétences linguistiques (DNB),Formats d'épreuve DNB,REVIEW
2562,FRENCH,105,Traiter le sujet,Rédaction DNB,Formats d'épreuve DNB,REVIEW
2562,FRENCH,103,Questions de compréhension,Compréhension et compétences linguistiques (DNB),Formats d'épreuve DNB,REVIEW
2563,FRENCH,105,Traiter le sujet,Rédaction DNB,Formats d'épreuve DNB,REVIEW
2563,FRENCH,103,Questions de compréhension,Compréhension et compétences linguistiques (DNB),Formats d'épreuve DNB,REVIEW
2564,FRENCH,105,Traiter le sujet,Rédaction DNB,Formats d'épreuve DNB,REVIEW
2564,FRENCH,103,Questions de compréhension,Compréhension et compétences linguistiques (DNB),Formats d'épreuve DNB,REVIEW
2565,FRENCH,105,Traiter le sujet,Rédaction DNB,Formats d'épreuve DNB,REVIEW
2565,FRENCH,103,Questions de compréhension,Compréhension et compétences linguistiques (DNB),Formats d'épreuve DNB,REVIEW
2566,FRENCH,105,Traiter le sujet,Rédaction DNB,Formats d'épreuve DNB,REVIEW
2566,FRENCH,103,Questions de compréhension,Compréhension et compétences linguistiques (DNB),Formats d'épreuve DNB,REVIEW
2567,FRENCH,105,Traiter le sujet,Rédaction DNB,Formats d'épreuve DNB,REVIEW
2567,FRENCH,103,Questions de compréhension,Compréhension et compétences linguistiques (DNB),Formats d'épreuve DNB,REVIEW
2568,FRENCH,105,Traiter le sujet,Rédaction DNB,Formats d'épreuve DNB,REVIEW
2568,FRENCH,103,Questions de compréhension,Compréhension et compétences linguistiques (DNB),Formats d'épreuve DNB,REVIEW
2569,FRENCH,105,Traiter le sujet,Rédaction DNB,Formats d'épreuve DNB,REVIEW
2569,FRENCH,103,Questions de compréhension,Compréhension et compétences linguistiques (DNB),Formats d'épreuve DNB,REVIEW
2570,FRENCH,105,Traiter le sujet,Rédaction DNB,Formats d'épreuve DNB,REVIEW
2570,FRENCH,103,Questions de compréhension,Compréhension et compétences linguistiques (DNB),Formats d'épreuve DNB,REVIEW
2571,FRENCH,105,Traiter le sujet,Rédaction DNB,Formats d'épreuve DNB,REVIEW
2571,FRENCH,103,Questions de compréhension,Compréhension et compétences linguistiques (DNB),Formats d'épreuve DNB,REVIEW
2572,FRENCH,105,Traiter le sujet,Rédaction DNB,Formats d'épreuve DNB,REVIEW
2572,FRENCH,103,Questions de compréhension,Compréhension et compétences linguistiques (DNB),Formats d'épreuve DNB,REVIEW
2573,FRENCH,105,Traiter le sujet,Rédaction DNB,Formats d'épreuve DNB,REVIEW
2573,FRENCH,103,Questions de compréhension,Compréhension et compétences linguistiques (DNB),Formats d'épreuve DNB,REVIEW
2574,FRENCH,105,Traiter le sujet,Rédaction DNB,Formats d'épreuve DNB,REVIEW
2574,FRENCH,103,Questions de compréhension,Compréhension et compétences linguistiques (DNB),Formats d'épreuve DNB,REVIEW
2575,FRENCH,105,Traiter le sujet,Rédaction DNB,Formats d'épreuve DNB,REVIEW
2575,FRENCH,103,Questions de compréhension,Compréhension et compétences linguistiques (DNB),Formats d'épreuve DNB,REVIEW
2576,PHYSICS_CHEMISTRY,250,Formes d'énergie,Formes et conversions d'énergie,L'énergie,REVIEW
2576,PHYSICS_CHEMISTRY,252,Circuits électriques,Électricité et circuits,L'énergie,REVIEW
2577,MATHEMATICS,146,Calculer des aires,Aires et volumes,Grandeurs et mesures,REVIEW
2577,MATHEMATICS,141,Fonctions linéaires,Fonctions linéaires et affines,"Organisation et gestion de données, fonctions",REVIEW
2578,MATHEMATICS,107,Comparer et ordonner,Nombres relatifs et rationnels,Nombres et calculs,REVIEW
2579,MATHEMATICS,146,Calculer des aires,Aires et volumes,Grandeurs et mesures,REVIEW
2579,MATHEMATICS,121,Développer,"Développement, réduction et factorisation",Nombres et calculs,REVIEW
2580,MATHEMATICS,121,Développer,"Développement, réduction et factorisation",Nombres et calculs,REVIEW
2581,MATHEMATICS,146,Calculer des aires,Aires et volumes,Grandeurs et mesures,REVIEW
2582,MATHEMATICS,146,Calculer des aires,Aires et volumes,Grandeurs et mesures,REVIEW
2583,MATHEMATICS,107,Comparer et ordonner,Nombres relatifs et rationnels,Nombres et calculs,REVIEW
2584,MATHEMATICS,121,Développer,"Développement, réduction et factorisation",Nombres et calculs,REVIEW
2585,MATHEMATICS,107,Comparer et ordonner,Nombres relatifs et rationnels,Nombres et calculs,REVIEW
2586,MATHEMATICS,107,Comparer et ordonner,Nombres relatifs et rationnels,Nombres et calculs,REVIEW
2587,MATHEMATICS,121,Développer,"Développement, réduction et factorisation",Nombres et calculs,REVIEW
2588,MATHEMATICS,107,Comparer et ordonner,Nombres relatifs et rationnels,Nombres et calculs,REVIEW
2589,MATHEMATICS,107,Comparer et ordonner,Nombres relatifs et rationnels,Nombres et calculs,REVIEW
2590,MATHEMATICS,107,Comparer et ordonner,Nombres relatifs et rationnels,Nombres et calculs,REVIEW
2591,MATHEMATICS,124,Équations du premier degré,Équations,Nombres et calculs,REVIEW
2592,MATHEMATICS,107,Comparer et ordonner,Nombres relatifs et rationnels,Nombres et calculs,REVIEW
2593,MATHEMATICS,107,Comparer et ordonner,Nombres relatifs et rationnels,Nombres et calculs,REVIEW
2594,MATHEMATICS,107,Comparer et ordonner,Nombres relatifs et rationnels,Nombres et calculs,REVIEW
2595,MATHEMATICS,107,Comparer et ordonner,Nombres relatifs et rationnels,Nombres et calculs,REVIEW
2596,MATHEMATICS,107,Comparer et ordonner,Nombres relatifs et rationnels,Nombres et calculs,REVIEW
2597,MATHEMATICS,107,Comparer et ordonner,Nombres relatifs et rationnels,Nombres et calculs,REVIEW
2598,MATHEMATICS,107,Comparer et ordonner,Nombres relatifs et rationnels,Nombres et calculs,REVIEW
2599,MATHEMATICS,146,Calculer des aires,Aires et volumes,Grandeurs et mesures,REVIEW
2600,MATHEMATICS,107,Comparer et ordonner,Nombres relatifs et rationnels,Nombres et calculs,REVIEW
2601,FRENCH,92,Sens des mots,Vocabulaire,"Langue (grammaire, conjugaison, orthographe, vocabulaire)",REVIEW
2602,FRENCH,92,Sens des mots,Vocabulaire,"Langue (grammaire, conjugaison, orthographe, vocabulaire)",REVIEW
2603,FRENCH,92,Sens des mots,Vocabulaire,"Langue (grammaire, conjugaison, orthographe, vocabulaire)",REVIEW
2604,FRENCH,92,Sens des mots,Vocabulaire,"Langue (grammaire, conjugaison, orthographe, vocabulaire)",REVIEW
2605,FRENCH,92,Sens des mots,Vocabulaire,"Langue (grammaire, conjugaison, orthographe, vocabulaire)",REVIEW
2606,FRENCH,92,Sens des mots,Vocabulaire,"Langue (grammaire, conjugaison, orthographe, vocabulaire)",REVIEW
2607,FRENCH,79,Repérer des informations explicites,Compréhension de textes,Lecture et compréhension,REVIEW
2608,FRENCH,79,Repérer des informations explicites,Compréhension de textes,Lecture et compréhension,REVIEW
2609,FRENCH,79,Repérer des informations explicites,Compréhension de textes,Lecture et compréhension,REVIEW
2610,FRENCH,79,Repérer des informations explicites,Compréhension de textes,Lecture et compréhension,REVIEW
2611,FRENCH,79,Repérer des informations explicites,Compréhension de textes,Lecture et compréhension,REVIEW
2612,FRENCH,103,Questions de compréhension,Compréhension et compétences linguistiques (DNB),Formats d'épreuve DNB,REVIEW
2613,FRENCH,103,Questions de compréhension,Compréhension et compétences linguistiques (DNB),Formats d'épreuve DNB,REVIEW
2614,FRENCH,103,Questions de compréhension,Compréhension et compétences linguistiques (DNB),Formats d'épreuve DNB,REVIEW
2615,FRENCH,103,Questions de compréhension,Compréhension et compétences linguistiques (DNB),Formats d'épreuve DNB,REVIEW
2616,FRENCH,105,Traiter le sujet,Rédaction DNB,Formats d'épreuve DNB,REVIEW
2616,FRENCH,103,Questions de compréhension,Compréhension et compétences linguistiques (DNB),Formats d'épreuve DNB,REVIEW
2617,FRENCH,105,Traiter le sujet,Rédaction DNB,Formats d'épreuve DNB,REVIEW
2617,FRENCH,103,Questions de compréhension,Compréhension et compétences linguistiques (DNB),Formats d'épreuve DNB,REVIEW
2618,FRENCH,105,Traiter le sujet,Rédaction DNB,Formats d'épreuve DNB,REVIEW
2618,FRENCH,103,Questions de compréhension,Compréhension et compétences linguistiques (DNB),Formats d'épreuve DNB,REVIEW
2619,FRENCH,105,Traiter le sujet,Rédaction DNB,Formats d'épreuve DNB,REVIEW
2619,FRENCH,103,Questions de compréhension,Compréhension et compétences linguistiques (DNB),Formats d'épreuve DNB,REVIEW
2620,FRENCH,105,Traiter le sujet,Rédaction DNB,Formats d'épreuve DNB,REVIEW
2620,FRENCH,103,Questions de compréhension,Compréhension et compétences linguistiques (DNB),Formats d'épreuve DNB,REVIEW
2621,FRENCH,89,Orthographe lexicale,Orthographe et accords,"Langue (grammaire, conjugaison, orthographe, vocabulaire)",REVIEW
2621,FRENCH,103,Questions de compréhension,Compréhension et compétences linguistiques (DNB),Formats d'épreuve DNB,REVIEW
2622,FRENCH,89,Orthographe lexicale,Orthographe et accords,"Langue (grammaire, conjugaison, orthographe, vocabulaire)",REVIEW
2622,FRENCH,103,Questions de compréhension,Compréhension et compétences linguistiques (DNB),Formats d'épreuve DNB,REVIEW
2623,FRENCH,89,Orthographe lexicale,Orthographe et accords,"Langue (grammaire, conjugaison, orthographe, vocabulaire)",REVIEW
2623,FRENCH,103,Questions de compréhension,Compréhension et compétences linguistiques (DNB),Formats d'épreuve DNB,REVIEW
2624,FRENCH,103,Questions de compréhension,Compréhension et compétences linguistiques (DNB),Formats d'épreuve DNB,REVIEW
2624,FRENCH,89,Orthographe lexicale,Orthographe et accords,"Langue (grammaire, conjugaison, orthographe, vocabulaire)",REVIEW
2625,FRENCH,103,Questions de compréhension,Compréhension et compétences linguistiques (DNB),Formats d'épreuve DNB,REVIEW
2625,FRENCH,89,Orthographe lexicale,Orthographe et accords,"Langue (grammaire, conjugaison, orthographe, vocabulaire)",REVIEW
2626,FRENCH,103,Questions de compréhension,Compréhension et compétences linguistiques (DNB),Formats d'épreuve DNB,REVIEW
2626,FRENCH,89,Orthographe lexicale,Orthographe et accords,"Langue (grammaire, conjugaison, orthographe, vocabulaire)",REVIEW
2627,FRENCH,103,Questions de compréhension,Compréhension et compétences linguistiques (DNB),Formats d'épreuve DNB,REVIEW
2627,FRENCH,89,Orthographe lexicale,Orthographe et accords,"Langue (grammaire, conjugaison, orthographe, vocabulaire)",REVIEW
2628,FRENCH,103,Questions de compréhension,Compréhension et compétences linguistiques (DNB),Formats d'épreuve DNB,REVIEW
2628,FRENCH,89,Orthographe lexicale,Orthographe et accords,"Langue (grammaire, conjugaison, orthographe, vocabulaire)",REVIEW
2629,FRENCH,103,Questions de compréhension,Compréhension et compétences linguistiques (DNB),Formats d'épreuve DNB,REVIEW
2629,FRENCH,89,Orthographe lexicale,Orthographe et accords,"Langue (grammaire, conjugaison, orthographe, vocabulaire)",REVIEW
2630,FRENCH,103,Questions de compréhension,Compréhension et compétences linguistiques (DNB),Formats d'épreuve DNB,REVIEW
2630,FRENCH,89,Orthographe lexicale,Orthographe et accords,"Langue (grammaire, conjugaison, orthographe, vocabulaire)",REVIEW
2631,FRENCH,103,Questions de compréhension,Compréhension et compétences linguistiques (DNB),Formats d'épreuve DNB,REVIEW
2631,FRENCH,89,Orthographe lexicale,Orthographe et accords,"Langue (grammaire, conjugaison, orthographe, vocabulaire)",REVIEW
2632,FRENCH,103,Questions de compréhension,Compréhension et compétences linguistiques (DNB),Formats d'épreuve DNB,REVIEW
2632,FRENCH,89,Orthographe lexicale,Orthographe et accords,"Langue (grammaire, conjugaison, orthographe, vocabulaire)",REVIEW
2633,FRENCH,103,Questions de compréhension,Compréhension et compétences linguistiques (DNB),Formats d'épreuve DNB,REVIEW
2633,FRENCH,89,Orthographe lexicale,Orthographe et accords,"Langue (grammaire, conjugaison, orthographe, vocabulaire)",REVIEW
2634,FRENCH,103,Questions de compréhension,Compréhension et compétences linguistiques (DNB),Formats d'épreuve DNB,REVIEW
2634,FRENCH,89,Orthographe lexicale,Orthographe et accords,"Langue (grammaire, conjugaison, orthographe, vocabulaire)",REVIEW
2635,FRENCH,103,Questions de compréhension,Compréhension et compétences linguistiques (DNB),Formats d'épreuve DNB,REVIEW
2635,FRENCH,89,Orthographe lexicale,Orthographe et accords,"Langue (grammaire, conjugaison, orthographe, vocabulaire)",REVIEW
2636,FRENCH,103,Questions de compréhension,Compréhension et compétences linguistiques (DNB),Formats d'épreuve DNB,REVIEW
2636,FRENCH,89,Orthographe lexicale,Orthographe et accords,"Langue (grammaire, conjugaison, orthographe, vocabulaire)",REVIEW
2637,FRENCH,103,Questions de compréhension,Compréhension et compétences linguistiques (DNB),Formats d'épreuve DNB,REVIEW
2637,FRENCH,89,Orthographe lexicale,Orthographe et accords,"Langue (grammaire, conjugaison, orthographe, vocabulaire)",REVIEW
2638,FRENCH,103,Questions de compréhension,Compréhension et compétences linguistiques (DNB),Formats d'épreuve DNB,REVIEW
2638,FRENCH,89,Orthographe lexicale,Orthographe et accords,"Langue (grammaire, conjugaison, orthographe, vocabulaire)",REVIEW
2639,FRENCH,103,Questions de compréhension,Compréhension et compétences linguistiques (DNB),Formats d'épreuve DNB,REVIEW
2639,FRENCH,89,Orthographe lexicale,Orthographe et accords,"Langue (grammaire, conjugaison, orthographe, vocabulaire)",REVIEW
2640,FRENCH,89,Orthographe lexicale,Orthographe et accords,"Langue (grammaire, conjugaison, orthographe, vocabulaire)",REVIEW
2640,FRENCH,21,Orthographe,Orthographe,Français — programme 3e,REVIEW
2641,MATHEMATICS,170,Variables et affectations,"Variables, conditions et boucles",Algorithmique et programmation,REVIEW
2641,MATHEMATICS,146,Calculer des aires,Aires et volumes,Grandeurs et mesures,REVIEW
2642,MATHEMATICS,146,Calculer des aires,Aires et volumes,Grandeurs et mesures,REVIEW
2643,MATHEMATICS,121,Développer,"Développement, réduction et factorisation",Nombres et calculs,REVIEW
2644,MATHEMATICS,107,Comparer et ordonner,Nombres relatifs et rationnels,Nombres et calculs,REVIEW
2645,MATHEMATICS,136,Vocabulaire des probabilités,Probabilités,"Organisation et gestion de données, fonctions",REVIEW
2645,MATHEMATICS,121,Développer,"Développement, réduction et factorisation",Nombres et calculs,REVIEW
2646,MATHEMATICS,146,Calculer des aires,Aires et volumes,Grandeurs et mesures,REVIEW
2647,MATHEMATICS,146,Calculer des aires,Aires et volumes,Grandeurs et mesures,REVIEW
2647,MATHEMATICS,121,Développer,"Développement, réduction et factorisation",Nombres et calculs,REVIEW
2648,MATHEMATICS,107,Comparer et ordonner,Nombres relatifs et rationnels,Nombres et calculs,REVIEW
2649,MATHEMATICS,121,Développer,"Développement, réduction et factorisation",Nombres et calculs,REVIEW
2650,MATHEMATICS,121,Développer,"Développement, réduction et factorisation",Nombres et calculs,REVIEW
2651,MATHEMATICS,121,Développer,"Développement, réduction et factorisation",Nombres et calculs,REVIEW
2652,MATHEMATICS,124,Équations du premier degré,Équations,Nombres et calculs,REVIEW
2652,MATHEMATICS,121,Développer,"Développement, réduction et factorisation",Nombres et calculs,REVIEW
2653,MATHEMATICS,121,Développer,"Développement, réduction et factorisation",Nombres et calculs,REVIEW
2654,MATHEMATICS,141,Fonctions linéaires,Fonctions linéaires et affines,"Organisation et gestion de données, fonctions",REVIEW
2654,MATHEMATICS,121,Développer,"Développement, réduction et factorisation",Nombres et calculs,REVIEW
2655,MATHEMATICS,107,Comparer et ordonner,Nombres relatifs et rationnels,Nombres et calculs,REVIEW
2656,MATHEMATICS,107,Comparer et ordonner,Nombres relatifs et rationnels,Nombres et calculs,REVIEW
2657,MATHEMATICS,107,Comparer et ordonner,Nombres relatifs et rationnels,Nombres et calculs,REVIEW
2658,MATHEMATICS,146,Calculer des aires,Aires et volumes,Grandeurs et mesures,REVIEW
2659,MATHEMATICS,107,Comparer et ordonner,Nombres relatifs et rationnels,Nombres et calculs,REVIEW
2660,MATHEMATICS,146,Calculer des aires,Aires et volumes,Grandeurs et mesures,REVIEW
2660,MATHEMATICS,121,Développer,"Développement, réduction et factorisation",Nombres et calculs,REVIEW
2661,MATHEMATICS,121,Développer,"Développement, réduction et factorisation",Nombres et calculs,REVIEW
2662,MATHEMATICS,107,Comparer et ordonner,Nombres relatifs et rationnels,Nombres et calculs,REVIEW
2663,MATHEMATICS,136,Vocabulaire des probabilités,Probabilités,"Organisation et gestion de données, fonctions",REVIEW
2664,MATHEMATICS,136,Vocabulaire des probabilités,Probabilités,"Organisation et gestion de données, fonctions",REVIEW
2665,MATHEMATICS,136,Vocabulaire des probabilités,Probabilités,"Organisation et gestion de données, fonctions",REVIEW
2665,MATHEMATICS,107,Comparer et ordonner,Nombres relatifs et rationnels,Nombres et calculs,REVIEW
2666,MATHEMATICS,107,Comparer et ordonner,Nombres relatifs et rationnels,Nombres et calculs,REVIEW
2667,MATHEMATICS,107,Comparer et ordonner,Nombres relatifs et rationnels,Nombres et calculs,REVIEW
2668,MATHEMATICS,107,Comparer et ordonner,Nombres relatifs et rationnels,Nombres et calculs,REVIEW
2669,MATHEMATICS,107,Comparer et ordonner,Nombres relatifs et rationnels,Nombres et calculs,REVIEW
2670,MATHEMATICS,107,Comparer et ordonner,Nombres relatifs et rationnels,Nombres et calculs,REVIEW
2671,FRENCH,105,Traiter le sujet,Rédaction DNB,Formats d'épreuve DNB,REVIEW
2671,FRENCH,92,Sens des mots,Vocabulaire,"Langue (grammaire, conjugaison, orthographe, vocabulaire)",REVIEW
2672,PHYSICS_CHEMISTRY,246,Décrire un mouvement,Mouvement et vitesse,Mouvements et interactions,REVIEW
2673,PHYSICS_CHEMISTRY,240,Modèle de l'atome,Atomes et molécules,Organisation et transformations de la matière,REVIEW
2674,PHYSICS_CHEMISTRY,244,Mesurer et calculer,Masse volumique et identification,Organisation et transformations de la matière,REVIEW
2675,PHYSICS_CHEMISTRY,246,Décrire un mouvement,Mouvement et vitesse,Mouvements et interactions,REVIEW
2676,PHYSICS_CHEMISTRY,244,Mesurer et calculer,Masse volumique et identification,Organisation et transformations de la matière,REVIEW
2677,PHYSICS_CHEMISTRY,256,Propagation du son,Son et signaux sonores,Des signaux pour observer et communiquer,REVIEW
2677,PHYSICS_CHEMISTRY,246,Décrire un mouvement,Mouvement et vitesse,Mouvements et interactions,REVIEW
2678,PHYSICS_CHEMISTRY,256,Propagation du son,Son et signaux sonores,Des signaux pour observer et communiquer,REVIEW
2678,PHYSICS_CHEMISTRY,246,Décrire un mouvement,Mouvement et vitesse,Mouvements et interactions,REVIEW
2679,PHYSICS_CHEMISTRY,256,Propagation du son,Son et signaux sonores,Des signaux pour observer et communiquer,REVIEW
2679,PHYSICS_CHEMISTRY,250,Formes d'énergie,Formes et conversions d'énergie,L'énergie,REVIEW
2680,HISTORY,194,Blocs Est / Ouest,Un monde bipolaire au temps de la Guerre froide,Le monde depuis 1945,REVIEW
2681,HISTORY,189,Défaite et occupation,"La France défaite et occupée ; régime de Vichy, Collaboration, Résistance","L'Europe, un théâtre majeur des guerres totales (1914-1945)",REVIEW
2681,HISTORY,181,Expérience combattante,La Première Guerre mondiale : l'expérience combattante et l'expérience des civils,"L'Europe, un théâtre majeur des guerres totales (1914-1945)",REVIEW
2682,HISTORY,189,Défaite et occupation,"La France défaite et occupée ; régime de Vichy, Collaboration, Résistance","L'Europe, un théâtre majeur des guerres totales (1914-1945)",REVIEW
2682,HISTORY,181,Expérience combattante,La Première Guerre mondiale : l'expérience combattante et l'expérience des civils,"L'Europe, un théâtre majeur des guerres totales (1914-1945)",REVIEW
2683,HISTORY,181,Expérience combattante,La Première Guerre mondiale : l'expérience combattante et l'expérience des civils,"L'Europe, un théâtre majeur des guerres totales (1914-1945)",REVIEW
2683,HISTORY,189,Défaite et occupation,"La France défaite et occupée ; régime de Vichy, Collaboration, Résistance","L'Europe, un théâtre majeur des guerres totales (1914-1945)",REVIEW
2684,HISTORY,181,Expérience combattante,La Première Guerre mondiale : l'expérience combattante et l'expérience des civils,"L'Europe, un théâtre majeur des guerres totales (1914-1945)",REVIEW
2684,HISTORY,189,Défaite et occupation,"La France défaite et occupée ; régime de Vichy, Collaboration, Résistance","L'Europe, un théâtre majeur des guerres totales (1914-1945)",REVIEW
2685,HISTORY,181,Expérience combattante,La Première Guerre mondiale : l'expérience combattante et l'expérience des civils,"L'Europe, un théâtre majeur des guerres totales (1914-1945)",REVIEW
2685,HISTORY,189,Défaite et occupation,"La France défaite et occupée ; régime de Vichy, Collaboration, Résistance","L'Europe, un théâtre majeur des guerres totales (1914-1945)",REVIEW
2686,HISTORY,188,Génocide des Juifs et des Tsiganes,"La Seconde Guerre mondiale, une guerre d'anéantissement","L'Europe, un théâtre majeur des guerres totales (1914-1945)",REVIEW
2687,HISTORY,181,Expérience combattante,La Première Guerre mondiale : l'expérience combattante et l'expérience des civils,"L'Europe, un théâtre majeur des guerres totales (1914-1945)",REVIEW
2688,HISTORY,181,Expérience combattante,La Première Guerre mondiale : l'expérience combattante et l'expérience des civils,"L'Europe, un théâtre majeur des guerres totales (1914-1945)",REVIEW
2688,HISTORY,189,Défaite et occupation,"La France défaite et occupée ; régime de Vichy, Collaboration, Résistance","L'Europe, un théâtre majeur des guerres totales (1914-1945)",REVIEW
2689,HISTORY,181,Expérience combattante,La Première Guerre mondiale : l'expérience combattante et l'expérience des civils,"L'Europe, un théâtre majeur des guerres totales (1914-1945)",REVIEW
2689,HISTORY,189,Défaite et occupation,"La France défaite et occupée ; régime de Vichy, Collaboration, Résistance","L'Europe, un théâtre majeur des guerres totales (1914-1945)",REVIEW
2690,HISTORY,181,Expérience combattante,La Première Guerre mondiale : l'expérience combattante et l'expérience des civils,"L'Europe, un théâtre majeur des guerres totales (1914-1945)",REVIEW
2690,HISTORY,189,Défaite et occupation,"La France défaite et occupée ; régime de Vichy, Collaboration, Résistance","L'Europe, un théâtre majeur des guerres totales (1914-1945)",REVIEW
2691,HISTORY,189,Défaite et occupation,"La France défaite et occupée ; régime de Vichy, Collaboration, Résistance","L'Europe, un théâtre majeur des guerres totales (1914-1945)",REVIEW
2691,HISTORY,181,Expérience combattante,La Première Guerre mondiale : l'expérience combattante et l'expérience des civils,"L'Europe, un théâtre majeur des guerres totales (1914-1945)",REVIEW
2692,HISTORY,189,Défaite et occupation,"La France défaite et occupée ; régime de Vichy, Collaboration, Résistance","L'Europe, un théâtre majeur des guerres totales (1914-1945)",REVIEW
2692,HISTORY,181,Expérience combattante,La Première Guerre mondiale : l'expérience combattante et l'expérience des civils,"L'Europe, un théâtre majeur des guerres totales (1914-1945)",REVIEW
2693,FRENCH,105,Traiter le sujet,Rédaction DNB,Formats d'épreuve DNB,REVIEW
2693,FRENCH,103,Questions de compréhension,Compréhension et compétences linguistiques (DNB),Formats d'épreuve DNB,REVIEW
2694,FRENCH,105,Traiter le sujet,Rédaction DNB,Formats d'épreuve DNB,REVIEW
2694,FRENCH,103,Questions de compréhension,Compréhension et compétences linguistiques (DNB),Formats d'épreuve DNB,REVIEW
2695,FRENCH,105,Traiter le sujet,Rédaction DNB,Formats d'épreuve DNB,REVIEW
2695,FRENCH,103,Questions de compréhension,Compréhension et compétences linguistiques (DNB),Formats d'épreuve DNB,REVIEW
2696,FRENCH,105,Traiter le sujet,Rédaction DNB,Formats d'épreuve DNB,REVIEW
2696,FRENCH,103,Questions de compréhension,Compréhension et compétences linguistiques (DNB),Formats d'épreuve DNB,REVIEW
2697,FRENCH,105,Traiter le sujet,Rédaction DNB,Formats d'épreuve DNB,REVIEW
2697,FRENCH,103,Questions de compréhension,Compréhension et compétences linguistiques (DNB),Formats d'épreuve DNB,REVIEW
2698,FRENCH,105,Traiter le sujet,Rédaction DNB,Formats d'épreuve DNB,REVIEW
2698,FRENCH,103,Questions de compréhension,Compréhension et compétences linguistiques (DNB),Formats d'épreuve DNB,REVIEW
2699,FRENCH,105,Traiter le sujet,Rédaction DNB,Formats d'épreuve DNB,REVIEW
2699,FRENCH,103,Questions de compréhension,Compréhension et compétences linguistiques (DNB),Formats d'épreuve DNB,REVIEW
2700,FRENCH,105,Traiter le sujet,Rédaction DNB,Formats d'épreuve DNB,REVIEW
2700,FRENCH,103,Questions de compréhension,Compréhension et compétences linguistiques (DNB),Formats d'épreuve DNB,REVIEW
2701,FRENCH,105,Traiter le sujet,Rédaction DNB,Formats d'épreuve DNB,REVIEW
2701,FRENCH,103,Questions de compréhension,Compréhension et compétences linguistiques (DNB),Formats d'épreuve DNB,REVIEW
2702,FRENCH,105,Traiter le sujet,Rédaction DNB,Formats d'épreuve DNB,REVIEW
2702,FRENCH,103,Questions de compréhension,Compréhension et compétences linguistiques (DNB),Formats d'épreuve DNB,REVIEW
2703,FRENCH,105,Traiter le sujet,Rédaction DNB,Formats d'épreuve DNB,REVIEW
2703,FRENCH,103,Questions de compréhension,Compréhension et compétences linguistiques (DNB),Formats d'épreuve DNB,REVIEW
2704,FRENCH,105,Traiter le sujet,Rédaction DNB,Formats d'épreuve DNB,REVIEW
2704,FRENCH,103,Questions de compréhension,Compréhension et compétences linguistiques (DNB),Formats d'épreuve DNB,REVIEW
2705,FRENCH,105,Traiter le sujet,Rédaction DNB,Formats d'épreuve DNB,REVIEW
2705,FRENCH,103,Questions de compréhension,Compréhension et compétences linguistiques (DNB),Formats d'épreuve DNB,REVIEW
2706,FRENCH,105,Traiter le sujet,Rédaction DNB,Formats d'épreuve DNB,REVIEW
2706,FRENCH,103,Questions de compréhension,Compréhension et compétences linguistiques (DNB),Formats d'épreuve DNB,REVIEW
2707,FRENCH,105,Traiter le sujet,Rédaction DNB,Formats d'épreuve DNB,REVIEW
2707,FRENCH,103,Questions de compréhension,Compréhension et compétences linguistiques (DNB),Formats d'épreuve DNB,REVIEW
2708,FRENCH,105,Traiter le sujet,Rédaction DNB,Formats d'épreuve DNB,REVIEW
2708,FRENCH,103,Questions de compréhension,Compréhension et compétences linguistiques (DNB),Formats d'épreuve DNB,REVIEW
2709,FRENCH,105,Traiter le sujet,Rédaction DNB,Formats d'épreuve DNB,REVIEW
2709,FRENCH,103,Questions de compréhension,Compréhension et compétences linguistiques (DNB),Formats d'épreuve DNB,REVIEW
2710,FRENCH,105,Traiter le sujet,Rédaction DNB,Formats d'épreuve DNB,REVIEW
2710,FRENCH,103,Questions de compréhension,Compréhension et compétences linguistiques (DNB),Formats d'épreuve DNB,REVIEW
2711,FRENCH,105,Traiter le sujet,Rédaction DNB,Formats d'épreuve DNB,REVIEW
2711,FRENCH,103,Questions de compréhension,Compréhension et compétences linguistiques (DNB),Formats d'épreuve DNB,REVIEW
2712,FRENCH,105,Traiter le sujet,Rédaction DNB,Formats d'épreuve DNB,REVIEW
2712,FRENCH,103,Questions de compréhension,Compréhension et compétences linguistiques (DNB),Formats d'épreuve DNB,REVIEW
2713,FRENCH,105,Traiter le sujet,Rédaction DNB,Formats d'épreuve DNB,REVIEW
2713,FRENCH,103,Questions de compréhension,Compréhension et compétences linguistiques (DNB),Formats d'épreuve DNB,REVIEW
2714,FRENCH,105,Traiter le sujet,Rédaction DNB,Formats d'épreuve DNB,REVIEW
2714,FRENCH,103,Questions de compréhension,Compréhension et compétences linguistiques (DNB),Formats d'épreuve DNB,REVIEW
2715,FRENCH,105,Traiter le sujet,Rédaction DNB,Formats d'épreuve DNB,REVIEW
2715,FRENCH,103,Questions de compréhension,Compréhension et compétences linguistiques (DNB),Formats d'épreuve DNB,REVIEW
2716,FRENCH,105,Traiter le sujet,Rédaction DNB,Formats d'épreuve DNB,REVIEW
2716,FRENCH,103,Questions de compréhension,Compréhension et compétences linguistiques (DNB),Formats d'épreuve DNB,REVIEW
2717,FRENCH,105,Traiter le sujet,Rédaction DNB,Formats d'épreuve DNB,REVIEW
2717,FRENCH,103,Questions de compréhension,Compréhension et compétences linguistiques (DNB),Formats d'épreuve DNB,REVIEW
2718,FRENCH,105,Traiter le sujet,Rédaction DNB,Formats d'épreuve DNB,REVIEW
2718,FRENCH,103,Questions de compréhension,Compréhension et compétences linguistiques (DNB),Formats d'épreuve DNB,REVIEW
2719,FRENCH,105,Traiter le sujet,Rédaction DNB,Formats d'épreuve DNB,REVIEW
2719,FRENCH,103,Questions de compréhension,Compréhension et compétences linguistiques (DNB),Formats d'épreuve DNB,REVIEW
2720,FRENCH,105,Traiter le sujet,Rédaction DNB,Formats d'épreuve DNB,REVIEW
2720,FRENCH,103,Questions de compréhension,Compréhension et compétences linguistiques (DNB),Formats d'épreuve DNB,REVIEW
2721,FRENCH,105,Traiter le sujet,Rédaction DNB,Formats d'épreuve DNB,REVIEW
2721,FRENCH,103,Questions de compréhension,Compréhension et compétences linguistiques (DNB),Formats d'épreuve DNB,REVIEW
2722,FRENCH,105,Traiter le sujet,Rédaction DNB,Formats d'épreuve DNB,REVIEW
2722,FRENCH,103,Questions de compréhension,Compréhension et compétences linguistiques (DNB),Formats d'épreuve DNB,REVIEW
2723,FRENCH,105,Traiter le sujet,Rédaction DNB,Formats d'épreuve DNB,REVIEW
2723,FRENCH,103,Questions de compréhension,Compréhension et compétences linguistiques (DNB),Formats d'épreuve DNB,REVIEW
2724,FRENCH,105,Traiter le sujet,Rédaction DNB,Formats d'épreuve DNB,REVIEW
2724,FRENCH,103,Questions de compréhension,Compréhension et compétences linguistiques (DNB),Formats d'épreuve DNB,REVIEW
2725,FRENCH,105,Traiter le sujet,Rédaction DNB,Formats d'épreuve DNB,REVIEW
2725,FRENCH,103,Questions de compréhension,Compréhension et compétences linguistiques (DNB),Formats d'épreuve DNB,REVIEW
2726,FRENCH,105,Traiter le sujet,Rédaction DNB,Formats d'épreuve DNB,REVIEW
2726,FRENCH,103,Questions de compréhension,Compréhension et compétences linguistiques (DNB),Formats d'épreuve DNB,REVIEW
2727,FRENCH,105,Traiter le sujet,Rédaction DNB,Formats d'épreuve DNB,REVIEW
2727,FRENCH,103,Questions de compréhension,Compréhension et compétences linguistiques (DNB),Formats d'épreuve DNB,REVIEW
2728,FRENCH,105,Traiter le sujet,Rédaction DNB,Formats d'épreuve DNB,REVIEW
2728,FRENCH,103,Questions de compréhension,Compréhension et compétences linguistiques (DNB),Formats d'épreuve DNB,REVIEW
2729,FRENCH,105,Traiter le sujet,Rédaction DNB,Formats d'épreuve DNB,REVIEW
2729,FRENCH,103,Questions de compréhension,Compréhension et compétences linguistiques (DNB),Formats d'épreuve DNB,REVIEW
2730,FRENCH,105,Traiter le sujet,Rédaction DNB,Formats d'épreuve DNB,REVIEW
2730,FRENCH,103,Questions de compréhension,Compréhension et compétences linguistiques (DNB),Formats d'épreuve DNB,REVIEW
2731,FRENCH,105,Traiter le sujet,Rédaction DNB,Formats d'épreuve DNB,REVIEW
2731,FRENCH,103,Questions de compréhension,Compréhension et compétences linguistiques (DNB),Formats d'épreuve DNB,REVIEW
2732,FRENCH,105,Traiter le sujet,Rédaction DNB,Formats d'épreuve DNB,REVIEW
2732,FRENCH,103,Questions de compréhension,Compréhension et compétences linguistiques (DNB),Formats d'épreuve DNB,REVIEW
2733,FRENCH,105,Traiter le sujet,Rédaction DNB,Formats d'épreuve DNB,REVIEW
2733,FRENCH,103,Questions de compréhension,Compréhension et compétences linguistiques (DNB),Formats d'épreuve DNB,REVIEW
2734,MATHEMATICS,121,Développer,"Développement, réduction et factorisation",Nombres et calculs,REVIEW
2735,MATHEMATICS,146,Calculer des aires,Aires et volumes,Grandeurs et mesures,REVIEW
2735,MATHEMATICS,121,Développer,"Développement, réduction et factorisation",Nombres et calculs,REVIEW
2736,MATHEMATICS,124,Équations du premier degré,Équations,Nombres et calculs,REVIEW
2736,MATHEMATICS,121,Développer,"Développement, réduction et factorisation",Nombres et calculs,REVIEW
2737,MATHEMATICS,146,Calculer des aires,Aires et volumes,Grandeurs et mesures,REVIEW
2738,MATHEMATICS,107,Comparer et ordonner,Nombres relatifs et rationnels,Nombres et calculs,REVIEW
2739,MATHEMATICS,146,Calculer des aires,Aires et volumes,Grandeurs et mesures,REVIEW
2739,MATHEMATICS,121,Développer,"Développement, réduction et factorisation",Nombres et calculs,REVIEW
2740,MATHEMATICS,107,Comparer et ordonner,Nombres relatifs et rationnels,Nombres et calculs,REVIEW
2741,MATHEMATICS,121,Développer,"Développement, réduction et factorisation",Nombres et calculs,REVIEW
2742,MATHEMATICS,107,Comparer et ordonner,Nombres relatifs et rationnels,Nombres et calculs,REVIEW
2743,MATHEMATICS,141,Fonctions linéaires,Fonctions linéaires et affines,"Organisation et gestion de données, fonctions",REVIEW
2743,MATHEMATICS,121,Développer,"Développement, réduction et factorisation",Nombres et calculs,REVIEW
2744,MATHEMATICS,141,Fonctions linéaires,Fonctions linéaires et affines,"Organisation et gestion de données, fonctions",REVIEW
2745,MATHEMATICS,141,Fonctions linéaires,Fonctions linéaires et affines,"Organisation et gestion de données, fonctions",REVIEW
2745,MATHEMATICS,107,Comparer et ordonner,Nombres relatifs et rationnels,Nombres et calculs,REVIEW
2746,MATHEMATICS,141,Fonctions linéaires,Fonctions linéaires et affines,"Organisation et gestion de données, fonctions",REVIEW
2747,MATHEMATICS,141,Fonctions linéaires,Fonctions linéaires et affines,"Organisation et gestion de données, fonctions",REVIEW
2747,MATHEMATICS,124,Équations du premier degré,Équations,Nombres et calculs,REVIEW
2748,MATHEMATICS,141,Fonctions linéaires,Fonctions linéaires et affines,"Organisation et gestion de données, fonctions",REVIEW
2749,MATHEMATICS,141,Fonctions linéaires,Fonctions linéaires et affines,"Organisation et gestion de données, fonctions",REVIEW
2750,MATHEMATICS,141,Fonctions linéaires,Fonctions linéaires et affines,"Organisation et gestion de données, fonctions",REVIEW
2750,MATHEMATICS,124,Équations du premier degré,Équations,Nombres et calculs,REVIEW
2751,MATHEMATICS,141,Fonctions linéaires,Fonctions linéaires et affines,"Organisation et gestion de données, fonctions",REVIEW
2751,MATHEMATICS,124,Équations du premier degré,Équations,Nombres et calculs,REVIEW
2752,MATHEMATICS,107,Comparer et ordonner,Nombres relatifs et rationnels,Nombres et calculs,REVIEW
2753,MATHEMATICS,121,Développer,"Développement, réduction et factorisation",Nombres et calculs,REVIEW
2754,MATHEMATICS,131,Calculer un pourcentage,Pourcentages,"Organisation et gestion de données, fonctions",REVIEW
2755,MATHEMATICS,136,Vocabulaire des probabilités,Probabilités,"Organisation et gestion de données, fonctions",REVIEW
2756,MATHEMATICS,107,Comparer et ordonner,Nombres relatifs et rationnels,Nombres et calculs,REVIEW
2757,MATHEMATICS,107,Comparer et ordonner,Nombres relatifs et rationnels,Nombres et calculs,REVIEW
2758,MATHEMATICS,107,Comparer et ordonner,Nombres relatifs et rationnels,Nombres et calculs,REVIEW
2759,MATHEMATICS,107,Comparer et ordonner,Nombres relatifs et rationnels,Nombres et calculs,REVIEW
2760,MATHEMATICS,107,Comparer et ordonner,Nombres relatifs et rationnels,Nombres et calculs,REVIEW
2761,MATHEMATICS,107,Comparer et ordonner,Nombres relatifs et rationnels,Nombres et calculs,REVIEW
2762,FRENCH,89,Orthographe lexicale,Orthographe et accords,"Langue (grammaire, conjugaison, orthographe, vocabulaire)",REVIEW
2762,FRENCH,103,Questions de compréhension,Compréhension et compétences linguistiques (DNB),Formats d'épreuve DNB,REVIEW
2763,FRENCH,89,Orthographe lexicale,Orthographe et accords,"Langue (grammaire, conjugaison, orthographe, vocabulaire)",REVIEW
2763,FRENCH,103,Questions de compréhension,Compréhension et compétences linguistiques (DNB),Formats d'épreuve DNB,REVIEW
2764,FRENCH,89,Orthographe lexicale,Orthographe et accords,"Langue (grammaire, conjugaison, orthographe, vocabulaire)",REVIEW
2764,FRENCH,103,Questions de compréhension,Compréhension et compétences linguistiques (DNB),Formats d'épreuve DNB,REVIEW
2765,FRENCH,89,Orthographe lexicale,Orthographe et accords,"Langue (grammaire, conjugaison, orthographe, vocabulaire)",REVIEW
2765,FRENCH,103,Questions de compréhension,Compréhension et compétences linguistiques (DNB),Formats d'épreuve DNB,REVIEW
2766,FRENCH,89,Orthographe lexicale,Orthographe et accords,"Langue (grammaire, conjugaison, orthographe, vocabulaire)",REVIEW
2766,FRENCH,103,Questions de compréhension,Compréhension et compétences linguistiques (DNB),Formats d'épreuve DNB,REVIEW
2767,FRENCH,89,Orthographe lexicale,Orthographe et accords,"Langue (grammaire, conjugaison, orthographe, vocabulaire)",REVIEW
2767,FRENCH,103,Questions de compréhension,Compréhension et compétences linguistiques (DNB),Formats d'épreuve DNB,REVIEW
2768,FRENCH,89,Orthographe lexicale,Orthographe et accords,"Langue (grammaire, conjugaison, orthographe, vocabulaire)",REVIEW
2768,FRENCH,103,Questions de compréhension,Compréhension et compétences linguistiques (DNB),Formats d'épreuve DNB,REVIEW
2769,FRENCH,89,Orthographe lexicale,Orthographe et accords,"Langue (grammaire, conjugaison, orthographe, vocabulaire)",REVIEW
2769,FRENCH,103,Questions de compréhension,Compréhension et compétences linguistiques (DNB),Formats d'épreuve DNB,REVIEW
2770,FRENCH,89,Orthographe lexicale,Orthographe et accords,"Langue (grammaire, conjugaison, orthographe, vocabulaire)",REVIEW
2770,FRENCH,103,Questions de compréhension,Compréhension et compétences linguistiques (DNB),Formats d'épreuve DNB,REVIEW
2771,FRENCH,89,Orthographe lexicale,Orthographe et accords,"Langue (grammaire, conjugaison, orthographe, vocabulaire)",REVIEW
2771,FRENCH,103,Questions de compréhension,Compréhension et compétences linguistiques (DNB),Formats d'épreuve DNB,REVIEW
2772,FRENCH,89,Orthographe lexicale,Orthographe et accords,"Langue (grammaire, conjugaison, orthographe, vocabulaire)",REVIEW
2772,FRENCH,103,Questions de compréhension,Compréhension et compétences linguistiques (DNB),Formats d'épreuve DNB,REVIEW
2773,FRENCH,89,Orthographe lexicale,Orthographe et accords,"Langue (grammaire, conjugaison, orthographe, vocabulaire)",REVIEW
2773,FRENCH,103,Questions de compréhension,Compréhension et compétences linguistiques (DNB),Formats d'épreuve DNB,REVIEW
2774,FRENCH,89,Orthographe lexicale,Orthographe et accords,"Langue (grammaire, conjugaison, orthographe, vocabulaire)",REVIEW
2774,FRENCH,103,Questions de compréhension,Compréhension et compétences linguistiques (DNB),Formats d'épreuve DNB,REVIEW
2775,FRENCH,89,Orthographe lexicale,Orthographe et accords,"Langue (grammaire, conjugaison, orthographe, vocabulaire)",REVIEW
2775,FRENCH,103,Questions de compréhension,Compréhension et compétences linguistiques (DNB),Formats d'épreuve DNB,REVIEW
2776,FRENCH,89,Orthographe lexicale,Orthographe et accords,"Langue (grammaire, conjugaison, orthographe, vocabulaire)",REVIEW
2776,FRENCH,103,Questions de compréhension,Compréhension et compétences linguistiques (DNB),Formats d'épreuve DNB,REVIEW
2777,FRENCH,89,Orthographe lexicale,Orthographe et accords,"Langue (grammaire, conjugaison, orthographe, vocabulaire)",REVIEW
2777,FRENCH,103,Questions de compréhension,Compréhension et compétences linguistiques (DNB),Formats d'épreuve DNB,REVIEW
2778,FRENCH,89,Orthographe lexicale,Orthographe et accords,"Langue (grammaire, conjugaison, orthographe, vocabulaire)",REVIEW
2778,FRENCH,103,Questions de compréhension,Compréhension et compétences linguistiques (DNB),Formats d'épreuve DNB,REVIEW
2779,HISTORY,207,Immigration et société française,Femmes et hommes dans la société des années 1950 aux années 1980,Françaises et Français dans une République repensée,REVIEW
2780,HISTORY,207,Immigration et société française,Femmes et hommes dans la société des années 1950 aux années 1980,Françaises et Français dans une République repensée,REVIEW
2781,HISTORY,207,Immigration et société française,Femmes et hommes dans la société des années 1950 aux années 1980,Françaises et Français dans une République repensée,REVIEW
2782,HISTORY,207,Immigration et société française,Femmes et hommes dans la société des années 1950 aux années 1980,Françaises et Français dans une République repensée,REVIEW
2783,HISTORY,207,Immigration et société française,Femmes et hommes dans la société des années 1950 aux années 1980,Françaises et Français dans une République repensée,REVIEW
2784,HISTORY,199,Nouvel ordre mondial,Enjeux et conflits dans le monde après 1989,Le monde depuis 1945,REVIEW
2784,HISTORY,181,Expérience combattante,La Première Guerre mondiale : l'expérience combattante et l'expérience des civils,"L'Europe, un théâtre majeur des guerres totales (1914-1945)",REVIEW
2785,HISTORY,199,Nouvel ordre mondial,Enjeux et conflits dans le monde après 1989,Le monde depuis 1945,REVIEW
2785,HISTORY,181,Expérience combattante,La Première Guerre mondiale : l'expérience combattante et l'expérience des civils,"L'Europe, un théâtre majeur des guerres totales (1914-1945)",REVIEW
2786,HISTORY,181,Expérience combattante,La Première Guerre mondiale : l'expérience combattante et l'expérience des civils,"L'Europe, un théâtre majeur des guerres totales (1914-1945)",REVIEW
2786,HISTORY,199,Nouvel ordre mondial,Enjeux et conflits dans le monde après 1989,Le monde depuis 1945,REVIEW
2787,HISTORY,181,Expérience combattante,La Première Guerre mondiale : l'expérience combattante et l'expérience des civils,"L'Europe, un théâtre majeur des guerres totales (1914-1945)",REVIEW
2787,HISTORY,199,Nouvel ordre mondial,Enjeux et conflits dans le monde après 1989,Le monde depuis 1945,REVIEW
2788,HISTORY,181,Expérience combattante,La Première Guerre mondiale : l'expérience combattante et l'expérience des civils,"L'Europe, un théâtre majeur des guerres totales (1914-1945)",REVIEW
2788,HISTORY,199,Nouvel ordre mondial,Enjeux et conflits dans le monde après 1989,Le monde depuis 1945,REVIEW
2789,HISTORY,181,Expérience combattante,La Première Guerre mondiale : l'expérience combattante et l'expérience des civils,"L'Europe, un théâtre majeur des guerres totales (1914-1945)",REVIEW
2789,HISTORY,199,Nouvel ordre mondial,Enjeux et conflits dans le monde après 1989,Le monde depuis 1945,REVIEW
2790,HISTORY,181,Expérience combattante,La Première Guerre mondiale : l'expérience combattante et l'expérience des civils,"L'Europe, un théâtre majeur des guerres totales (1914-1945)",REVIEW
2790,HISTORY,199,Nouvel ordre mondial,Enjeux et conflits dans le monde après 1989,Le monde depuis 1945,REVIEW
2791,HISTORY,199,Nouvel ordre mondial,Enjeux et conflits dans le monde après 1989,Le monde depuis 1945,REVIEW
2791,HISTORY,181,Expérience combattante,La Première Guerre mondiale : l'expérience combattante et l'expérience des civils,"L'Europe, un théâtre majeur des guerres totales (1914-1945)",REVIEW
2792,HISTORY,189,Défaite et occupation,"La France défaite et occupée ; régime de Vichy, Collaboration, Résistance","L'Europe, un théâtre majeur des guerres totales (1914-1945)",REVIEW
2792,HISTORY,181,Expérience combattante,La Première Guerre mondiale : l'expérience combattante et l'expérience des civils,"L'Europe, un théâtre majeur des guerres totales (1914-1945)",REVIEW
2793,HISTORY,189,Défaite et occupation,"La France défaite et occupée ; régime de Vichy, Collaboration, Résistance","L'Europe, un théâtre majeur des guerres totales (1914-1945)",REVIEW
2793,HISTORY,181,Expérience combattante,La Première Guerre mondiale : l'expérience combattante et l'expérience des civils,"L'Europe, un théâtre majeur des guerres totales (1914-1945)",REVIEW
2794,PHYSICS_CHEMISTRY,252,Circuits électriques,Électricité et circuits,L'énergie,REVIEW
2794,PHYSICS_CHEMISTRY,256,Propagation du son,Son et signaux sonores,Des signaux pour observer et communiquer,REVIEW
2795,HISTORY,207,Immigration et société française,Femmes et hommes dans la société des années 1950 aux années 1980,Françaises et Français dans une République repensée,REVIEW
2796,HISTORY,207,Immigration et société française,Femmes et hommes dans la société des années 1950 aux années 1980,Françaises et Français dans une République repensée,REVIEW
2797,HISTORY,207,Immigration et société française,Femmes et hommes dans la société des années 1950 aux années 1980,Françaises et Français dans une République repensée,REVIEW
2798,HISTORY,207,Immigration et société française,Femmes et hommes dans la société des années 1950 aux années 1980,Françaises et Français dans une République repensée,REVIEW
2799,HISTORY,207,Immigration et société française,Femmes et hommes dans la société des années 1950 aux années 1980,Françaises et Français dans une République repensée,REVIEW
2800,HISTORY,199,Nouvel ordre mondial,Enjeux et conflits dans le monde après 1989,Le monde depuis 1945,REVIEW
2800,HISTORY,181,Expérience combattante,La Première Guerre mondiale : l'expérience combattante et l'expérience des civils,"L'Europe, un théâtre majeur des guerres totales (1914-1945)",REVIEW
2801,HISTORY,181,Expérience combattante,La Première Guerre mondiale : l'expérience combattante et l'expérience des civils,"L'Europe, un théâtre majeur des guerres totales (1914-1945)",REVIEW
2802,HISTORY,205,Transformations sociales,Femmes et hommes dans la société des années 1950 aux années 1980,Françaises et Français dans une République repensée,REVIEW
2803,HISTORY,205,Transformations sociales,Femmes et hommes dans la société des années 1950 aux années 1980,Françaises et Français dans une République repensée,REVIEW
2804,HISTORY,205,Transformations sociales,Femmes et hommes dans la société des années 1950 aux années 1980,Françaises et Français dans une République repensée,REVIEW
2805,HISTORY,205,Transformations sociales,Femmes et hommes dans la société des années 1950 aux années 1980,Françaises et Français dans une République repensée,REVIEW
2806,HISTORY,205,Transformations sociales,Femmes et hommes dans la société des années 1950 aux années 1980,Françaises et Français dans une République repensée,REVIEW
2807,PHYSICS_CHEMISTRY,250,Formes d'énergie,Formes et conversions d'énergie,L'énergie,REVIEW
2807,PHYSICS_CHEMISTRY,256,Propagation du son,Son et signaux sonores,Des signaux pour observer et communiquer,REVIEW
2808,HISTORY,205,Transformations sociales,Femmes et hommes dans la société des années 1950 aux années 1980,Françaises et Français dans une République repensée,REVIEW
2809,HISTORY,205,Transformations sociales,Femmes et hommes dans la société des années 1950 aux années 1980,Françaises et Français dans une République repensée,REVIEW
2810,HISTORY,205,Transformations sociales,Femmes et hommes dans la société des années 1950 aux années 1980,Françaises et Français dans une République repensée,REVIEW
2811,HISTORY,205,Transformations sociales,Femmes et hommes dans la société des années 1950 aux années 1980,Françaises et Français dans une République repensée,REVIEW
2812,HISTORY,205,Transformations sociales,Femmes et hommes dans la société des années 1950 aux années 1980,Françaises et Français dans une République repensée,REVIEW
2813,HISTORY,199,Nouvel ordre mondial,Enjeux et conflits dans le monde après 1989,Le monde depuis 1945,REVIEW
2813,HISTORY,181,Expérience combattante,La Première Guerre mondiale : l'expérience combattante et l'expérience des civils,"L'Europe, un théâtre majeur des guerres totales (1914-1945)",REVIEW
2814,HISTORY,205,Transformations sociales,Femmes et hommes dans la société des années 1950 aux années 1980,Françaises et Français dans une République repensée,REVIEW
2815,HISTORY,181,Expérience combattante,La Première Guerre mondiale : l'expérience combattante et l'expérience des civils,"L'Europe, un théâtre majeur des guerres totales (1914-1945)",REVIEW
2816,HISTORY,181,Expérience combattante,La Première Guerre mondiale : l'expérience combattante et l'expérience des civils,"L'Europe, un théâtre majeur des guerres totales (1914-1945)",REVIEW
2817,HISTORY,184,Régimes totalitaires,Démocraties et totalitarismes dans l'Europe de l'entre-deux-guerres,"L'Europe, un théâtre majeur des guerres totales (1914-1945)",REVIEW
2818,HISTORY,184,Régimes totalitaires,Démocraties et totalitarismes dans l'Europe de l'entre-deux-guerres,"L'Europe, un théâtre majeur des guerres totales (1914-1945)",REVIEW
2819,HISTORY,205,Transformations sociales,Femmes et hommes dans la société des années 1950 aux années 1980,Françaises et Français dans une République repensée,REVIEW
2820,HISTORY,205,Transformations sociales,Femmes et hommes dans la société des années 1950 aux années 1980,Françaises et Français dans une République repensée,REVIEW
2821,HISTORY,188,Génocide des Juifs et des Tsiganes,"La Seconde Guerre mondiale, une guerre d'anéantissement","L'Europe, un théâtre majeur des guerres totales (1914-1945)",REVIEW
2822,HISTORY,199,Nouvel ordre mondial,Enjeux et conflits dans le monde après 1989,Le monde depuis 1945,REVIEW
2822,HISTORY,181,Expérience combattante,La Première Guerre mondiale : l'expérience combattante et l'expérience des civils,"L'Europe, un théâtre majeur des guerres totales (1914-1945)",REVIEW
2823,HISTORY,199,Nouvel ordre mondial,Enjeux et conflits dans le monde après 1989,Le monde depuis 1945,REVIEW
2823,HISTORY,181,Expérience combattante,La Première Guerre mondiale : l'expérience combattante et l'expérience des civils,"L'Europe, un théâtre majeur des guerres totales (1914-1945)",REVIEW
2824,HISTORY,181,Expérience combattante,La Première Guerre mondiale : l'expérience combattante et l'expérience des civils,"L'Europe, un théâtre majeur des guerres totales (1914-1945)",REVIEW
2824,HISTORY,199,Nouvel ordre mondial,Enjeux et conflits dans le monde après 1989,Le monde depuis 1945,REVIEW
2825,HISTORY,188,Génocide des Juifs et des Tsiganes,"La Seconde Guerre mondiale, une guerre d'anéantissement","L'Europe, un théâtre majeur des guerres totales (1914-1945)",REVIEW
2826,HISTORY,181,Expérience combattante,La Première Guerre mondiale : l'expérience combattante et l'expérience des civils,"L'Europe, un théâtre majeur des guerres totales (1914-1945)",REVIEW
2827,HISTORY,199,Nouvel ordre mondial,Enjeux et conflits dans le monde après 1989,Le monde depuis 1945,REVIEW
2827,HISTORY,181,Expérience combattante,La Première Guerre mondiale : l'expérience combattante et l'expérience des civils,"L'Europe, un théâtre majeur des guerres totales (1914-1945)",REVIEW
2828,HISTORY,181,Expérience combattante,La Première Guerre mondiale : l'expérience combattante et l'expérience des civils,"L'Europe, un théâtre majeur des guerres totales (1914-1945)",REVIEW
2828,HISTORY,199,Nouvel ordre mondial,Enjeux et conflits dans le monde après 1989,Le monde depuis 1945,REVIEW
2829,HISTORY,199,Nouvel ordre mondial,Enjeux et conflits dans le monde après 1989,Le monde depuis 1945,REVIEW
2829,HISTORY,181,Expérience combattante,La Première Guerre mondiale : l'expérience combattante et l'expérience des civils,"L'Europe, un théâtre majeur des guerres totales (1914-1945)",REVIEW
2830,HISTORY,181,Expérience combattante,La Première Guerre mondiale : l'expérience combattante et l'expérience des civils,"L'Europe, un théâtre majeur des guerres totales (1914-1945)",REVIEW
2830,HISTORY,199,Nouvel ordre mondial,Enjeux et conflits dans le monde après 1989,Le monde depuis 1945,REVIEW
2831,HISTORY,199,Nouvel ordre mondial,Enjeux et conflits dans le monde après 1989,Le monde depuis 1945,REVIEW
2831,HISTORY,181,Expérience combattante,La Première Guerre mondiale : l'expérience combattante et l'expérience des civils,"L'Europe, un théâtre majeur des guerres totales (1914-1945)",REVIEW
2832,HISTORY,199,Nouvel ordre mondial,Enjeux et conflits dans le monde après 1989,Le monde depuis 1945,REVIEW
2832,HISTORY,181,Expérience combattante,La Première Guerre mondiale : l'expérience combattante et l'expérience des civils,"L'Europe, un théâtre majeur des guerres totales (1914-1945)",REVIEW
2833,HISTORY,199,Nouvel ordre mondial,Enjeux et conflits dans le monde après 1989,Le monde depuis 1945,REVIEW
2833,HISTORY,181,Expérience combattante,La Première Guerre mondiale : l'expérience combattante et l'expérience des civils,"L'Europe, un théâtre majeur des guerres totales (1914-1945)",REVIEW
2834,HISTORY,199,Nouvel ordre mondial,Enjeux et conflits dans le monde après 1989,Le monde depuis 1945,REVIEW
2834,HISTORY,181,Expérience combattante,La Première Guerre mondiale : l'expérience combattante et l'expérience des civils,"L'Europe, un théâtre majeur des guerres totales (1914-1945)",REVIEW
2835,HISTORY,199,Nouvel ordre mondial,Enjeux et conflits dans le monde après 1989,Le monde depuis 1945,REVIEW
2835,HISTORY,181,Expérience combattante,La Première Guerre mondiale : l'expérience combattante et l'expérience des civils,"L'Europe, un théâtre majeur des guerres totales (1914-1945)",REVIEW
2836,HISTORY,199,Nouvel ordre mondial,Enjeux et conflits dans le monde après 1989,Le monde depuis 1945,REVIEW
2836,HISTORY,181,Expérience combattante,La Première Guerre mondiale : l'expérience combattante et l'expérience des civils,"L'Europe, un théâtre majeur des guerres totales (1914-1945)",REVIEW
2837,HISTORY,188,Génocide des Juifs et des Tsiganes,"La Seconde Guerre mondiale, une guerre d'anéantissement","L'Europe, un théâtre majeur des guerres totales (1914-1945)",REVIEW
2838,HISTORY,184,Régimes totalitaires,Démocraties et totalitarismes dans l'Europe de l'entre-deux-guerres,"L'Europe, un théâtre majeur des guerres totales (1914-1945)",REVIEW
2839,HISTORY,188,Génocide des Juifs et des Tsiganes,"La Seconde Guerre mondiale, une guerre d'anéantissement","L'Europe, un théâtre majeur des guerres totales (1914-1945)",REVIEW
2840,HISTORY,188,Génocide des Juifs et des Tsiganes,"La Seconde Guerre mondiale, une guerre d'anéantissement","L'Europe, un théâtre majeur des guerres totales (1914-1945)",REVIEW
2841,HISTORY,205,Transformations sociales,Femmes et hommes dans la société des années 1950 aux années 1980,Françaises et Français dans une République repensée,REVIEW
2842,HISTORY,205,Transformations sociales,Femmes et hommes dans la société des années 1950 aux années 1980,Françaises et Français dans une République repensée,REVIEW
2843,HISTORY,205,Transformations sociales,Femmes et hommes dans la société des années 1950 aux années 1980,Françaises et Français dans une République repensée,REVIEW
2844,HISTORY,205,Transformations sociales,Femmes et hommes dans la société des années 1950 aux années 1980,Françaises et Français dans une République repensée,REVIEW
2845,HISTORY,205,Transformations sociales,Femmes et hommes dans la société des années 1950 aux années 1980,Françaises et Français dans une République repensée,REVIEW
2846,HISTORY,205,Transformations sociales,Femmes et hommes dans la société des années 1950 aux années 1980,Françaises et Français dans une République repensée,REVIEW
2847,HISTORY,205,Transformations sociales,Femmes et hommes dans la société des années 1950 aux années 1980,Françaises et Français dans une République repensée,REVIEW
2848,HISTORY,181,Expérience combattante,La Première Guerre mondiale : l'expérience combattante et l'expérience des civils,"L'Europe, un théâtre majeur des guerres totales (1914-1945)",REVIEW
2849,HISTORY,207,Immigration et société française,Femmes et hommes dans la société des années 1950 aux années 1980,Françaises et Français dans une République repensée,REVIEW
2850,HISTORY,207,Immigration et société française,Femmes et hommes dans la société des années 1950 aux années 1980,Françaises et Français dans une République repensée,REVIEW
2851,HISTORY,207,Immigration et société française,Femmes et hommes dans la société des années 1950 aux années 1980,Françaises et Français dans une République repensée,REVIEW
2852,HISTORY,207,Immigration et société française,Femmes et hommes dans la société des années 1950 aux années 1980,Françaises et Français dans une République repensée,REVIEW
2853,HISTORY,207,Immigration et société française,Femmes et hommes dans la société des années 1950 aux années 1980,Françaises et Français dans une République repensée,REVIEW
2854,HISTORY,197,Origines du projet européen,Affirmation et mise en œuvre du projet européen,Le monde depuis 1945,REVIEW
2855,HISTORY,197,Origines du projet européen,Affirmation et mise en œuvre du projet européen,Le monde depuis 1945,REVIEW
2856,HISTORY,197,Origines du projet européen,Affirmation et mise en œuvre du projet européen,Le monde depuis 1945,REVIEW
2857,HISTORY,197,Origines du projet européen,Affirmation et mise en œuvre du projet européen,Le monde depuis 1945,REVIEW
2858,HISTORY,197,Origines du projet européen,Affirmation et mise en œuvre du projet européen,Le monde depuis 1945,REVIEW
2859,HISTORY,197,Origines du projet européen,Affirmation et mise en œuvre du projet européen,Le monde depuis 1945,REVIEW
2860,HISTORY,187,Guerre mondiale et anéantissement,"La Seconde Guerre mondiale, une guerre d'anéantissement","L'Europe, un théâtre majeur des guerres totales (1914-1945)",REVIEW
2861,HISTORY,181,Expérience combattante,La Première Guerre mondiale : l'expérience combattante et l'expérience des civils,"L'Europe, un théâtre majeur des guerres totales (1914-1945)",REVIEW
2862,HISTORY,199,Nouvel ordre mondial,Enjeux et conflits dans le monde après 1989,Le monde depuis 1945,REVIEW
2863,HISTORY,199,Nouvel ordre mondial,Enjeux et conflits dans le monde après 1989,Le monde depuis 1945,REVIEW
2864,HISTORY,199,Nouvel ordre mondial,Enjeux et conflits dans le monde après 1989,Le monde depuis 1945,REVIEW
2865,HISTORY,199,Nouvel ordre mondial,Enjeux et conflits dans le monde après 1989,Le monde depuis 1945,REVIEW
2866,HISTORY,188,Génocide des Juifs et des Tsiganes,"La Seconde Guerre mondiale, une guerre d'anéantissement","L'Europe, un théâtre majeur des guerres totales (1914-1945)",REVIEW
2867,HISTORY,184,Régimes totalitaires,Démocraties et totalitarismes dans l'Europe de l'entre-deux-guerres,"L'Europe, un théâtre majeur des guerres totales (1914-1945)",REVIEW
2868,HISTORY,184,Régimes totalitaires,Démocraties et totalitarismes dans l'Europe de l'entre-deux-guerres,"L'Europe, un théâtre majeur des guerres totales (1914-1945)",REVIEW
2869,HISTORY,188,Génocide des Juifs et des Tsiganes,"La Seconde Guerre mondiale, une guerre d'anéantissement","L'Europe, un théâtre majeur des guerres totales (1914-1945)",REVIEW
2870,HISTORY,188,Génocide des Juifs et des Tsiganes,"La Seconde Guerre mondiale, une guerre d'anéantissement","L'Europe, un théâtre majeur des guerres totales (1914-1945)",REVIEW
2871,HISTORY,206,Place des femmes,Femmes et hommes dans la société des années 1950 aux années 1980,Françaises et Français dans une République repensée,REVIEW
2872,HISTORY,199,Nouvel ordre mondial,Enjeux et conflits dans le monde après 1989,Le monde depuis 1945,REVIEW
2872,HISTORY,181,Expérience combattante,La Première Guerre mondiale : l'expérience combattante et l'expérience des civils,"L'Europe, un théâtre majeur des guerres totales (1914-1945)",REVIEW
2873,HISTORY,205,Transformations sociales,Femmes et hommes dans la société des années 1950 aux années 1980,Françaises et Français dans une République repensée,REVIEW
2874,HISTORY,207,Immigration et société française,Femmes et hommes dans la société des années 1950 aux années 1980,Françaises et Français dans une République repensée,REVIEW
2875,HISTORY,207,Immigration et société française,Femmes et hommes dans la société des années 1950 aux années 1980,Françaises et Français dans une République repensée,REVIEW
2876,HISTORY,207,Immigration et société française,Femmes et hommes dans la société des années 1950 aux années 1980,Françaises et Français dans une République repensée,REVIEW
2877,HISTORY,207,Immigration et société française,Femmes et hommes dans la société des années 1950 aux années 1980,Françaises et Français dans une République repensée,REVIEW
2878,HISTORY,207,Immigration et société française,Femmes et hommes dans la société des années 1950 aux années 1980,Françaises et Français dans une République repensée,REVIEW
2879,HISTORY,207,Immigration et société française,Femmes et hommes dans la société des années 1950 aux années 1980,Françaises et Français dans une République repensée,REVIEW
2880,HISTORY,181,Expérience combattante,La Première Guerre mondiale : l'expérience combattante et l'expérience des civils,"L'Europe, un théâtre majeur des guerres totales (1914-1945)",REVIEW
2880,HISTORY,199,Nouvel ordre mondial,Enjeux et conflits dans le monde après 1989,Le monde depuis 1945,REVIEW
2881,PHYSICS_CHEMISTRY,250,Formes d'énergie,Formes et conversions d'énergie,L'énergie,REVIEW
2881,PHYSICS_CHEMISTRY,248,Identifier des forces,Forces et interactions,Mouvements et interactions,REVIEW
2882,HISTORY,181,Expérience combattante,La Première Guerre mondiale : l'expérience combattante et l'expérience des civils,"L'Europe, un théâtre majeur des guerres totales (1914-1945)",REVIEW
2882,HISTORY,189,Défaite et occupation,"La France défaite et occupée ; régime de Vichy, Collaboration, Résistance","L'Europe, un théâtre majeur des guerres totales (1914-1945)",REVIEW
2883,HISTORY,189,Défaite et occupation,"La France défaite et occupée ; régime de Vichy, Collaboration, Résistance","L'Europe, un théâtre majeur des guerres totales (1914-1945)",REVIEW
2883,HISTORY,181,Expérience combattante,La Première Guerre mondiale : l'expérience combattante et l'expérience des civils,"L'Europe, un théâtre majeur des guerres totales (1914-1945)",REVIEW
2884,HISTORY,181,Expérience combattante,La Première Guerre mondiale : l'expérience combattante et l'expérience des civils,"L'Europe, un théâtre majeur des guerres totales (1914-1945)",REVIEW
2884,HISTORY,189,Défaite et occupation,"La France défaite et occupée ; régime de Vichy, Collaboration, Résistance","L'Europe, un théâtre majeur des guerres totales (1914-1945)",REVIEW
2885,HISTORY,181,Expérience combattante,La Première Guerre mondiale : l'expérience combattante et l'expérience des civils,"L'Europe, un théâtre majeur des guerres totales (1914-1945)",REVIEW
2885,HISTORY,189,Défaite et occupation,"La France défaite et occupée ; régime de Vichy, Collaboration, Résistance","L'Europe, un théâtre majeur des guerres totales (1914-1945)",REVIEW
2886,HISTORY,181,Expérience combattante,La Première Guerre mondiale : l'expérience combattante et l'expérience des civils,"L'Europe, un théâtre majeur des guerres totales (1914-1945)",REVIEW
2886,HISTORY,189,Défaite et occupation,"La France défaite et occupée ; régime de Vichy, Collaboration, Résistance","L'Europe, un théâtre majeur des guerres totales (1914-1945)",REVIEW
2887,HISTORY,197,Origines du projet européen,Affirmation et mise en œuvre du projet européen,Le monde depuis 1945,REVIEW
2888,HISTORY,197,Origines du projet européen,Affirmation et mise en œuvre du projet européen,Le monde depuis 1945,REVIEW
2889,HISTORY,197,Origines du projet européen,Affirmation et mise en œuvre du projet européen,Le monde depuis 1945,REVIEW
2890,HISTORY,197,Origines du projet européen,Affirmation et mise en œuvre du projet européen,Le monde depuis 1945,REVIEW
2891,HISTORY,197,Origines du projet européen,Affirmation et mise en œuvre du projet européen,Le monde depuis 1945,REVIEW
2892,HISTORY,197,Origines du projet européen,Affirmation et mise en œuvre du projet européen,Le monde depuis 1945,REVIEW
2893,HISTORY,197,Origines du projet européen,Affirmation et mise en œuvre du projet européen,Le monde depuis 1945,REVIEW
2894,HISTORY,205,Transformations sociales,Femmes et hommes dans la société des années 1950 aux années 1980,Françaises et Français dans une République repensée,REVIEW
2895,HISTORY,205,Transformations sociales,Femmes et hommes dans la société des années 1950 aux années 1980,Françaises et Français dans une République repensée,REVIEW
2896,HISTORY,205,Transformations sociales,Femmes et hommes dans la société des années 1950 aux années 1980,Françaises et Français dans une République repensée,REVIEW
2897,HISTORY,197,Origines du projet européen,Affirmation et mise en œuvre du projet européen,Le monde depuis 1945,REVIEW
2898,HISTORY,194,Blocs Est / Ouest,Un monde bipolaire au temps de la Guerre froide,Le monde depuis 1945,REVIEW
2899,HISTORY,188,Génocide des Juifs et des Tsiganes,"La Seconde Guerre mondiale, une guerre d'anéantissement","L'Europe, un théâtre majeur des guerres totales (1914-1945)",REVIEW
2900,HISTORY,184,Régimes totalitaires,Démocraties et totalitarismes dans l'Europe de l'entre-deux-guerres,"L'Europe, un théâtre majeur des guerres totales (1914-1945)",REVIEW
2901,HISTORY,184,Régimes totalitaires,Démocraties et totalitarismes dans l'Europe de l'entre-deux-guerres,"L'Europe, un théâtre majeur des guerres totales (1914-1945)",REVIEW
2902,HISTORY,184,Régimes totalitaires,Démocraties et totalitarismes dans l'Europe de l'entre-deux-guerres,"L'Europe, un théâtre majeur des guerres totales (1914-1945)",REVIEW
2903,HISTORY,188,Génocide des Juifs et des Tsiganes,"La Seconde Guerre mondiale, une guerre d'anéantissement","L'Europe, un théâtre majeur des guerres totales (1914-1945)",REVIEW
2904,HISTORY,188,Génocide des Juifs et des Tsiganes,"La Seconde Guerre mondiale, une guerre d'anéantissement","L'Europe, un théâtre majeur des guerres totales (1914-1945)",REVIEW
2905,HISTORY,206,Place des femmes,Femmes et hommes dans la société des années 1950 aux années 1980,Françaises et Français dans une République repensée,REVIEW
2906,HISTORY,206,Place des femmes,Femmes et hommes dans la société des années 1950 aux années 1980,Françaises et Français dans une République repensée,REVIEW
2907,HISTORY,206,Place des femmes,Femmes et hommes dans la société des années 1950 aux années 1980,Françaises et Français dans une République repensée,REVIEW
2908,HISTORY,206,Place des femmes,Femmes et hommes dans la société des années 1950 aux années 1980,Françaises et Français dans une République repensée,REVIEW
2909,HISTORY,194,Blocs Est / Ouest,Un monde bipolaire au temps de la Guerre froide,Le monde depuis 1945,REVIEW
2910,HISTORY,181,Expérience combattante,La Première Guerre mondiale : l'expérience combattante et l'expérience des civils,"L'Europe, un théâtre majeur des guerres totales (1914-1945)",REVIEW
2910,HISTORY,189,Défaite et occupation,"La France défaite et occupée ; régime de Vichy, Collaboration, Résistance","L'Europe, un théâtre majeur des guerres totales (1914-1945)",REVIEW
2911,HISTORY,181,Expérience combattante,La Première Guerre mondiale : l'expérience combattante et l'expérience des civils,"L'Europe, un théâtre majeur des guerres totales (1914-1945)",REVIEW
2911,HISTORY,189,Défaite et occupation,"La France défaite et occupée ; régime de Vichy, Collaboration, Résistance","L'Europe, un théâtre majeur des guerres totales (1914-1945)",REVIEW
2912,HISTORY,181,Expérience combattante,La Première Guerre mondiale : l'expérience combattante et l'expérience des civils,"L'Europe, un théâtre majeur des guerres totales (1914-1945)",REVIEW
2912,HISTORY,189,Défaite et occupation,"La France défaite et occupée ; régime de Vichy, Collaboration, Résistance","L'Europe, un théâtre majeur des guerres totales (1914-1945)",REVIEW
2913,HISTORY,181,Expérience combattante,La Première Guerre mondiale : l'expérience combattante et l'expérience des civils,"L'Europe, un théâtre majeur des guerres totales (1914-1945)",REVIEW
2913,HISTORY,189,Défaite et occupation,"La France défaite et occupée ; régime de Vichy, Collaboration, Résistance","L'Europe, un théâtre majeur des guerres totales (1914-1945)",REVIEW
2914,HISTORY,181,Expérience combattante,La Première Guerre mondiale : l'expérience combattante et l'expérience des civils,"L'Europe, un théâtre majeur des guerres totales (1914-1945)",REVIEW
2914,HISTORY,189,Défaite et occupation,"La France défaite et occupée ; régime de Vichy, Collaboration, Résistance","L'Europe, un théâtre majeur des guerres totales (1914-1945)",REVIEW
2915,HISTORY,184,Régimes totalitaires,Démocraties et totalitarismes dans l'Europe de l'entre-deux-guerres,"L'Europe, un théâtre majeur des guerres totales (1914-1945)",REVIEW
2916,HISTORY,205,Transformations sociales,Femmes et hommes dans la société des années 1950 aux années 1980,Françaises et Français dans une République repensée,REVIEW
2917,HISTORY,184,Régimes totalitaires,Démocraties et totalitarismes dans l'Europe de l'entre-deux-guerres,"L'Europe, un théâtre majeur des guerres totales (1914-1945)",REVIEW
2918,HISTORY,205,Transformations sociales,Femmes et hommes dans la société des années 1950 aux années 1980,Françaises et Français dans une République repensée,REVIEW
2919,HISTORY,205,Transformations sociales,Femmes et hommes dans la société des années 1950 aux années 1980,Françaises et Français dans une République repensée,REVIEW
2920,HISTORY,207,Immigration et société française,Femmes et hommes dans la société des années 1950 aux années 1980,Françaises et Français dans une République repensée,REVIEW
2921,HISTORY,207,Immigration et société française,Femmes et hommes dans la société des années 1950 aux années 1980,Françaises et Français dans une République repensée,REVIEW
2922,HISTORY,207,Immigration et société française,Femmes et hommes dans la société des années 1950 aux années 1980,Françaises et Français dans une République repensée,REVIEW
2923,HISTORY,189,Défaite et occupation,"La France défaite et occupée ; régime de Vichy, Collaboration, Résistance","L'Europe, un théâtre majeur des guerres totales (1914-1945)",REVIEW
2923,HISTORY,181,Expérience combattante,La Première Guerre mondiale : l'expérience combattante et l'expérience des civils,"L'Europe, un théâtre majeur des guerres totales (1914-1945)",REVIEW
2924,FRENCH,105,Traiter le sujet,Rédaction DNB,Formats d'épreuve DNB,REVIEW
2924,FRENCH,92,Sens des mots,Vocabulaire,"Langue (grammaire, conjugaison, orthographe, vocabulaire)",REVIEW
2925,HISTORY,197,Origines du projet européen,Affirmation et mise en œuvre du projet européen,Le monde depuis 1945,REVIEW
2926,HISTORY,197,Origines du projet européen,Affirmation et mise en œuvre du projet européen,Le monde depuis 1945,REVIEW
2927,HISTORY,197,Origines du projet européen,Affirmation et mise en œuvre du projet européen,Le monde depuis 1945,REVIEW
2928,HISTORY,197,Origines du projet européen,Affirmation et mise en œuvre du projet européen,Le monde depuis 1945,REVIEW
2929,HISTORY,197,Origines du projet européen,Affirmation et mise en œuvre du projet européen,Le monde depuis 1945,REVIEW
2930,HISTORY,197,Origines du projet européen,Affirmation et mise en œuvre du projet européen,Le monde depuis 1945,REVIEW
2931,HISTORY,181,Expérience combattante,La Première Guerre mondiale : l'expérience combattante et l'expérience des civils,"L'Europe, un théâtre majeur des guerres totales (1914-1945)",REVIEW
2931,HISTORY,199,Nouvel ordre mondial,Enjeux et conflits dans le monde après 1989,Le monde depuis 1945,REVIEW
2932,HISTORY,181,Expérience combattante,La Première Guerre mondiale : l'expérience combattante et l'expérience des civils,"L'Europe, un théâtre majeur des guerres totales (1914-1945)",REVIEW
2932,HISTORY,199,Nouvel ordre mondial,Enjeux et conflits dans le monde après 1989,Le monde depuis 1945,REVIEW
2933,HISTORY,181,Expérience combattante,La Première Guerre mondiale : l'expérience combattante et l'expérience des civils,"L'Europe, un théâtre majeur des guerres totales (1914-1945)",REVIEW
2933,HISTORY,199,Nouvel ordre mondial,Enjeux et conflits dans le monde après 1989,Le monde depuis 1945,REVIEW
2934,HISTORY,181,Expérience combattante,La Première Guerre mondiale : l'expérience combattante et l'expérience des civils,"L'Europe, un théâtre majeur des guerres totales (1914-1945)",REVIEW
2934,HISTORY,199,Nouvel ordre mondial,Enjeux et conflits dans le monde après 1989,Le monde depuis 1945,REVIEW
2935,HISTORY,181,Expérience combattante,La Première Guerre mondiale : l'expérience combattante et l'expérience des civils,"L'Europe, un théâtre majeur des guerres totales (1914-1945)",REVIEW
2935,HISTORY,189,Défaite et occupation,"La France défaite et occupée ; régime de Vichy, Collaboration, Résistance","L'Europe, un théâtre majeur des guerres totales (1914-1945)",REVIEW
2936,HISTORY,197,Origines du projet européen,Affirmation et mise en œuvre du projet européen,Le monde depuis 1945,REVIEW
2937,HISTORY,197,Origines du projet européen,Affirmation et mise en œuvre du projet européen,Le monde depuis 1945,REVIEW
2938,HISTORY,197,Origines du projet européen,Affirmation et mise en œuvre du projet européen,Le monde depuis 1945,REVIEW
2939,HISTORY,197,Origines du projet européen,Affirmation et mise en œuvre du projet européen,Le monde depuis 1945,REVIEW
2940,MATHEMATICS,146,Calculer des aires,Aires et volumes,Grandeurs et mesures,REVIEW
2940,MATHEMATICS,133,Organiser des données,Statistiques,"Organisation et gestion de données, fonctions",REVIEW
2941,MATHEMATICS,146,Calculer des aires,Aires et volumes,Grandeurs et mesures,REVIEW
2941,MATHEMATICS,133,Organiser des données,Statistiques,"Organisation et gestion de données, fonctions",REVIEW
2942,MATHEMATICS,146,Calculer des aires,Aires et volumes,Grandeurs et mesures,REVIEW
2942,MATHEMATICS,133,Organiser des données,Statistiques,"Organisation et gestion de données, fonctions",REVIEW
2943,MATHEMATICS,146,Calculer des aires,Aires et volumes,Grandeurs et mesures,REVIEW
2943,MATHEMATICS,133,Organiser des données,Statistiques,"Organisation et gestion de données, fonctions",REVIEW
2944,MATHEMATICS,146,Calculer des aires,Aires et volumes,Grandeurs et mesures,REVIEW
2944,MATHEMATICS,133,Organiser des données,Statistiques,"Organisation et gestion de données, fonctions",REVIEW
2945,MATHEMATICS,146,Calculer des aires,Aires et volumes,Grandeurs et mesures,REVIEW
2945,MATHEMATICS,133,Organiser des données,Statistiques,"Organisation et gestion de données, fonctions",REVIEW
2946,FRENCH,89,Orthographe lexicale,Orthographe et accords,"Langue (grammaire, conjugaison, orthographe, vocabulaire)",REVIEW
2946,FRENCH,21,Orthographe,Orthographe,Français — programme 3e,REVIEW
2947,FRENCH,103,Questions de compréhension,Compréhension et compétences linguistiques (DNB),Formats d'épreuve DNB,REVIEW
2947,FRENCH,89,Orthographe lexicale,Orthographe et accords,"Langue (grammaire, conjugaison, orthographe, vocabulaire)",REVIEW
2948,FRENCH,103,Questions de compréhension,Compréhension et compétences linguistiques (DNB),Formats d'épreuve DNB,REVIEW
2948,FRENCH,89,Orthographe lexicale,Orthographe et accords,"Langue (grammaire, conjugaison, orthographe, vocabulaire)",REVIEW
2949,FRENCH,103,Questions de compréhension,Compréhension et compétences linguistiques (DNB),Formats d'épreuve DNB,REVIEW
2949,FRENCH,89,Orthographe lexicale,Orthographe et accords,"Langue (grammaire, conjugaison, orthographe, vocabulaire)",REVIEW
2950,FRENCH,103,Questions de compréhension,Compréhension et compétences linguistiques (DNB),Formats d'épreuve DNB,REVIEW
2950,FRENCH,89,Orthographe lexicale,Orthographe et accords,"Langue (grammaire, conjugaison, orthographe, vocabulaire)",REVIEW
2951,FRENCH,103,Questions de compréhension,Compréhension et compétences linguistiques (DNB),Formats d'épreuve DNB,REVIEW
2951,FRENCH,89,Orthographe lexicale,Orthographe et accords,"Langue (grammaire, conjugaison, orthographe, vocabulaire)",REVIEW
2952,FRENCH,103,Questions de compréhension,Compréhension et compétences linguistiques (DNB),Formats d'épreuve DNB,REVIEW
2952,FRENCH,89,Orthographe lexicale,Orthographe et accords,"Langue (grammaire, conjugaison, orthographe, vocabulaire)",REVIEW
2953,FRENCH,103,Questions de compréhension,Compréhension et compétences linguistiques (DNB),Formats d'épreuve DNB,REVIEW
2953,FRENCH,89,Orthographe lexicale,Orthographe et accords,"Langue (grammaire, conjugaison, orthographe, vocabulaire)",REVIEW
2954,FRENCH,103,Questions de compréhension,Compréhension et compétences linguistiques (DNB),Formats d'épreuve DNB,REVIEW
2954,FRENCH,89,Orthographe lexicale,Orthographe et accords,"Langue (grammaire, conjugaison, orthographe, vocabulaire)",REVIEW
2955,FRENCH,103,Questions de compréhension,Compréhension et compétences linguistiques (DNB),Formats d'épreuve DNB,REVIEW
2955,FRENCH,89,Orthographe lexicale,Orthographe et accords,"Langue (grammaire, conjugaison, orthographe, vocabulaire)",REVIEW
2956,FRENCH,105,Traiter le sujet,Rédaction DNB,Formats d'épreuve DNB,REVIEW
2956,FRENCH,103,Questions de compréhension,Compréhension et compétences linguistiques (DNB),Formats d'épreuve DNB,REVIEW
2957,FRENCH,105,Traiter le sujet,Rédaction DNB,Formats d'épreuve DNB,REVIEW
2957,FRENCH,103,Questions de compréhension,Compréhension et compétences linguistiques (DNB),Formats d'épreuve DNB,REVIEW
2958,FRENCH,103,Questions de compréhension,Compréhension et compétences linguistiques (DNB),Formats d'épreuve DNB,REVIEW
2958,FRENCH,89,Orthographe lexicale,Orthographe et accords,"Langue (grammaire, conjugaison, orthographe, vocabulaire)",REVIEW
2959,FRENCH,103,Questions de compréhension,Compréhension et compétences linguistiques (DNB),Formats d'épreuve DNB,REVIEW
2959,FRENCH,89,Orthographe lexicale,Orthographe et accords,"Langue (grammaire, conjugaison, orthographe, vocabulaire)",REVIEW
2960,FRENCH,103,Questions de compréhension,Compréhension et compétences linguistiques (DNB),Formats d'épreuve DNB,REVIEW
2960,FRENCH,89,Orthographe lexicale,Orthographe et accords,"Langue (grammaire, conjugaison, orthographe, vocabulaire)",REVIEW
2961,FRENCH,103,Questions de compréhension,Compréhension et compétences linguistiques (DNB),Formats d'épreuve DNB,REVIEW
2961,FRENCH,89,Orthographe lexicale,Orthographe et accords,"Langue (grammaire, conjugaison, orthographe, vocabulaire)",REVIEW
2962,FRENCH,103,Questions de compréhension,Compréhension et compétences linguistiques (DNB),Formats d'épreuve DNB,REVIEW
2962,FRENCH,89,Orthographe lexicale,Orthographe et accords,"Langue (grammaire, conjugaison, orthographe, vocabulaire)",REVIEW
2963,FRENCH,103,Questions de compréhension,Compréhension et compétences linguistiques (DNB),Formats d'épreuve DNB,REVIEW
2963,FRENCH,89,Orthographe lexicale,Orthographe et accords,"Langue (grammaire, conjugaison, orthographe, vocabulaire)",REVIEW
2964,FRENCH,103,Questions de compréhension,Compréhension et compétences linguistiques (DNB),Formats d'épreuve DNB,REVIEW
2964,FRENCH,89,Orthographe lexicale,Orthographe et accords,"Langue (grammaire, conjugaison, orthographe, vocabulaire)",REVIEW
2965,FRENCH,103,Questions de compréhension,Compréhension et compétences linguistiques (DNB),Formats d'épreuve DNB,REVIEW
2965,FRENCH,89,Orthographe lexicale,Orthographe et accords,"Langue (grammaire, conjugaison, orthographe, vocabulaire)",REVIEW
2966,FRENCH,103,Questions de compréhension,Compréhension et compétences linguistiques (DNB),Formats d'épreuve DNB,REVIEW
2966,FRENCH,89,Orthographe lexicale,Orthographe et accords,"Langue (grammaire, conjugaison, orthographe, vocabulaire)",REVIEW
2967,FRENCH,103,Questions de compréhension,Compréhension et compétences linguistiques (DNB),Formats d'épreuve DNB,REVIEW
2967,FRENCH,89,Orthographe lexicale,Orthographe et accords,"Langue (grammaire, conjugaison, orthographe, vocabulaire)",REVIEW
2968,FRENCH,103,Questions de compréhension,Compréhension et compétences linguistiques (DNB),Formats d'épreuve DNB,REVIEW
2968,FRENCH,89,Orthographe lexicale,Orthographe et accords,"Langue (grammaire, conjugaison, orthographe, vocabulaire)",REVIEW
2969,MATHEMATICS,107,Comparer et ordonner,Nombres relatifs et rationnels,Nombres et calculs,REVIEW
2970,MATHEMATICS,107,Comparer et ordonner,Nombres relatifs et rationnels,Nombres et calculs,REVIEW
2971,MATHEMATICS,121,Développer,"Développement, réduction et factorisation",Nombres et calculs,REVIEW
2972,MATHEMATICS,121,Développer,"Développement, réduction et factorisation",Nombres et calculs,REVIEW
2973,MATHEMATICS,146,Calculer des aires,Aires et volumes,Grandeurs et mesures,REVIEW
2974,MATHEMATICS,146,Calculer des aires,Aires et volumes,Grandeurs et mesures,REVIEW
2975,MATHEMATICS,146,Calculer des aires,Aires et volumes,Grandeurs et mesures,REVIEW
2976,MATHEMATICS,146,Calculer des aires,Aires et volumes,Grandeurs et mesures,REVIEW
2977,MATHEMATICS,146,Calculer des aires,Aires et volumes,Grandeurs et mesures,REVIEW
2978,MATHEMATICS,107,Comparer et ordonner,Nombres relatifs et rationnels,Nombres et calculs,REVIEW
2979,MATHEMATICS,107,Comparer et ordonner,Nombres relatifs et rationnels,Nombres et calculs,REVIEW
2980,MATHEMATICS,107,Comparer et ordonner,Nombres relatifs et rationnels,Nombres et calculs,REVIEW
2981,MATHEMATICS,107,Comparer et ordonner,Nombres relatifs et rationnels,Nombres et calculs,REVIEW
2982,MATHEMATICS,146,Calculer des aires,Aires et volumes,Grandeurs et mesures,REVIEW
2983,MATHEMATICS,107,Comparer et ordonner,Nombres relatifs et rationnels,Nombres et calculs,REVIEW
2984,MATHEMATICS,107,Comparer et ordonner,Nombres relatifs et rationnels,Nombres et calculs,REVIEW
2985,MATHEMATICS,107,Comparer et ordonner,Nombres relatifs et rationnels,Nombres et calculs,REVIEW
2986,MATHEMATICS,107,Comparer et ordonner,Nombres relatifs et rationnels,Nombres et calculs,REVIEW
2987,MATHEMATICS,121,Développer,"Développement, réduction et factorisation",Nombres et calculs,REVIEW
2988,MATHEMATICS,107,Comparer et ordonner,Nombres relatifs et rationnels,Nombres et calculs,REVIEW
2989,MATHEMATICS,107,Comparer et ordonner,Nombres relatifs et rationnels,Nombres et calculs,REVIEW
2990,MATHEMATICS,121,Développer,"Développement, réduction et factorisation",Nombres et calculs,REVIEW
2991,MATHEMATICS,136,Vocabulaire des probabilités,Probabilités,"Organisation et gestion de données, fonctions",REVIEW
2991,MATHEMATICS,107,Comparer et ordonner,Nombres relatifs et rationnels,Nombres et calculs,REVIEW
2992,MATHEMATICS,136,Vocabulaire des probabilités,Probabilités,"Organisation et gestion de données, fonctions",REVIEW
2993,MATHEMATICS,136,Vocabulaire des probabilités,Probabilités,"Organisation et gestion de données, fonctions",REVIEW
2993,MATHEMATICS,107,Comparer et ordonner,Nombres relatifs et rationnels,Nombres et calculs,REVIEW
2994,MATHEMATICS,136,Vocabulaire des probabilités,Probabilités,"Organisation et gestion de données, fonctions",REVIEW
2995,MATHEMATICS,136,Vocabulaire des probabilités,Probabilités,"Organisation et gestion de données, fonctions",REVIEW
2996,MATHEMATICS,136,Vocabulaire des probabilités,Probabilités,"Organisation et gestion de données, fonctions",REVIEW
2996,MATHEMATICS,107,Comparer et ordonner,Nombres relatifs et rationnels,Nombres et calculs,REVIEW
2997,MATHEMATICS,136,Vocabulaire des probabilités,Probabilités,"Organisation et gestion de données, fonctions",REVIEW
2998,MATHEMATICS,136,Vocabulaire des probabilités,Probabilités,"Organisation et gestion de données, fonctions",REVIEW
2999,MATHEMATICS,136,Vocabulaire des probabilités,Probabilités,"Organisation et gestion de données, fonctions",REVIEW
3000,PHYSICS_CHEMISTRY,252,Circuits électriques,Électricité et circuits,L'énergie,REVIEW
3000,PHYSICS_CHEMISTRY,250,Formes d'énergie,Formes et conversions d'énergie,L'énergie,REVIEW
3001,PHYSICS_CHEMISTRY,250,Formes d'énergie,Formes et conversions d'énergie,L'énergie,REVIEW
3001,PHYSICS_CHEMISTRY,256,Propagation du son,Son et signaux sonores,Des signaux pour observer et communiquer,REVIEW
3002,PHYSICS_CHEMISTRY,256,Propagation du son,Son et signaux sonores,Des signaux pour observer et communiquer,REVIEW
3002,PHYSICS_CHEMISTRY,252,Circuits électriques,Électricité et circuits,L'énergie,REVIEW
3003,PHYSICS_CHEMISTRY,250,Formes d'énergie,Formes et conversions d'énergie,L'énergie,REVIEW
3003,PHYSICS_CHEMISTRY,256,Propagation du son,Son et signaux sonores,Des signaux pour observer et communiquer,REVIEW
3004,FRENCH,84,Classes grammaticales,Grammaire et syntaxe,"Langue (grammaire, conjugaison, orthographe, vocabulaire)",REVIEW
3004,FRENCH,103,Questions de compréhension,Compréhension et compétences linguistiques (DNB),Formats d'épreuve DNB,REVIEW
3005,FRENCH,84,Classes grammaticales,Grammaire et syntaxe,"Langue (grammaire, conjugaison, orthographe, vocabulaire)",REVIEW
3005,FRENCH,103,Questions de compréhension,Compréhension et compétences linguistiques (DNB),Formats d'épreuve DNB,REVIEW
3006,FRENCH,84,Classes grammaticales,Grammaire et syntaxe,"Langue (grammaire, conjugaison, orthographe, vocabulaire)",REVIEW
3006,FRENCH,103,Questions de compréhension,Compréhension et compétences linguistiques (DNB),Formats d'épreuve DNB,REVIEW
3007,FRENCH,92,Sens des mots,Vocabulaire,"Langue (grammaire, conjugaison, orthographe, vocabulaire)",REVIEW
3007,FRENCH,84,Classes grammaticales,Grammaire et syntaxe,"Langue (grammaire, conjugaison, orthographe, vocabulaire)",REVIEW
3008,FRENCH,84,Classes grammaticales,Grammaire et syntaxe,"Langue (grammaire, conjugaison, orthographe, vocabulaire)",REVIEW
3008,FRENCH,103,Questions de compréhension,Compréhension et compétences linguistiques (DNB),Formats d'épreuve DNB,REVIEW
3009,FRENCH,84,Classes grammaticales,Grammaire et syntaxe,"Langue (grammaire, conjugaison, orthographe, vocabulaire)",REVIEW
3009,FRENCH,103,Questions de compréhension,Compréhension et compétences linguistiques (DNB),Formats d'épreuve DNB,REVIEW
3010,FRENCH,84,Classes grammaticales,Grammaire et syntaxe,"Langue (grammaire, conjugaison, orthographe, vocabulaire)",REVIEW
3010,FRENCH,103,Questions de compréhension,Compréhension et compétences linguistiques (DNB),Formats d'épreuve DNB,REVIEW
3011,FRENCH,84,Classes grammaticales,Grammaire et syntaxe,"Langue (grammaire, conjugaison, orthographe, vocabulaire)",REVIEW
3011,FRENCH,103,Questions de compréhension,Compréhension et compétences linguistiques (DNB),Formats d'épreuve DNB,REVIEW
3012,FRENCH,84,Classes grammaticales,Grammaire et syntaxe,"Langue (grammaire, conjugaison, orthographe, vocabulaire)",REVIEW
3012,FRENCH,103,Questions de compréhension,Compréhension et compétences linguistiques (DNB),Formats d'épreuve DNB,REVIEW
3013,FRENCH,84,Classes grammaticales,Grammaire et syntaxe,"Langue (grammaire, conjugaison, orthographe, vocabulaire)",REVIEW
3013,FRENCH,103,Questions de compréhension,Compréhension et compétences linguistiques (DNB),Formats d'épreuve DNB,REVIEW
3014,FRENCH,84,Classes grammaticales,Grammaire et syntaxe,"Langue (grammaire, conjugaison, orthographe, vocabulaire)",REVIEW
3014,FRENCH,103,Questions de compréhension,Compréhension et compétences linguistiques (DNB),Formats d'épreuve DNB,REVIEW
3015,FRENCH,84,Classes grammaticales,Grammaire et syntaxe,"Langue (grammaire, conjugaison, orthographe, vocabulaire)",REVIEW
3015,FRENCH,103,Questions de compréhension,Compréhension et compétences linguistiques (DNB),Formats d'épreuve DNB,REVIEW
3016,FRENCH,84,Classes grammaticales,Grammaire et syntaxe,"Langue (grammaire, conjugaison, orthographe, vocabulaire)",REVIEW
3016,FRENCH,103,Questions de compréhension,Compréhension et compétences linguistiques (DNB),Formats d'épreuve DNB,REVIEW
3017,FRENCH,84,Classes grammaticales,Grammaire et syntaxe,"Langue (grammaire, conjugaison, orthographe, vocabulaire)",REVIEW
3017,FRENCH,103,Questions de compréhension,Compréhension et compétences linguistiques (DNB),Formats d'épreuve DNB,REVIEW
3018,FRENCH,84,Classes grammaticales,Grammaire et syntaxe,"Langue (grammaire, conjugaison, orthographe, vocabulaire)",REVIEW
3018,FRENCH,103,Questions de compréhension,Compréhension et compétences linguistiques (DNB),Formats d'épreuve DNB,REVIEW
3019,FRENCH,84,Classes grammaticales,Grammaire et syntaxe,"Langue (grammaire, conjugaison, orthographe, vocabulaire)",REVIEW
3019,FRENCH,103,Questions de compréhension,Compréhension et compétences linguistiques (DNB),Formats d'épreuve DNB,REVIEW
3020,FRENCH,84,Classes grammaticales,Grammaire et syntaxe,"Langue (grammaire, conjugaison, orthographe, vocabulaire)",REVIEW
3020,FRENCH,103,Questions de compréhension,Compréhension et compétences linguistiques (DNB),Formats d'épreuve DNB,REVIEW
3021,FRENCH,84,Classes grammaticales,Grammaire et syntaxe,"Langue (grammaire, conjugaison, orthographe, vocabulaire)",REVIEW
3021,FRENCH,103,Questions de compréhension,Compréhension et compétences linguistiques (DNB),Formats d'épreuve DNB,REVIEW
3022,FRENCH,84,Classes grammaticales,Grammaire et syntaxe,"Langue (grammaire, conjugaison, orthographe, vocabulaire)",REVIEW
3022,FRENCH,103,Questions de compréhension,Compréhension et compétences linguistiques (DNB),Formats d'épreuve DNB,REVIEW
3023,FRENCH,84,Classes grammaticales,Grammaire et syntaxe,"Langue (grammaire, conjugaison, orthographe, vocabulaire)",REVIEW
3023,FRENCH,103,Questions de compréhension,Compréhension et compétences linguistiques (DNB),Formats d'épreuve DNB,REVIEW
3024,FRENCH,84,Classes grammaticales,Grammaire et syntaxe,"Langue (grammaire, conjugaison, orthographe, vocabulaire)",REVIEW
3024,FRENCH,103,Questions de compréhension,Compréhension et compétences linguistiques (DNB),Formats d'épreuve DNB,REVIEW
3025,FRENCH,84,Classes grammaticales,Grammaire et syntaxe,"Langue (grammaire, conjugaison, orthographe, vocabulaire)",REVIEW
3025,FRENCH,103,Questions de compréhension,Compréhension et compétences linguistiques (DNB),Formats d'épreuve DNB,REVIEW
3026,FRENCH,84,Classes grammaticales,Grammaire et syntaxe,"Langue (grammaire, conjugaison, orthographe, vocabulaire)",REVIEW
3026,FRENCH,103,Questions de compréhension,Compréhension et compétences linguistiques (DNB),Formats d'épreuve DNB,REVIEW
3027,PHYSICS_CHEMISTRY,250,Formes d'énergie,Formes et conversions d'énergie,L'énergie,REVIEW
3027,PHYSICS_CHEMISTRY,254,Propagation de la lumière,Lumière et signaux lumineux,Des signaux pour observer et communiquer,REVIEW
3028,FRENCH,89,Orthographe lexicale,Orthographe et accords,"Langue (grammaire, conjugaison, orthographe, vocabulaire)",REVIEW
3028,FRENCH,103,Questions de compréhension,Compréhension et compétences linguistiques (DNB),Formats d'épreuve DNB,REVIEW
3029,FRENCH,89,Orthographe lexicale,Orthographe et accords,"Langue (grammaire, conjugaison, orthographe, vocabulaire)",REVIEW
3029,FRENCH,103,Questions de compréhension,Compréhension et compétences linguistiques (DNB),Formats d'épreuve DNB,REVIEW
3030,FRENCH,89,Orthographe lexicale,Orthographe et accords,"Langue (grammaire, conjugaison, orthographe, vocabulaire)",REVIEW
3030,FRENCH,103,Questions de compréhension,Compréhension et compétences linguistiques (DNB),Formats d'épreuve DNB,REVIEW
3031,FRENCH,89,Orthographe lexicale,Orthographe et accords,"Langue (grammaire, conjugaison, orthographe, vocabulaire)",REVIEW
3031,FRENCH,103,Questions de compréhension,Compréhension et compétences linguistiques (DNB),Formats d'épreuve DNB,REVIEW
3032,MATHEMATICS,141,Fonctions linéaires,Fonctions linéaires et affines,"Organisation et gestion de données, fonctions",REVIEW
3033,MATHEMATICS,107,Comparer et ordonner,Nombres relatifs et rationnels,Nombres et calculs,REVIEW
3034,MATHEMATICS,107,Comparer et ordonner,Nombres relatifs et rationnels,Nombres et calculs,REVIEW
3035,MATHEMATICS,107,Comparer et ordonner,Nombres relatifs et rationnels,Nombres et calculs,REVIEW
3036,MATHEMATICS,107,Comparer et ordonner,Nombres relatifs et rationnels,Nombres et calculs,REVIEW
3037,MATHEMATICS,107,Comparer et ordonner,Nombres relatifs et rationnels,Nombres et calculs,REVIEW
3038,MATHEMATICS,141,Fonctions linéaires,Fonctions linéaires et affines,"Organisation et gestion de données, fonctions",REVIEW
3039,MATHEMATICS,141,Fonctions linéaires,Fonctions linéaires et affines,"Organisation et gestion de données, fonctions",REVIEW
3040,MATHEMATICS,141,Fonctions linéaires,Fonctions linéaires et affines,"Organisation et gestion de données, fonctions",REVIEW
3041,MATHEMATICS,141,Fonctions linéaires,Fonctions linéaires et affines,"Organisation et gestion de données, fonctions",REVIEW
3042,MATHEMATICS,141,Fonctions linéaires,Fonctions linéaires et affines,"Organisation et gestion de données, fonctions",REVIEW
3043,MATHEMATICS,107,Comparer et ordonner,Nombres relatifs et rationnels,Nombres et calculs,REVIEW
3044,MATHEMATICS,107,Comparer et ordonner,Nombres relatifs et rationnels,Nombres et calculs,REVIEW
3045,MATHEMATICS,107,Comparer et ordonner,Nombres relatifs et rationnels,Nombres et calculs,REVIEW
3046,MATHEMATICS,107,Comparer et ordonner,Nombres relatifs et rationnels,Nombres et calculs,REVIEW
3047,MATHEMATICS,107,Comparer et ordonner,Nombres relatifs et rationnels,Nombres et calculs,REVIEW
3048,MATHEMATICS,107,Comparer et ordonner,Nombres relatifs et rationnels,Nombres et calculs,REVIEW
3049,MATHEMATICS,107,Comparer et ordonner,Nombres relatifs et rationnels,Nombres et calculs,REVIEW
3050,MATHEMATICS,107,Comparer et ordonner,Nombres relatifs et rationnels,Nombres et calculs,REVIEW
3051,MATHEMATICS,121,Développer,"Développement, réduction et factorisation",Nombres et calculs,REVIEW
3052,MATHEMATICS,107,Comparer et ordonner,Nombres relatifs et rationnels,Nombres et calculs,REVIEW
3053,MATHEMATICS,107,Comparer et ordonner,Nombres relatifs et rationnels,Nombres et calculs,REVIEW
3054,FRENCH,105,Traiter le sujet,Rédaction DNB,Formats d'épreuve DNB,REVIEW
3054,FRENCH,92,Sens des mots,Vocabulaire,"Langue (grammaire, conjugaison, orthographe, vocabulaire)",REVIEW
3055,FRENCH,89,Orthographe lexicale,Orthographe et accords,"Langue (grammaire, conjugaison, orthographe, vocabulaire)",REVIEW
3055,FRENCH,21,Orthographe,Orthographe,Français — programme 3e,REVIEW
3056,MATHEMATICS,107,Comparer et ordonner,Nombres relatifs et rationnels,Nombres et calculs,REVIEW
3057,MATHEMATICS,107,Comparer et ordonner,Nombres relatifs et rationnels,Nombres et calculs,REVIEW
3058,MATHEMATICS,107,Comparer et ordonner,Nombres relatifs et rationnels,Nombres et calculs,REVIEW
3059,MATHEMATICS,107,Comparer et ordonner,Nombres relatifs et rationnels,Nombres et calculs,REVIEW
3060,MATHEMATICS,107,Comparer et ordonner,Nombres relatifs et rationnels,Nombres et calculs,REVIEW
3061,MATHEMATICS,107,Comparer et ordonner,Nombres relatifs et rationnels,Nombres et calculs,REVIEW
3062,MATHEMATICS,107,Comparer et ordonner,Nombres relatifs et rationnels,Nombres et calculs,REVIEW
3063,MATHEMATICS,107,Comparer et ordonner,Nombres relatifs et rationnels,Nombres et calculs,REVIEW
3064,MATHEMATICS,107,Comparer et ordonner,Nombres relatifs et rationnels,Nombres et calculs,REVIEW
3065,MATHEMATICS,107,Comparer et ordonner,Nombres relatifs et rationnels,Nombres et calculs,REVIEW
3066,MATHEMATICS,107,Comparer et ordonner,Nombres relatifs et rationnels,Nombres et calculs,REVIEW
3067,MATHEMATICS,107,Comparer et ordonner,Nombres relatifs et rationnels,Nombres et calculs,REVIEW
3068,MATHEMATICS,107,Comparer et ordonner,Nombres relatifs et rationnels,Nombres et calculs,REVIEW
3069,MATHEMATICS,107,Comparer et ordonner,Nombres relatifs et rationnels,Nombres et calculs,REVIEW
3070,MATHEMATICS,107,Comparer et ordonner,Nombres relatifs et rationnels,Nombres et calculs,REVIEW
3071,MATHEMATICS,107,Comparer et ordonner,Nombres relatifs et rationnels,Nombres et calculs,REVIEW
3072,MATHEMATICS,107,Comparer et ordonner,Nombres relatifs et rationnels,Nombres et calculs,REVIEW
3073,MATHEMATICS,107,Comparer et ordonner,Nombres relatifs et rationnels,Nombres et calculs,REVIEW
3074,MATHEMATICS,107,Comparer et ordonner,Nombres relatifs et rationnels,Nombres et calculs,REVIEW
3075,MATHEMATICS,146,Calculer des aires,Aires et volumes,Grandeurs et mesures,REVIEW
3075,MATHEMATICS,141,Fonctions linéaires,Fonctions linéaires et affines,"Organisation et gestion de données, fonctions",REVIEW
3076,MATHEMATICS,107,Comparer et ordonner,Nombres relatifs et rationnels,Nombres et calculs,REVIEW
3077,MATHEMATICS,107,Comparer et ordonner,Nombres relatifs et rationnels,Nombres et calculs,REVIEW
3078,MATHEMATICS,107,Comparer et ordonner,Nombres relatifs et rationnels,Nombres et calculs,REVIEW
3079,MATHEMATICS,146,Calculer des aires,Aires et volumes,Grandeurs et mesures,REVIEW
3080,MATHEMATICS,107,Comparer et ordonner,Nombres relatifs et rationnels,Nombres et calculs,REVIEW
3081,MATHEMATICS,107,Comparer et ordonner,Nombres relatifs et rationnels,Nombres et calculs,REVIEW
3082,FRENCH,84,Classes grammaticales,Grammaire et syntaxe,"Langue (grammaire, conjugaison, orthographe, vocabulaire)",REVIEW
3082,FRENCH,92,Sens des mots,Vocabulaire,"Langue (grammaire, conjugaison, orthographe, vocabulaire)",REVIEW
