question_id,subject,year,skill,issue_type,priority,mapping_confidence,compatibility_confidence,reliability_score,warnings
2612,HISTORY_GEOGRAPHY_EMC,2025,COMPREHENSION_SKILL,ASSET_MISSING|SHARED_CONTEXT_OR_ASSET_REFERENCED,116.7,0.55,0.75,0.633,ASSET_MISSING|SHARED_CONTEXT_OR_ASSET_REFERENCED
2613,HISTORY_GEOGRAPHY_EMC,2025,COMPREHENSION_SKILL,ASSET_MISSING|SHARED_CONTEXT_OR_ASSET_REFERENCED,116.7,0.55,0.75,0.633,ASSET_MISSING|SHARED_CONTEXT_OR_ASSET_REFERENCED
2614,HISTORY_GEOGRAPHY_EMC,2025,COMPREHENSION_SKILL,ASSET_MISSING|SHARED_CONTEXT_OR_ASSET_REFERENCED,116.7,0.55,0.75,0.633,ASSET_MISSING|SHARED_CONTEXT_OR_ASSET_REFERENCED
2615,HISTORY_GEOGRAPHY_EMC,2025,COMPREHENSION_SKILL,ASSET_MISSING|SHARED_CONTEXT_OR_ASSET_REFERENCED,116.7,0.55,0.75,0.633,ASSET_MISSING|SHARED_CONTEXT_OR_ASSET_REFERENCED
2832,HISTORY_GEOGRAPHY_EMC,2023,GUERRE_FROIDE_SKILL,ASSET_MISSING|SHARED_CONTEXT_OR_ASSET_REFERENCED,116.7,0.55,0.75,0.633,ASSET_MISSING|SHARED_CONTEXT_OR_ASSET_REFERENCED
2835,HISTORY_GEOGRAPHY_EMC,2023,GUERRE_FROIDE_SKILL,ASSET_MISSING|SHARED_CONTEXT_OR_ASSET_REFERENCED,116.7,0.55,0.75,0.633,ASSET_MISSING|SHARED_CONTEXT_OR_ASSET_REFERENCED
2836,HISTORY_GEOGRAPHY_EMC,2023,GUERRE_FROIDE_SKILL,ASSET_MISSING|SHARED_CONTEXT_OR_ASSET_REFERENCED,116.7,0.55,0.75,0.633,ASSET_MISSING|SHARED_CONTEXT_OR_ASSET_REFERENCED
2785,HISTORY_GEOGRAPHY_EMC,2026,GUERRE_FROIDE_SKILL,ASSET_MISSING|SHARED_CONTEXT_OR_ASSET_REFERENCED,115.98,0.67,0.75,0.651,ASSET_MISSING|SHARED_CONTEXT_OR_ASSET_REFERENCED
2822,HISTORY_GEOGRAPHY_EMC,2023,GUERRE_FROIDE_SKILL,ASSET_MISSING|SHARED_CONTEXT_OR_ASSET_REFERENCED,115.98,0.67,0.75,0.651,ASSET_MISSING|SHARED_CONTEXT_OR_ASSET_REFERENCED
2823,HISTORY_GEOGRAPHY_EMC,2023,GUERRE_FROIDE_SKILL,ASSET_MISSING|SHARED_CONTEXT_OR_ASSET_REFERENCED,115.98,0.67,0.75,0.651,ASSET_MISSING|SHARED_CONTEXT_OR_ASSET_REFERENCED
2829,HISTORY_GEOGRAPHY_EMC,2023,GUERRE_FROIDE_SKILL,ASSET_MISSING|SHARED_CONTEXT_OR_ASSET_REFERENCED,115.98,0.67,0.75,0.651,ASSET_MISSING|SHARED_CONTEXT_OR_ASSET_REFERENCED
2923,HISTORY_GEOGRAPHY_EMC,2025,PREMIERE_GUERRE_MONDIALE_SKILL,ASSET_MISSING|SHARED_CONTEXT_OR_ASSET_REFERENCED,115.98,0.67,0.75,0.651,ASSET_MISSING|SHARED_CONTEXT_OR_ASSET_REFERENCED
2931,HISTORY_GEOGRAPHY_EMC,2018,GUERRE_FROIDE_SKILL,ASSET_MISSING|SHARED_CONTEXT_OR_ASSET_REFERENCED,115.98,0.67,0.75,0.651,ASSET_MISSING|SHARED_CONTEXT_OR_ASSET_REFERENCED
3002,SCIENCES,2020,SON_SKILL,ASSET_MISSING|POSSIBLE_MERGED_QUESTIONS|SHARED_CONTEXT_OR_ASSET_REFERENCED,109.1,0.55,0.75,0.573,ASSET_MISSING|POSSIBLE_MERGED_QUESTIONS|SHARED_CONTEXT_OR_ASSET_REFERENCED
2807,SCIENCES,2022,ENERGIE_SKILL,ASSET_MISSING|POSSIBLE_MERGED_QUESTIONS|SHARED_CONTEXT_OR_ASSET_REFERENCED,107.9,0.55,0.75,0.603,ASSET_MISSING|POSSIBLE_MERGED_QUESTIONS|SHARED_CONTEXT_OR_ASSET_REFERENCED
3000,SCIENCES,2020,ELECTRICITE_SKILL,ASSET_MISSING|POSSIBLE_MERGED_QUESTIONS|SHARED_CONTEXT_OR_ASSET_REFERENCED,107.9,0.55,0.75,0.603,ASSET_MISSING|POSSIBLE_MERGED_QUESTIONS|SHARED_CONTEXT_OR_ASSET_REFERENCED
2036,SCIENCES,2023,ENERGIE_SKILL,ASSET_MISSING|SHARED_CONTEXT_OR_ASSET_REFERENCED,106.7,0.55,0.75,0.633,ASSET_MISSING|SHARED_CONTEXT_OR_ASSET_REFERENCED
2246,SCIENCES,2024,ENERGIE_SKILL,ASSET_MISSING|SHARED_CONTEXT_OR_ASSET_REFERENCED,106.7,0.55,0.75,0.633,ASSET_MISSING|SHARED_CONTEXT_OR_ASSET_REFERENCED
2794,SCIENCES,2026,SON_SKILL,ASSET_MISSING|SHARED_CONTEXT_OR_ASSET_REFERENCED,106.7,0.55,0.75,0.633,ASSET_MISSING|SHARED_CONTEXT_OR_ASSET_REFERENCED
2881,SCIENCES,2024,ENERGIE_SKILL,ASSET_MISSING|SHARED_CONTEXT_OR_ASSET_REFERENCED,106.7,0.55,0.75,0.633,ASSET_MISSING|SHARED_CONTEXT_OR_ASSET_REFERENCED
3003,SCIENCES,2020,ENERGIE_SKILL,ASSET_MISSING|SHARED_CONTEXT_OR_ASSET_REFERENCED,106.7,0.55,0.75,0.633,ASSET_MISSING|SHARED_CONTEXT_OR_ASSET_REFERENCED
2153,SCIENCES,2023,ENERGIE_SKILL,ASSET_MISSING|SHARED_CONTEXT_OR_ASSET_REFERENCED,105.98,0.67,0.75,0.651,ASSET_MISSING|SHARED_CONTEXT_OR_ASSET_REFERENCED
2576,SCIENCES,2025,ENERGIE_SKILL,ASSET_MISSING|SHARED_CONTEXT_OR_ASSET_REFERENCED,105.98,0.67,0.75,0.651,ASSET_MISSING|SHARED_CONTEXT_OR_ASSET_REFERENCED
2172,HISTORY_GEOGRAPHY_EMC,2023,PREMIERE_GUERRE_MONDIALE_SKILL,ASSET_MISSING|SHARED_CONTEXT_OR_ASSET_REFERENCED,100.26,0.79,0.75,0.668,ASSET_MISSING|SHARED_CONTEXT_OR_ASSET_REFERENCED
2203,HISTORY_GEOGRAPHY_EMC,2024,GUERRE_FROIDE_SKILL,ASSET_MISSING|SHARED_CONTEXT_OR_ASSET_REFERENCED,100.26,0.79,0.75,0.668,ASSET_MISSING|SHARED_CONTEXT_OR_ASSET_REFERENCED
2207,HISTORY_GEOGRAPHY_EMC,2024,GUERRE_FROIDE_SKILL,ASSET_MISSING|SHARED_CONTEXT_OR_ASSET_REFERENCED,100.26,0.79,0.75,0.668,ASSET_MISSING|SHARED_CONTEXT_OR_ASSET_REFERENCED
2681,HISTORY_GEOGRAPHY_EMC,2025,PREMIERE_GUERRE_MONDIALE_SKILL,ASSET_MISSING|SHARED_CONTEXT_OR_ASSET_REFERENCED,100.26,0.79,0.75,0.668,ASSET_MISSING|SHARED_CONTEXT_OR_ASSET_REFERENCED
2682,HISTORY_GEOGRAPHY_EMC,2025,PREMIERE_GUERRE_MONDIALE_SKILL,ASSET_MISSING|SHARED_CONTEXT_OR_ASSET_REFERENCED,100.26,0.79,0.75,0.668,ASSET_MISSING|SHARED_CONTEXT_OR_ASSET_REFERENCED
2683,HISTORY_GEOGRAPHY_EMC,2025,PREMIERE_GUERRE_MONDIALE_SKILL,ASSET_MISSING|SHARED_CONTEXT_OR_ASSET_REFERENCED,100.26,0.79,0.75,0.668,ASSET_MISSING|SHARED_CONTEXT_OR_ASSET_REFERENCED
2883,HISTORY_GEOGRAPHY_EMC,2024,PREMIERE_GUERRE_MONDIALE_SKILL,ASSET_MISSING|SHARED_CONTEXT_OR_ASSET_REFERENCED,100.26,0.79,0.75,0.668,ASSET_MISSING|SHARED_CONTEXT_OR_ASSET_REFERENCED
2884,HISTORY_GEOGRAPHY_EMC,2024,PREMIERE_GUERRE_MONDIALE_SKILL,ASSET_MISSING|SHARED_CONTEXT_OR_ASSET_REFERENCED,100.26,0.79,0.75,0.668,ASSET_MISSING|SHARED_CONTEXT_OR_ASSET_REFERENCED
2886,HISTORY_GEOGRAPHY_EMC,2024,PREMIERE_GUERRE_MONDIALE_SKILL,ASSET_MISSING|SHARED_CONTEXT_OR_ASSET_REFERENCED,100.26,0.79,0.75,0.668,ASSET_MISSING|SHARED_CONTEXT_OR_ASSET_REFERENCED
2258,FRENCH,,EXPRESSION_ECRITE_SKILL,ASSET_MISSING|MISSING_ARCHIVE_LINK|SHARED_CONTEXT_OR_ASSET_REFERENCED,98.08,0.67,0.9,0.473,ASSET_MISSING|MISSING_ARCHIVE_LINK|SHARED_CONTEXT_OR_ASSET_REFERENCED
2259,FRENCH,,EXPRESSION_ECRITE_SKILL,ASSET_MISSING|MISSING_ARCHIVE_LINK|SHARED_CONTEXT_OR_ASSET_REFERENCED,98.08,0.67,0.9,0.473,ASSET_MISSING|MISSING_ARCHIVE_LINK|SHARED_CONTEXT_OR_ASSET_REFERENCED
2260,FRENCH,,EXPRESSION_ECRITE_SKILL,ASSET_MISSING|MISSING_ARCHIVE_LINK|SHARED_CONTEXT_OR_ASSET_REFERENCED,98.08,0.67,0.9,0.473,ASSET_MISSING|MISSING_ARCHIVE_LINK|SHARED_CONTEXT_OR_ASSET_REFERENCED
2261,FRENCH,,EXPRESSION_ECRITE_SKILL,ASSET_MISSING|MISSING_ARCHIVE_LINK|SHARED_CONTEXT_OR_ASSET_REFERENCED,98.08,0.67,0.9,0.473,ASSET_MISSING|MISSING_ARCHIVE_LINK|SHARED_CONTEXT_OR_ASSET_REFERENCED
2262,FRENCH,,EXPRESSION_ECRITE_SKILL,ASSET_MISSING|MISSING_ARCHIVE_LINK|SHARED_CONTEXT_OR_ASSET_REFERENCED,98.08,0.67,0.9,0.473,ASSET_MISSING|MISSING_ARCHIVE_LINK|SHARED_CONTEXT_OR_ASSET_REFERENCED
2263,FRENCH,,EXPRESSION_ECRITE_SKILL,ASSET_MISSING|MISSING_ARCHIVE_LINK|SHARED_CONTEXT_OR_ASSET_REFERENCED,98.08,0.67,0.9,0.473,ASSET_MISSING|MISSING_ARCHIVE_LINK|SHARED_CONTEXT_OR_ASSET_REFERENCED
2363,FRENCH,,EXPRESSION_ECRITE_SKILL,ASSET_MISSING|MISSING_ARCHIVE_LINK|SHARED_CONTEXT_OR_ASSET_REFERENCED,98.08,0.67,0.9,0.473,ASSET_MISSING|MISSING_ARCHIVE_LINK|SHARED_CONTEXT_OR_ASSET_REFERENCED
2364,FRENCH,,EXPRESSION_ECRITE_SKILL,ASSET_MISSING|MISSING_ARCHIVE_LINK|SHARED_CONTEXT_OR_ASSET_REFERENCED,98.08,0.67,0.9,0.473,ASSET_MISSING|MISSING_ARCHIVE_LINK|SHARED_CONTEXT_OR_ASSET_REFERENCED
2365,FRENCH,,EXPRESSION_ECRITE_SKILL,ASSET_MISSING|MISSING_ARCHIVE_LINK|SHARED_CONTEXT_OR_ASSET_REFERENCED,98.08,0.67,0.9,0.473,ASSET_MISSING|MISSING_ARCHIVE_LINK|SHARED_CONTEXT_OR_ASSET_REFERENCED
2366,FRENCH,,EXPRESSION_ECRITE_SKILL,ASSET_MISSING|MISSING_ARCHIVE_LINK|SHARED_CONTEXT_OR_ASSET_REFERENCED,98.08,0.67,0.9,0.473,ASSET_MISSING|MISSING_ARCHIVE_LINK|SHARED_CONTEXT_OR_ASSET_REFERENCED
2418,FRENCH,,EXPRESSION_ECRITE_SKILL,ASSET_MISSING|MISSING_ARCHIVE_LINK|SHARED_CONTEXT_OR_ASSET_REFERENCED,98.08,0.67,0.9,0.473,ASSET_MISSING|MISSING_ARCHIVE_LINK|SHARED_CONTEXT_OR_ASSET_REFERENCED
2419,FRENCH,,EXPRESSION_ECRITE_SKILL,ASSET_MISSING|MISSING_ARCHIVE_LINK|SHARED_CONTEXT_OR_ASSET_REFERENCED,98.08,0.67,0.9,0.473,ASSET_MISSING|MISSING_ARCHIVE_LINK|SHARED_CONTEXT_OR_ASSET_REFERENCED
2420,FRENCH,,EXPRESSION_ECRITE_SKILL,ASSET_MISSING|MISSING_ARCHIVE_LINK|SHARED_CONTEXT_OR_ASSET_REFERENCED,98.08,0.67,0.9,0.473,ASSET_MISSING|MISSING_ARCHIVE_LINK|SHARED_CONTEXT_OR_ASSET_REFERENCED
2421,FRENCH,,EXPRESSION_ECRITE_SKILL,ASSET_MISSING|MISSING_ARCHIVE_LINK|SHARED_CONTEXT_OR_ASSET_REFERENCED,98.08,0.67,0.9,0.473,ASSET_MISSING|MISSING_ARCHIVE_LINK|SHARED_CONTEXT_OR_ASSET_REFERENCED
2422,FRENCH,,EXPRESSION_ECRITE_SKILL,ASSET_MISSING|MISSING_ARCHIVE_LINK|SHARED_CONTEXT_OR_ASSET_REFERENCED,98.08,0.67,0.9,0.473,ASSET_MISSING|MISSING_ARCHIVE_LINK|SHARED_CONTEXT_OR_ASSET_REFERENCED
2424,FRENCH,,EXPRESSION_ECRITE_SKILL,ASSET_MISSING|MISSING_ARCHIVE_LINK|SHARED_CONTEXT_OR_ASSET_REFERENCED,98.08,0.67,0.9,0.473,ASSET_MISSING|MISSING_ARCHIVE_LINK|SHARED_CONTEXT_OR_ASSET_REFERENCED
2425,FRENCH,,EXPRESSION_ECRITE_SKILL,ASSET_MISSING|MISSING_ARCHIVE_LINK|SHARED_CONTEXT_OR_ASSET_REFERENCED,98.08,0.67,0.9,0.473,ASSET_MISSING|MISSING_ARCHIVE_LINK|SHARED_CONTEXT_OR_ASSET_REFERENCED
2437,FRENCH,,EXPRESSION_ECRITE_SKILL,ASSET_MISSING|MISSING_ARCHIVE_LINK|SHARED_CONTEXT_OR_ASSET_REFERENCED,98.08,0.67,0.9,0.473,ASSET_MISSING|MISSING_ARCHIVE_LINK|SHARED_CONTEXT_OR_ASSET_REFERENCED
2707,FRENCH,,EXPRESSION_ECRITE_SKILL,ASSET_MISSING|MISSING_ARCHIVE_LINK|SHARED_CONTEXT_OR_ASSET_REFERENCED,98.08,0.67,0.9,0.473,ASSET_MISSING|MISSING_ARCHIVE_LINK|SHARED_CONTEXT_OR_ASSET_REFERENCED
2708,FRENCH,,EXPRESSION_ECRITE_SKILL,ASSET_MISSING|MISSING_ARCHIVE_LINK|SHARED_CONTEXT_OR_ASSET_REFERENCED,98.08,0.67,0.9,0.473,ASSET_MISSING|MISSING_ARCHIVE_LINK|SHARED_CONTEXT_OR_ASSET_REFERENCED
2709,FRENCH,,EXPRESSION_ECRITE_SKILL,ASSET_MISSING|MISSING_ARCHIVE_LINK|SHARED_CONTEXT_OR_ASSET_REFERENCED,98.08,0.67,0.9,0.473,ASSET_MISSING|MISSING_ARCHIVE_LINK|SHARED_CONTEXT_OR_ASSET_REFERENCED
2710,FRENCH,,EXPRESSION_ECRITE_SKILL,ASSET_MISSING|MISSING_ARCHIVE_LINK|SHARED_CONTEXT_OR_ASSET_REFERENCED,98.08,0.67,0.9,0.473,ASSET_MISSING|MISSING_ARCHIVE_LINK|SHARED_CONTEXT_OR_ASSET_REFERENCED
2711,FRENCH,,EXPRESSION_ECRITE_SKILL,ASSET_MISSING|MISSING_ARCHIVE_LINK|SHARED_CONTEXT_OR_ASSET_REFERENCED,98.08,0.67,0.9,0.473,ASSET_MISSING|MISSING_ARCHIVE_LINK|SHARED_CONTEXT_OR_ASSET_REFERENCED
2712,FRENCH,,EXPRESSION_ECRITE_SKILL,ASSET_MISSING|MISSING_ARCHIVE_LINK|SHARED_CONTEXT_OR_ASSET_REFERENCED,98.08,0.67,0.9,0.473,ASSET_MISSING|MISSING_ARCHIVE_LINK|SHARED_CONTEXT_OR_ASSET_REFERENCED
2713,FRENCH,,EXPRESSION_ECRITE_SKILL,ASSET_MISSING|MISSING_ARCHIVE_LINK|SHARED_CONTEXT_OR_ASSET_REFERENCED,98.08,0.67,0.9,0.473,ASSET_MISSING|MISSING_ARCHIVE_LINK|SHARED_CONTEXT_OR_ASSET_REFERENCED
2714,FRENCH,,EXPRESSION_ECRITE_SKILL,ASSET_MISSING|MISSING_ARCHIVE_LINK|SHARED_CONTEXT_OR_ASSET_REFERENCED,98.08,0.67,0.9,0.473,ASSET_MISSING|MISSING_ARCHIVE_LINK|SHARED_CONTEXT_OR_ASSET_REFERENCED
2715,FRENCH,,EXPRESSION_ECRITE_SKILL,ASSET_MISSING|MISSING_ARCHIVE_LINK|SHARED_CONTEXT_OR_ASSET_REFERENCED,98.08,0.67,0.9,0.473,ASSET_MISSING|MISSING_ARCHIVE_LINK|SHARED_CONTEXT_OR_ASSET_REFERENCED
2716,FRENCH,,EXPRESSION_ECRITE_SKILL,ASSET_MISSING|MISSING_ARCHIVE_LINK|SHARED_CONTEXT_OR_ASSET_REFERENCED,98.08,0.67,0.9,0.473,ASSET_MISSING|MISSING_ARCHIVE_LINK|SHARED_CONTEXT_OR_ASSET_REFERENCED
2717,FRENCH,,EXPRESSION_ECRITE_SKILL,ASSET_MISSING|MISSING_ARCHIVE_LINK|SHARED_CONTEXT_OR_ASSET_REFERENCED,98.08,0.67,0.9,0.473,ASSET_MISSING|MISSING_ARCHIVE_LINK|SHARED_CONTEXT_OR_ASSET_REFERENCED
2718,FRENCH,,EXPRESSION_ECRITE_SKILL,ASSET_MISSING|MISSING_ARCHIVE_LINK|SHARED_CONTEXT_OR_ASSET_REFERENCED,98.08,0.67,0.9,0.473,ASSET_MISSING|MISSING_ARCHIVE_LINK|SHARED_CONTEXT_OR_ASSET_REFERENCED
2719,FRENCH,,EXPRESSION_ECRITE_SKILL,ASSET_MISSING|MISSING_ARCHIVE_LINK|SHARED_CONTEXT_OR_ASSET_REFERENCED,98.08,0.67,0.9,0.473,ASSET_MISSING|MISSING_ARCHIVE_LINK|SHARED_CONTEXT_OR_ASSET_REFERENCED
2720,FRENCH,,EXPRESSION_ECRITE_SKILL,ASSET_MISSING|MISSING_ARCHIVE_LINK|SHARED_CONTEXT_OR_ASSET_REFERENCED,98.08,0.67,0.9,0.473,ASSET_MISSING|MISSING_ARCHIVE_LINK|SHARED_CONTEXT_OR_ASSET_REFERENCED
2721,FRENCH,,EXPRESSION_ECRITE_SKILL,ASSET_MISSING|MISSING_ARCHIVE_LINK|SHARED_CONTEXT_OR_ASSET_REFERENCED,98.08,0.67,0.9,0.473,ASSET_MISSING|MISSING_ARCHIVE_LINK|SHARED_CONTEXT_OR_ASSET_REFERENCED
2722,FRENCH,,EXPRESSION_ECRITE_SKILL,ASSET_MISSING|MISSING_ARCHIVE_LINK|SHARED_CONTEXT_OR_ASSET_REFERENCED,98.08,0.67,0.9,0.473,ASSET_MISSING|MISSING_ARCHIVE_LINK|SHARED_CONTEXT_OR_ASSET_REFERENCED
2727,FRENCH,,EXPRESSION_ECRITE_SKILL,ASSET_MISSING|MISSING_ARCHIVE_LINK|SHARED_CONTEXT_OR_ASSET_REFERENCED,98.08,0.67,0.9,0.473,ASSET_MISSING|MISSING_ARCHIVE_LINK|SHARED_CONTEXT_OR_ASSET_REFERENCED
2728,FRENCH,,EXPRESSION_ECRITE_SKILL,ASSET_MISSING|MISSING_ARCHIVE_LINK|SHARED_CONTEXT_OR_ASSET_REFERENCED,98.08,0.67,0.9,0.473,ASSET_MISSING|MISSING_ARCHIVE_LINK|SHARED_CONTEXT_OR_ASSET_REFERENCED
2729,FRENCH,,EXPRESSION_ECRITE_SKILL,ASSET_MISSING|MISSING_ARCHIVE_LINK|SHARED_CONTEXT_OR_ASSET_REFERENCED,98.08,0.67,0.9,0.473,ASSET_MISSING|MISSING_ARCHIVE_LINK|SHARED_CONTEXT_OR_ASSET_REFERENCED
2730,FRENCH,,EXPRESSION_ECRITE_SKILL,ASSET_MISSING|MISSING_ARCHIVE_LINK|SHARED_CONTEXT_OR_ASSET_REFERENCED,98.08,0.67,0.9,0.473,ASSET_MISSING|MISSING_ARCHIVE_LINK|SHARED_CONTEXT_OR_ASSET_REFERENCED
2731,FRENCH,,EXPRESSION_ECRITE_SKILL,ASSET_MISSING|MISSING_ARCHIVE_LINK|SHARED_CONTEXT_OR_ASSET_REFERENCED,98.08,0.67,0.9,0.473,ASSET_MISSING|MISSING_ARCHIVE_LINK|SHARED_CONTEXT_OR_ASSET_REFERENCED
2732,FRENCH,,EXPRESSION_ECRITE_SKILL,ASSET_MISSING|MISSING_ARCHIVE_LINK|SHARED_CONTEXT_OR_ASSET_REFERENCED,98.08,0.67,0.9,0.473,ASSET_MISSING|MISSING_ARCHIVE_LINK|SHARED_CONTEXT_OR_ASSET_REFERENCED
2733,FRENCH,,EXPRESSION_ECRITE_SKILL,ASSET_MISSING|MISSING_ARCHIVE_LINK|SHARED_CONTEXT_OR_ASSET_REFERENCED,98.08,0.67,0.9,0.473,ASSET_MISSING|MISSING_ARCHIVE_LINK|SHARED_CONTEXT_OR_ASSET_REFERENCED
2181,MATHEMATICS,2023,PROPORTIONNALITE_SKILL,ASSET_MISSING|SHARED_CONTEXT_OR_ASSET_REFERENCED,92.9,0.55,0.75,0.603,ASSET_MISSING|SHARED_CONTEXT_OR_ASSET_REFERENCED
2640,FRENCH,2025,ACCORDS_SKILL,ASSET_MISSING|SHARED_CONTEXT_OR_ASSET_REFERENCED,92.9,0.55,0.75,0.603,ASSET_MISSING|SHARED_CONTEXT_OR_ASSET_REFERENCED
2079,FRENCH,2023,EXPRESSION_ECRITE_SKILL,ASSET_MISSING|SHARED_CONTEXT_OR_ASSET_REFERENCED,92.18,0.67,0.75,0.621,ASSET_MISSING|SHARED_CONTEXT_OR_ASSET_REFERENCED
2080,FRENCH,2023,EXPRESSION_ECRITE_SKILL,ASSET_MISSING|SHARED_CONTEXT_OR_ASSET_REFERENCED,92.18,0.67,0.75,0.621,ASSET_MISSING|SHARED_CONTEXT_OR_ASSET_REFERENCED
2081,FRENCH,2023,EXPRESSION_ECRITE_SKILL,ASSET_MISSING|SHARED_CONTEXT_OR_ASSET_REFERENCED,92.18,0.67,0.75,0.621,ASSET_MISSING|SHARED_CONTEXT_OR_ASSET_REFERENCED
2082,FRENCH,2023,EXPRESSION_ECRITE_SKILL,ASSET_MISSING|SHARED_CONTEXT_OR_ASSET_REFERENCED,92.18,0.67,0.75,0.621,ASSET_MISSING|SHARED_CONTEXT_OR_ASSET_REFERENCED
2083,FRENCH,2023,EXPRESSION_ECRITE_SKILL,ASSET_MISSING|SHARED_CONTEXT_OR_ASSET_REFERENCED,92.18,0.67,0.75,0.621,ASSET_MISSING|SHARED_CONTEXT_OR_ASSET_REFERENCED
2084,FRENCH,2023,EXPRESSION_ECRITE_SKILL,ASSET_MISSING|SHARED_CONTEXT_OR_ASSET_REFERENCED,92.18,0.67,0.75,0.621,ASSET_MISSING|SHARED_CONTEXT_OR_ASSET_REFERENCED
2085,FRENCH,2023,EXPRESSION_ECRITE_SKILL,ASSET_MISSING|SHARED_CONTEXT_OR_ASSET_REFERENCED,92.18,0.67,0.75,0.621,ASSET_MISSING|SHARED_CONTEXT_OR_ASSET_REFERENCED
2086,FRENCH,2023,EXPRESSION_ECRITE_SKILL,ASSET_MISSING|SHARED_CONTEXT_OR_ASSET_REFERENCED,92.18,0.67,0.75,0.621,ASSET_MISSING|SHARED_CONTEXT_OR_ASSET_REFERENCED
2087,FRENCH,2023,EXPRESSION_ECRITE_SKILL,ASSET_MISSING|SHARED_CONTEXT_OR_ASSET_REFERENCED,92.18,0.67,0.75,0.621,ASSET_MISSING|SHARED_CONTEXT_OR_ASSET_REFERENCED
2088,FRENCH,2023,EXPRESSION_ECRITE_SKILL,ASSET_MISSING|SHARED_CONTEXT_OR_ASSET_REFERENCED,92.18,0.67,0.75,0.621,ASSET_MISSING|SHARED_CONTEXT_OR_ASSET_REFERENCED
2089,FRENCH,2023,EXPRESSION_ECRITE_SKILL,ASSET_MISSING|SHARED_CONTEXT_OR_ASSET_REFERENCED,92.18,0.67,0.75,0.621,ASSET_MISSING|SHARED_CONTEXT_OR_ASSET_REFERENCED
2090,FRENCH,2023,EXPRESSION_ECRITE_SKILL,ASSET_MISSING|SHARED_CONTEXT_OR_ASSET_REFERENCED,92.18,0.67,0.75,0.621,ASSET_MISSING|SHARED_CONTEXT_OR_ASSET_REFERENCED
2091,FRENCH,2023,EXPRESSION_ECRITE_SKILL,ASSET_MISSING|SHARED_CONTEXT_OR_ASSET_REFERENCED,92.18,0.67,0.75,0.621,ASSET_MISSING|SHARED_CONTEXT_OR_ASSET_REFERENCED
2092,FRENCH,2023,EXPRESSION_ECRITE_SKILL,ASSET_MISSING|SHARED_CONTEXT_OR_ASSET_REFERENCED,92.18,0.67,0.75,0.621,ASSET_MISSING|SHARED_CONTEXT_OR_ASSET_REFERENCED
2093,FRENCH,2023,EXPRESSION_ECRITE_SKILL,ASSET_MISSING|SHARED_CONTEXT_OR_ASSET_REFERENCED,92.18,0.67,0.75,0.621,ASSET_MISSING|SHARED_CONTEXT_OR_ASSET_REFERENCED
2094,FRENCH,2023,EXPRESSION_ECRITE_SKILL,ASSET_MISSING|SHARED_CONTEXT_OR_ASSET_REFERENCED,92.18,0.67,0.75,0.621,ASSET_MISSING|SHARED_CONTEXT_OR_ASSET_REFERENCED
2247,FRENCH,2024,EXPRESSION_ECRITE_SKILL,ASSET_MISSING|SHARED_CONTEXT_OR_ASSET_REFERENCED,92.18,0.67,0.75,0.621,ASSET_MISSING|SHARED_CONTEXT_OR_ASSET_REFERENCED
2249,FRENCH,2024,EXPRESSION_ECRITE_SKILL,ASSET_MISSING|SHARED_CONTEXT_OR_ASSET_REFERENCED,92.18,0.67,0.75,0.621,ASSET_MISSING|SHARED_CONTEXT_OR_ASSET_REFERENCED
2257,FRENCH,2024,EXPRESSION_ECRITE_SKILL,ASSET_MISSING|SHARED_CONTEXT_OR_ASSET_REFERENCED,92.18,0.67,0.75,0.621,ASSET_MISSING|SHARED_CONTEXT_OR_ASSET_REFERENCED
2361,FRENCH,2024,EXPRESSION_ECRITE_SKILL,ASSET_MISSING|SHARED_CONTEXT_OR_ASSET_REFERENCED,92.18,0.67,0.75,0.621,ASSET_MISSING|SHARED_CONTEXT_OR_ASSET_REFERENCED
2367,FRENCH,2024,EXPRESSION_ECRITE_SKILL,ASSET_MISSING|SHARED_CONTEXT_OR_ASSET_REFERENCED,92.18,0.67,0.75,0.621,ASSET_MISSING|SHARED_CONTEXT_OR_ASSET_REFERENCED
2368,FRENCH,2024,EXPRESSION_ECRITE_SKILL,ASSET_MISSING|SHARED_CONTEXT_OR_ASSET_REFERENCED,92.18,0.67,0.75,0.621,ASSET_MISSING|SHARED_CONTEXT_OR_ASSET_REFERENCED
2369,FRENCH,2024,EXPRESSION_ECRITE_SKILL,ASSET_MISSING|SHARED_CONTEXT_OR_ASSET_REFERENCED,92.18,0.67,0.75,0.621,ASSET_MISSING|SHARED_CONTEXT_OR_ASSET_REFERENCED
2370,FRENCH,2024,EXPRESSION_ECRITE_SKILL,ASSET_MISSING|SHARED_CONTEXT_OR_ASSET_REFERENCED,92.18,0.67,0.75,0.621,ASSET_MISSING|SHARED_CONTEXT_OR_ASSET_REFERENCED
2616,FRENCH,2025,EXPRESSION_ECRITE_SKILL,ASSET_MISSING|SHARED_CONTEXT_OR_ASSET_REFERENCED,92.18,0.67,0.75,0.621,ASSET_MISSING|SHARED_CONTEXT_OR_ASSET_REFERENCED
2617,FRENCH,2025,EXPRESSION_ECRITE_SKILL,ASSET_MISSING|SHARED_CONTEXT_OR_ASSET_REFERENCED,92.18,0.67,0.75,0.621,ASSET_MISSING|SHARED_CONTEXT_OR_ASSET_REFERENCED
2618,FRENCH,2025,EXPRESSION_ECRITE_SKILL,ASSET_MISSING|SHARED_CONTEXT_OR_ASSET_REFERENCED,92.18,0.67,0.75,0.621,ASSET_MISSING|SHARED_CONTEXT_OR_ASSET_REFERENCED
2619,FRENCH,2025,EXPRESSION_ECRITE_SKILL,ASSET_MISSING|SHARED_CONTEXT_OR_ASSET_REFERENCED,92.18,0.67,0.75,0.621,ASSET_MISSING|SHARED_CONTEXT_OR_ASSET_REFERENCED
2620,FRENCH,2025,EXPRESSION_ECRITE_SKILL,ASSET_MISSING|SHARED_CONTEXT_OR_ASSET_REFERENCED,92.18,0.67,0.75,0.621,ASSET_MISSING|SHARED_CONTEXT_OR_ASSET_REFERENCED
2723,FRENCH,2025,EXPRESSION_ECRITE_SKILL,ASSET_MISSING|SHARED_CONTEXT_OR_ASSET_REFERENCED,92.18,0.67,0.75,0.621,ASSET_MISSING|SHARED_CONTEXT_OR_ASSET_REFERENCED
2724,FRENCH,2025,EXPRESSION_ECRITE_SKILL,ASSET_MISSING|SHARED_CONTEXT_OR_ASSET_REFERENCED,92.18,0.67,0.75,0.621,ASSET_MISSING|SHARED_CONTEXT_OR_ASSET_REFERENCED
2726,FRENCH,2025,EXPRESSION_ECRITE_SKILL,ASSET_MISSING|SHARED_CONTEXT_OR_ASSET_REFERENCED,92.18,0.67,0.75,0.621,ASSET_MISSING|SHARED_CONTEXT_OR_ASSET_REFERENCED
3006,FRENCH,2022,FONCTIONS_GRAMMATICALES_SKILL,ASSET_MISSING|SHARED_CONTEXT_OR_ASSET_REFERENCED,92.18,0.67,0.75,0.621,ASSET_MISSING|SHARED_CONTEXT_OR_ASSET_REFERENCED
3009,FRENCH,2022,FONCTIONS_GRAMMATICALES_SKILL,ASSET_MISSING|SHARED_CONTEXT_OR_ASSET_REFERENCED,92.18,0.67,0.75,0.621,ASSET_MISSING|SHARED_CONTEXT_OR_ASSET_REFERENCED
3015,FRENCH,2022,FONCTIONS_GRAMMATICALES_SKILL,ASSET_MISSING|SHARED_CONTEXT_OR_ASSET_REFERENCED,92.18,0.67,0.75,0.621,ASSET_MISSING|SHARED_CONTEXT_OR_ASSET_REFERENCED
3017,FRENCH,2022,FONCTIONS_GRAMMATICALES_SKILL,ASSET_MISSING|SHARED_CONTEXT_OR_ASSET_REFERENCED,92.18,0.67,0.75,0.621,ASSET_MISSING|SHARED_CONTEXT_OR_ASSET_REFERENCED
3020,FRENCH,2022,FONCTIONS_GRAMMATICALES_SKILL,ASSET_MISSING|SHARED_CONTEXT_OR_ASSET_REFERENCED,92.18,0.67,0.75,0.621,ASSET_MISSING|SHARED_CONTEXT_OR_ASSET_REFERENCED
2396,FRENCH,2024,EXPRESSION_ECRITE_SKILL,ASSET_MISSING|SHARED_CONTEXT_OR_ASSET_REFERENCED,91.7,0.55,0.75,0.633,ASSET_MISSING|SHARED_CONTEXT_OR_ASSET_REFERENCED
2137,MATHEMATICS,2023,FONCTIONS_SKILL,ASSET_MISSING|SHARED_CONTEXT_OR_ASSET_REFERENCED,91.4,0.6,0.75,0.64,ASSET_MISSING|SHARED_CONTEXT_OR_ASSET_REFERENCED
2140,MATHEMATICS,2023,FONCTIONS_SKILL,ASSET_MISSING|SHARED_CONTEXT_OR_ASSET_REFERENCED,91.4,0.6,0.75,0.64,ASSET_MISSING|SHARED_CONTEXT_OR_ASSET_REFERENCED
2141,MATHEMATICS,2023,FONCTIONS_SKILL,ASSET_MISSING|SHARED_CONTEXT_OR_ASSET_REFERENCED,91.4,0.6,0.75,0.64,ASSET_MISSING|SHARED_CONTEXT_OR_ASSET_REFERENCED
2349,MATHEMATICS,2024,FONCTIONS_SKILL,ASSET_MISSING|SHARED_CONTEXT_OR_ASSET_REFERENCED,91.4,0.6,0.75,0.64,ASSET_MISSING|SHARED_CONTEXT_OR_ASSET_REFERENCED
2542,MATHEMATICS,2025,FONCTIONS_SKILL,ASSET_MISSING|SHARED_CONTEXT_OR_ASSET_REFERENCED,91.4,0.6,0.75,0.64,ASSET_MISSING|SHARED_CONTEXT_OR_ASSET_REFERENCED
2543,MATHEMATICS,2025,FONCTIONS_SKILL,ASSET_MISSING|SHARED_CONTEXT_OR_ASSET_REFERENCED,91.4,0.6,0.75,0.64,ASSET_MISSING|SHARED_CONTEXT_OR_ASSET_REFERENCED
2545,MATHEMATICS,2025,FONCTIONS_SKILL,ASSET_MISSING|SHARED_CONTEXT_OR_ASSET_REFERENCED,91.4,0.6,0.75,0.64,ASSET_MISSING|SHARED_CONTEXT_OR_ASSET_REFERENCED
2546,MATHEMATICS,2025,FONCTIONS_SKILL,ASSET_MISSING|SHARED_CONTEXT_OR_ASSET_REFERENCED,91.4,0.6,0.75,0.64,ASSET_MISSING|SHARED_CONTEXT_OR_ASSET_REFERENCED
2547,MATHEMATICS,2025,FONCTIONS_SKILL,ASSET_MISSING|SHARED_CONTEXT_OR_ASSET_REFERENCED,91.4,0.6,0.75,0.64,ASSET_MISSING|SHARED_CONTEXT_OR_ASSET_REFERENCED
2548,MATHEMATICS,2025,FONCTIONS_SKILL,ASSET_MISSING|SHARED_CONTEXT_OR_ASSET_REFERENCED,91.4,0.6,0.75,0.64,ASSET_MISSING|SHARED_CONTEXT_OR_ASSET_REFERENCED
2736,MATHEMATICS,2026,EQUATIONS_SKILL,ASSET_MISSING|SHARED_CONTEXT_OR_ASSET_REFERENCED,91.4,0.6,0.75,0.64,ASSET_MISSING|SHARED_CONTEXT_OR_ASSET_REFERENCED
3038,MATHEMATICS,2021,FONCTIONS_SKILL,ASSET_MISSING|SHARED_CONTEXT_OR_ASSET_REFERENCED,91.4,0.6,0.75,0.64,ASSET_MISSING|SHARED_CONTEXT_OR_ASSET_REFERENCED
3039,MATHEMATICS,2021,FONCTIONS_SKILL,ASSET_MISSING|SHARED_CONTEXT_OR_ASSET_REFERENCED,91.4,0.6,0.75,0.64,ASSET_MISSING|SHARED_CONTEXT_OR_ASSET_REFERENCED
3040,MATHEMATICS,2021,FONCTIONS_SKILL,ASSET_MISSING|SHARED_CONTEXT_OR_ASSET_REFERENCED,91.4,0.6,0.75,0.64,ASSET_MISSING|SHARED_CONTEXT_OR_ASSET_REFERENCED
3041,MATHEMATICS,2021,FONCTIONS_SKILL,ASSET_MISSING|SHARED_CONTEXT_OR_ASSET_REFERENCED,91.4,0.6,0.75,0.64,ASSET_MISSING|SHARED_CONTEXT_OR_ASSET_REFERENCED
3042,MATHEMATICS,2021,FONCTIONS_SKILL,ASSET_MISSING|SHARED_CONTEXT_OR_ASSET_REFERENCED,91.4,0.6,0.75,0.64,ASSET_MISSING|SHARED_CONTEXT_OR_ASSET_REFERENCED
2786,HISTORY_GEOGRAPHY_EMC,2026,GUERRE_FROIDE_SKILL,NONE,91.08,0.67,0.7,0.773,
2800,HISTORY_GEOGRAPHY_EMC,2022,GUERRE_FROIDE_SKILL,NONE,91.08,0.67,0.7,0.773,
2934,HISTORY_GEOGRAPHY_EMC,2018,GUERRE_FROIDE_SKILL,NONE,91.08,0.67,0.7,0.773,
2198,MATHEMATICS,2023,AIRES_ET_VOLUMES_SKILL,ASSET_MISSING|SHARED_CONTEXT_OR_ASSET_REFERENCED,90.98,0.67,0.75,0.651,ASSET_MISSING|SHARED_CONTEXT_OR_ASSET_REFERENCED
2362,FRENCH,2024,EXPRESSION_ECRITE_SKILL,ASSET_MISSING|SHARED_CONTEXT_OR_ASSET_REFERENCED,90.98,0.67,0.75,0.651,ASSET_MISSING|SHARED_CONTEXT_OR_ASSET_REFERENCED
2423,FRENCH,2024,EXPRESSION_ECRITE_SKILL,ASSET_MISSING|SHARED_CONTEXT_OR_ASSET_REFERENCED,90.98,0.67,0.75,0.651,ASSET_MISSING|SHARED_CONTEXT_OR_ASSET_REFERENCED
2426,FRENCH,2024,EXPRESSION_ECRITE_SKILL,ASSET_MISSING|SHARED_CONTEXT_OR_ASSET_REFERENCED,90.98,0.67,0.75,0.651,ASSET_MISSING|SHARED_CONTEXT_OR_ASSET_REFERENCED
2427,FRENCH,2024,EXPRESSION_ECRITE_SKILL,ASSET_MISSING|SHARED_CONTEXT_OR_ASSET_REFERENCED,90.98,0.67,0.75,0.651,ASSET_MISSING|SHARED_CONTEXT_OR_ASSET_REFERENCED
2428,FRENCH,2024,EXPRESSION_ECRITE_SKILL,ASSET_MISSING|SHARED_CONTEXT_OR_ASSET_REFERENCED,90.98,0.67,0.75,0.651,ASSET_MISSING|SHARED_CONTEXT_OR_ASSET_REFERENCED
2429,FRENCH,2024,EXPRESSION_ECRITE_SKILL,ASSET_MISSING|SHARED_CONTEXT_OR_ASSET_REFERENCED,90.98,0.67,0.75,0.651,ASSET_MISSING|SHARED_CONTEXT_OR_ASSET_REFERENCED
2430,FRENCH,2024,EXPRESSION_ECRITE_SKILL,ASSET_MISSING|SHARED_CONTEXT_OR_ASSET_REFERENCED,90.98,0.67,0.75,0.651,ASSET_MISSING|SHARED_CONTEXT_OR_ASSET_REFERENCED
2725,FRENCH,2025,EXPRESSION_ECRITE_SKILL,ASSET_MISSING|SHARED_CONTEXT_OR_ASSET_REFERENCED,90.98,0.67,0.75,0.651,ASSET_MISSING|SHARED_CONTEXT_OR_ASSET_REFERENCED
3010,FRENCH,2022,FONCTIONS_GRAMMATICALES_SKILL,ASSET_MISSING|SHARED_CONTEXT_OR_ASSET_REFERENCED,90.98,0.67,0.75,0.651,ASSET_MISSING|SHARED_CONTEXT_OR_ASSET_REFERENCED
2688,HISTORY_GEOGRAPHY_EMC,2025,SECONDE_GUERRE_MONDIALE_SKILL,ASSET_MISSING|SHARED_CONTEXT_OR_ASSET_REFERENCED,89.54,0.91,0.75,0.686,ASSET_MISSING|SHARED_CONTEXT_OR_ASSET_REFERENCED
2690,HISTORY_GEOGRAPHY_EMC,2025,SECONDE_GUERRE_MONDIALE_SKILL,ASSET_MISSING|SHARED_CONTEXT_OR_ASSET_REFERENCED,89.54,0.91,0.75,0.686,ASSET_MISSING|SHARED_CONTEXT_OR_ASSET_REFERENCED
2691,HISTORY_GEOGRAPHY_EMC,2025,SECONDE_GUERRE_MONDIALE_SKILL,ASSET_MISSING|SHARED_CONTEXT_OR_ASSET_REFERENCED,89.54,0.91,0.75,0.686,ASSET_MISSING|SHARED_CONTEXT_OR_ASSET_REFERENCED
1997,HISTORY_GEOGRAPHY_EMC,2022,,ASSET_MISSING|SHARED_CONTEXT_OR_ASSET_REFERENCED,88.5,0.25,0.75,0.588,ASSET_MISSING|SHARED_CONTEXT_OR_ASSET_REFERENCED
1998,HISTORY_GEOGRAPHY_EMC,2022,,ASSET_MISSING|SHARED_CONTEXT_OR_ASSET_REFERENCED,88.5,0.25,0.75,0.588,ASSET_MISSING|SHARED_CONTEXT_OR_ASSET_REFERENCED
1999,HISTORY_GEOGRAPHY_EMC,2022,,ASSET_MISSING|SHARED_CONTEXT_OR_ASSET_REFERENCED,88.5,0.25,0.75,0.588,ASSET_MISSING|SHARED_CONTEXT_OR_ASSET_REFERENCED
2000,HISTORY_GEOGRAPHY_EMC,2022,,ASSET_MISSING|SHARED_CONTEXT_OR_ASSET_REFERENCED,88.5,0.25,0.75,0.588,ASSET_MISSING|SHARED_CONTEXT_OR_ASSET_REFERENCED
2001,HISTORY_GEOGRAPHY_EMC,2022,,ASSET_MISSING|SHARED_CONTEXT_OR_ASSET_REFERENCED,88.5,0.25,0.75,0.588,ASSET_MISSING|SHARED_CONTEXT_OR_ASSET_REFERENCED
2002,HISTORY_GEOGRAPHY_EMC,2022,,ASSET_MISSING|SHARED_CONTEXT_OR_ASSET_REFERENCED,88.5,0.25,0.75,0.588,ASSET_MISSING|SHARED_CONTEXT_OR_ASSET_REFERENCED
2003,HISTORY_GEOGRAPHY_EMC,2022,,ASSET_MISSING|SHARED_CONTEXT_OR_ASSET_REFERENCED,88.5,0.25,0.75,0.588,ASSET_MISSING|SHARED_CONTEXT_OR_ASSET_REFERENCED
2008,HISTORY_GEOGRAPHY_EMC,2023,,ASSET_MISSING|SHARED_CONTEXT_OR_ASSET_REFERENCED,88.5,0.25,0.75,0.588,ASSET_MISSING|SHARED_CONTEXT_OR_ASSET_REFERENCED
2068,HISTORY_GEOGRAPHY_EMC,2023,,ASSET_MISSING|SHARED_CONTEXT_OR_ASSET_REFERENCED,88.5,0.25,0.75,0.588,ASSET_MISSING|SHARED_CONTEXT_OR_ASSET_REFERENCED
2069,HISTORY_GEOGRAPHY_EMC,2023,,ASSET_MISSING|SHARED_CONTEXT_OR_ASSET_REFERENCED,88.5,0.25,0.75,0.588,ASSET_MISSING|SHARED_CONTEXT_OR_ASSET_REFERENCED
2070,HISTORY_GEOGRAPHY_EMC,2023,,ASSET_MISSING|SHARED_CONTEXT_OR_ASSET_REFERENCED,88.5,0.25,0.75,0.588,ASSET_MISSING|SHARED_CONTEXT_OR_ASSET_REFERENCED
2071,HISTORY_GEOGRAPHY_EMC,2023,,ASSET_MISSING|SHARED_CONTEXT_OR_ASSET_REFERENCED,88.5,0.25,0.75,0.588,ASSET_MISSING|SHARED_CONTEXT_OR_ASSET_REFERENCED
2073,HISTORY_GEOGRAPHY_EMC,2023,,ASSET_MISSING|SHARED_CONTEXT_OR_ASSET_REFERENCED,88.5,0.25,0.75,0.588,ASSET_MISSING|SHARED_CONTEXT_OR_ASSET_REFERENCED
2109,HISTORY_GEOGRAPHY_EMC,2023,,ASSET_MISSING|SHARED_CONTEXT_OR_ASSET_REFERENCED,88.5,0.25,0.75,0.588,ASSET_MISSING|SHARED_CONTEXT_OR_ASSET_REFERENCED
2110,HISTORY_GEOGRAPHY_EMC,2023,,ASSET_MISSING|SHARED_CONTEXT_OR_ASSET_REFERENCED,88.5,0.25,0.75,0.588,ASSET_MISSING|SHARED_CONTEXT_OR_ASSET_REFERENCED
2111,HISTORY_GEOGRAPHY_EMC,2023,,ASSET_MISSING|SHARED_CONTEXT_OR_ASSET_REFERENCED,88.5,0.25,0.75,0.588,ASSET_MISSING|SHARED_CONTEXT_OR_ASSET_REFERENCED
2112,HISTORY_GEOGRAPHY_EMC,2023,,ASSET_MISSING|SHARED_CONTEXT_OR_ASSET_REFERENCED,88.5,0.25,0.75,0.588,ASSET_MISSING|SHARED_CONTEXT_OR_ASSET_REFERENCED
2113,HISTORY_GEOGRAPHY_EMC,2023,,ASSET_MISSING|SHARED_CONTEXT_OR_ASSET_REFERENCED,88.5,0.25,0.75,0.588,ASSET_MISSING|SHARED_CONTEXT_OR_ASSET_REFERENCED
2114,HISTORY_GEOGRAPHY_EMC,2023,,ASSET_MISSING|SHARED_CONTEXT_OR_ASSET_REFERENCED,88.5,0.25,0.75,0.588,ASSET_MISSING|SHARED_CONTEXT_OR_ASSET_REFERENCED
2116,HISTORY_GEOGRAPHY_EMC,2023,,ASSET_MISSING|SHARED_CONTEXT_OR_ASSET_REFERENCED,88.5,0.25,0.75,0.588,ASSET_MISSING|SHARED_CONTEXT_OR_ASSET_REFERENCED
2117,HISTORY_GEOGRAPHY_EMC,2023,,ASSET_MISSING|SHARED_CONTEXT_OR_ASSET_REFERENCED,88.5,0.25,0.75,0.588,ASSET_MISSING|SHARED_CONTEXT_OR_ASSET_REFERENCED
2118,HISTORY_GEOGRAPHY_EMC,2023,,ASSET_MISSING|SHARED_CONTEXT_OR_ASSET_REFERENCED,88.5,0.25,0.75,0.588,ASSET_MISSING|SHARED_CONTEXT_OR_ASSET_REFERENCED
2119,HISTORY_GEOGRAPHY_EMC,2023,,ASSET_MISSING|SHARED_CONTEXT_OR_ASSET_REFERENCED,88.5,0.25,0.75,0.588,ASSET_MISSING|SHARED_CONTEXT_OR_ASSET_REFERENCED
2165,HISTORY_GEOGRAPHY_EMC,2023,,ASSET_MISSING|SHARED_CONTEXT_OR_ASSET_REFERENCED,88.5,0.25,0.75,0.588,ASSET_MISSING|SHARED_CONTEXT_OR_ASSET_REFERENCED
2166,HISTORY_GEOGRAPHY_EMC,2023,,ASSET_MISSING|SHARED_CONTEXT_OR_ASSET_REFERENCED,88.5,0.25,0.75,0.588,ASSET_MISSING|SHARED_CONTEXT_OR_ASSET_REFERENCED
2167,HISTORY_GEOGRAPHY_EMC,2023,,ASSET_MISSING|SHARED_CONTEXT_OR_ASSET_REFERENCED,88.5,0.25,0.75,0.588,ASSET_MISSING|SHARED_CONTEXT_OR_ASSET_REFERENCED
2168,HISTORY_GEOGRAPHY_EMC,2023,,ASSET_MISSING|SHARED_CONTEXT_OR_ASSET_REFERENCED,88.5,0.25,0.75,0.588,ASSET_MISSING|SHARED_CONTEXT_OR_ASSET_REFERENCED
2169,HISTORY_GEOGRAPHY_EMC,2023,,ASSET_MISSING|SHARED_CONTEXT_OR_ASSET_REFERENCED,88.5,0.25,0.75,0.588,ASSET_MISSING|SHARED_CONTEXT_OR_ASSET_REFERENCED
2170,HISTORY_GEOGRAPHY_EMC,2023,,ASSET_MISSING|SHARED_CONTEXT_OR_ASSET_REFERENCED,88.5,0.25,0.75,0.588,ASSET_MISSING|SHARED_CONTEXT_OR_ASSET_REFERENCED
2173,HISTORY_GEOGRAPHY_EMC,2023,,ASSET_MISSING|SHARED_CONTEXT_OR_ASSET_REFERENCED,88.5,0.25,0.75,0.588,ASSET_MISSING|SHARED_CONTEXT_OR_ASSET_REFERENCED
2174,HISTORY_GEOGRAPHY_EMC,2023,,ASSET_MISSING|SHARED_CONTEXT_OR_ASSET_REFERENCED,88.5,0.25,0.75,0.588,ASSET_MISSING|SHARED_CONTEXT_OR_ASSET_REFERENCED
2175,HISTORY_GEOGRAPHY_EMC,2023,,ASSET_MISSING|SHARED_CONTEXT_OR_ASSET_REFERENCED,88.5,0.25,0.75,0.588,ASSET_MISSING|SHARED_CONTEXT_OR_ASSET_REFERENCED
2176,HISTORY_GEOGRAPHY_EMC,2023,,ASSET_MISSING|SHARED_CONTEXT_OR_ASSET_REFERENCED,88.5,0.25,0.75,0.588,ASSET_MISSING|SHARED_CONTEXT_OR_ASSET_REFERENCED
2210,HISTORY_GEOGRAPHY_EMC,2024,,ASSET_MISSING|SHARED_CONTEXT_OR_ASSET_REFERENCED,88.5,0.25,0.75,0.588,ASSET_MISSING|SHARED_CONTEXT_OR_ASSET_REFERENCED
2211,HISTORY_GEOGRAPHY_EMC,2024,,ASSET_MISSING|SHARED_CONTEXT_OR_ASSET_REFERENCED,88.5,0.25,0.75,0.588,ASSET_MISSING|SHARED_CONTEXT_OR_ASSET_REFERENCED
2212,HISTORY_GEOGRAPHY_EMC,2024,,ASSET_MISSING|SHARED_CONTEXT_OR_ASSET_REFERENCED,88.5,0.25,0.75,0.588,ASSET_MISSING|SHARED_CONTEXT_OR_ASSET_REFERENCED
2213,HISTORY_GEOGRAPHY_EMC,2024,,ASSET_MISSING|SHARED_CONTEXT_OR_ASSET_REFERENCED,88.5,0.25,0.75,0.588,ASSET_MISSING|SHARED_CONTEXT_OR_ASSET_REFERENCED
2214,HISTORY_GEOGRAPHY_EMC,2024,,ASSET_MISSING|SHARED_CONTEXT_OR_ASSET_REFERENCED,88.5,0.25,0.75,0.588,ASSET_MISSING|SHARED_CONTEXT_OR_ASSET_REFERENCED
2319,HISTORY_GEOGRAPHY_EMC,2024,,ASSET_MISSING|SHARED_CONTEXT_OR_ASSET_REFERENCED,88.5,0.25,0.75,0.588,ASSET_MISSING|SHARED_CONTEXT_OR_ASSET_REFERENCED
2320,HISTORY_GEOGRAPHY_EMC,2024,,ASSET_MISSING|SHARED_CONTEXT_OR_ASSET_REFERENCED,88.5,0.25,0.75,0.588,ASSET_MISSING|SHARED_CONTEXT_OR_ASSET_REFERENCED
2321,HISTORY_GEOGRAPHY_EMC,2024,,ASSET_MISSING|SHARED_CONTEXT_OR_ASSET_REFERENCED,88.5,0.25,0.75,0.588,ASSET_MISSING|SHARED_CONTEXT_OR_ASSET_REFERENCED
2322,HISTORY_GEOGRAPHY_EMC,2024,,ASSET_MISSING|SHARED_CONTEXT_OR_ASSET_REFERENCED,88.5,0.25,0.75,0.588,ASSET_MISSING|SHARED_CONTEXT_OR_ASSET_REFERENCED
2323,HISTORY_GEOGRAPHY_EMC,2024,,ASSET_MISSING|SHARED_CONTEXT_OR_ASSET_REFERENCED,88.5,0.25,0.75,0.588,ASSET_MISSING|SHARED_CONTEXT_OR_ASSET_REFERENCED
2324,HISTORY_GEOGRAPHY_EMC,2024,,ASSET_MISSING|SHARED_CONTEXT_OR_ASSET_REFERENCED,88.5,0.25,0.75,0.588,ASSET_MISSING|SHARED_CONTEXT_OR_ASSET_REFERENCED
2326,HISTORY_GEOGRAPHY_EMC,2024,,ASSET_MISSING|SHARED_CONTEXT_OR_ASSET_REFERENCED,88.5,0.25,0.75,0.588,ASSET_MISSING|SHARED_CONTEXT_OR_ASSET_REFERENCED
2408,HISTORY_GEOGRAPHY_EMC,2024,,ASSET_MISSING|SHARED_CONTEXT_OR_ASSET_REFERENCED,88.5,0.25,0.75,0.588,ASSET_MISSING|SHARED_CONTEXT_OR_ASSET_REFERENCED
2517,SCIENCES,2024,,ASSET_MISSING|SHARED_CONTEXT_OR_ASSET_REFERENCED,88.5,0.25,0.75,0.588,ASSET_MISSING|SHARED_CONTEXT_OR_ASSET_REFERENCED
2520,HISTORY_GEOGRAPHY_EMC,2025,,ASSET_MISSING|SHARED_CONTEXT_OR_ASSET_REFERENCED,88.5,0.25,0.75,0.588,ASSET_MISSING|SHARED_CONTEXT_OR_ASSET_REFERENCED
2521,HISTORY_GEOGRAPHY_EMC,2025,,ASSET_MISSING|SHARED_CONTEXT_OR_ASSET_REFERENCED,88.5,0.25,0.75,0.588,ASSET_MISSING|SHARED_CONTEXT_OR_ASSET_REFERENCED
2522,HISTORY_GEOGRAPHY_EMC,2025,,ASSET_MISSING|SHARED_CONTEXT_OR_ASSET_REFERENCED,88.5,0.25,0.75,0.588,ASSET_MISSING|SHARED_CONTEXT_OR_ASSET_REFERENCED
2523,HISTORY_GEOGRAPHY_EMC,2025,,ASSET_MISSING|SHARED_CONTEXT_OR_ASSET_REFERENCED,88.5,0.25,0.75,0.588,ASSET_MISSING|SHARED_CONTEXT_OR_ASSET_REFERENCED
2524,HISTORY_GEOGRAPHY_EMC,2025,,ASSET_MISSING|SHARED_CONTEXT_OR_ASSET_REFERENCED,88.5,0.25,0.75,0.588,ASSET_MISSING|SHARED_CONTEXT_OR_ASSET_REFERENCED
2525,HISTORY_GEOGRAPHY_EMC,2025,,ASSET_MISSING|SHARED_CONTEXT_OR_ASSET_REFERENCED,88.5,0.25,0.75,0.588,ASSET_MISSING|SHARED_CONTEXT_OR_ASSET_REFERENCED
2607,HISTORY_GEOGRAPHY_EMC,2025,,ASSET_MISSING|SHARED_CONTEXT_OR_ASSET_REFERENCED,88.5,0.25,0.75,0.588,ASSET_MISSING|SHARED_CONTEXT_OR_ASSET_REFERENCED
2608,HISTORY_GEOGRAPHY_EMC,2025,,ASSET_MISSING|SHARED_CONTEXT_OR_ASSET_REFERENCED,88.5,0.25,0.75,0.588,ASSET_MISSING|SHARED_CONTEXT_OR_ASSET_REFERENCED
2609,HISTORY_GEOGRAPHY_EMC,2025,,ASSET_MISSING|SHARED_CONTEXT_OR_ASSET_REFERENCED,88.5,0.25,0.75,0.588,ASSET_MISSING|SHARED_CONTEXT_OR_ASSET_REFERENCED
2610,HISTORY_GEOGRAPHY_EMC,2025,,ASSET_MISSING|SHARED_CONTEXT_OR_ASSET_REFERENCED,88.5,0.25,0.75,0.588,ASSET_MISSING|SHARED_CONTEXT_OR_ASSET_REFERENCED
2611,HISTORY_GEOGRAPHY_EMC,2025,,ASSET_MISSING|SHARED_CONTEXT_OR_ASSET_REFERENCED,88.5,0.25,0.75,0.588,ASSET_MISSING|SHARED_CONTEXT_OR_ASSET_REFERENCED
2672,SCIENCES,2025,,ASSET_MISSING|SHARED_CONTEXT_OR_ASSET_REFERENCED,88.5,0.25,0.75,0.588,ASSET_MISSING|SHARED_CONTEXT_OR_ASSET_REFERENCED
2687,HISTORY_GEOGRAPHY_EMC,2025,,ASSET_MISSING|SHARED_CONTEXT_OR_ASSET_REFERENCED,88.5,0.25,0.75,0.588,ASSET_MISSING|SHARED_CONTEXT_OR_ASSET_REFERENCED
2779,HISTORY_GEOGRAPHY_EMC,2026,,ASSET_MISSING|SHARED_CONTEXT_OR_ASSET_REFERENCED,88.5,0.25,0.75,0.588,ASSET_MISSING|SHARED_CONTEXT_OR_ASSET_REFERENCED
2780,HISTORY_GEOGRAPHY_EMC,2026,,ASSET_MISSING|SHARED_CONTEXT_OR_ASSET_REFERENCED,88.5,0.25,0.75,0.588,ASSET_MISSING|SHARED_CONTEXT_OR_ASSET_REFERENCED
2781,HISTORY_GEOGRAPHY_EMC,2026,,ASSET_MISSING|SHARED_CONTEXT_OR_ASSET_REFERENCED,88.5,0.25,0.75,0.588,ASSET_MISSING|SHARED_CONTEXT_OR_ASSET_REFERENCED
2782,HISTORY_GEOGRAPHY_EMC,2026,,ASSET_MISSING|SHARED_CONTEXT_OR_ASSET_REFERENCED,88.5,0.25,0.75,0.588,ASSET_MISSING|SHARED_CONTEXT_OR_ASSET_REFERENCED
2783,HISTORY_GEOGRAPHY_EMC,2026,,ASSET_MISSING|SHARED_CONTEXT_OR_ASSET_REFERENCED,88.5,0.25,0.75,0.588,ASSET_MISSING|SHARED_CONTEXT_OR_ASSET_REFERENCED
2795,HISTORY_GEOGRAPHY_EMC,2022,,ASSET_MISSING|SHARED_CONTEXT_OR_ASSET_REFERENCED,88.5,0.25,0.75,0.588,ASSET_MISSING|SHARED_CONTEXT_OR_ASSET_REFERENCED
2796,HISTORY_GEOGRAPHY_EMC,2022,,ASSET_MISSING|SHARED_CONTEXT_OR_ASSET_REFERENCED,88.5,0.25,0.75,0.588,ASSET_MISSING|SHARED_CONTEXT_OR_ASSET_REFERENCED
2797,HISTORY_GEOGRAPHY_EMC,2022,,ASSET_MISSING|SHARED_CONTEXT_OR_ASSET_REFERENCED,88.5,0.25,0.75,0.588,ASSET_MISSING|SHARED_CONTEXT_OR_ASSET_REFERENCED
2798,HISTORY_GEOGRAPHY_EMC,2022,,ASSET_MISSING|SHARED_CONTEXT_OR_ASSET_REFERENCED,88.5,0.25,0.75,0.588,ASSET_MISSING|SHARED_CONTEXT_OR_ASSET_REFERENCED
2799,HISTORY_GEOGRAPHY_EMC,2022,,ASSET_MISSING|SHARED_CONTEXT_OR_ASSET_REFERENCED,88.5,0.25,0.75,0.588,ASSET_MISSING|SHARED_CONTEXT_OR_ASSET_REFERENCED
2801,HISTORY_GEOGRAPHY_EMC,2022,,ASSET_MISSING|SHARED_CONTEXT_OR_ASSET_REFERENCED,88.5,0.25,0.75,0.588,ASSET_MISSING|SHARED_CONTEXT_OR_ASSET_REFERENCED
2802,HISTORY_GEOGRAPHY_EMC,2022,,ASSET_MISSING|SHARED_CONTEXT_OR_ASSET_REFERENCED,88.5,0.25,0.75,0.588,ASSET_MISSING|SHARED_CONTEXT_OR_ASSET_REFERENCED
2803,HISTORY_GEOGRAPHY_EMC,2022,,ASSET_MISSING|SHARED_CONTEXT_OR_ASSET_REFERENCED,88.5,0.25,0.75,0.588,ASSET_MISSING|SHARED_CONTEXT_OR_ASSET_REFERENCED
2804,HISTORY_GEOGRAPHY_EMC,2022,,ASSET_MISSING|SHARED_CONTEXT_OR_ASSET_REFERENCED,88.5,0.25,0.75,0.588,ASSET_MISSING|SHARED_CONTEXT_OR_ASSET_REFERENCED
2805,HISTORY_GEOGRAPHY_EMC,2022,,ASSET_MISSING|SHARED_CONTEXT_OR_ASSET_REFERENCED,88.5,0.25,0.75,0.588,ASSET_MISSING|SHARED_CONTEXT_OR_ASSET_REFERENCED
2806,HISTORY_GEOGRAPHY_EMC,2022,,ASSET_MISSING|SHARED_CONTEXT_OR_ASSET_REFERENCED,88.5,0.25,0.75,0.588,ASSET_MISSING|SHARED_CONTEXT_OR_ASSET_REFERENCED
2808,HISTORY_GEOGRAPHY_EMC,2022,,ASSET_MISSING|SHARED_CONTEXT_OR_ASSET_REFERENCED,88.5,0.25,0.75,0.588,ASSET_MISSING|SHARED_CONTEXT_OR_ASSET_REFERENCED
2809,HISTORY_GEOGRAPHY_EMC,2022,,ASSET_MISSING|SHARED_CONTEXT_OR_ASSET_REFERENCED,88.5,0.25,0.75,0.588,ASSET_MISSING|SHARED_CONTEXT_OR_ASSET_REFERENCED
2810,HISTORY_GEOGRAPHY_EMC,2022,,ASSET_MISSING|SHARED_CONTEXT_OR_ASSET_REFERENCED,88.5,0.25,0.75,0.588,ASSET_MISSING|SHARED_CONTEXT_OR_ASSET_REFERENCED
2811,HISTORY_GEOGRAPHY_EMC,2022,,ASSET_MISSING|SHARED_CONTEXT_OR_ASSET_REFERENCED,88.5,0.25,0.75,0.588,ASSET_MISSING|SHARED_CONTEXT_OR_ASSET_REFERENCED
2812,HISTORY_GEOGRAPHY_EMC,2022,,ASSET_MISSING|SHARED_CONTEXT_OR_ASSET_REFERENCED,88.5,0.25,0.75,0.588,ASSET_MISSING|SHARED_CONTEXT_OR_ASSET_REFERENCED
2815,HISTORY_GEOGRAPHY_EMC,2022,,ASSET_MISSING|SHARED_CONTEXT_OR_ASSET_REFERENCED,88.5,0.25,0.75,0.588,ASSET_MISSING|SHARED_CONTEXT_OR_ASSET_REFERENCED
2816,HISTORY_GEOGRAPHY_EMC,2022,,ASSET_MISSING|SHARED_CONTEXT_OR_ASSET_REFERENCED,88.5,0.25,0.75,0.588,ASSET_MISSING|SHARED_CONTEXT_OR_ASSET_REFERENCED
2817,HISTORY_GEOGRAPHY_EMC,2022,,ASSET_MISSING|SHARED_CONTEXT_OR_ASSET_REFERENCED,88.5,0.25,0.75,0.588,ASSET_MISSING|SHARED_CONTEXT_OR_ASSET_REFERENCED
2818,HISTORY_GEOGRAPHY_EMC,2022,,ASSET_MISSING|SHARED_CONTEXT_OR_ASSET_REFERENCED,88.5,0.25,0.75,0.588,ASSET_MISSING|SHARED_CONTEXT_OR_ASSET_REFERENCED
2819,HISTORY_GEOGRAPHY_EMC,2022,,ASSET_MISSING|SHARED_CONTEXT_OR_ASSET_REFERENCED,88.5,0.25,0.75,0.588,ASSET_MISSING|SHARED_CONTEXT_OR_ASSET_REFERENCED
2820,HISTORY_GEOGRAPHY_EMC,2022,,ASSET_MISSING|SHARED_CONTEXT_OR_ASSET_REFERENCED,88.5,0.25,0.75,0.588,ASSET_MISSING|SHARED_CONTEXT_OR_ASSET_REFERENCED
2821,HISTORY_GEOGRAPHY_EMC,2022,,ASSET_MISSING|SHARED_CONTEXT_OR_ASSET_REFERENCED,88.5,0.25,0.75,0.588,ASSET_MISSING|SHARED_CONTEXT_OR_ASSET_REFERENCED
2826,HISTORY_GEOGRAPHY_EMC,2023,,ASSET_MISSING|SHARED_CONTEXT_OR_ASSET_REFERENCED,88.5,0.25,0.75,0.588,ASSET_MISSING|SHARED_CONTEXT_OR_ASSET_REFERENCED
2841,HISTORY_GEOGRAPHY_EMC,2023,,ASSET_MISSING|SHARED_CONTEXT_OR_ASSET_REFERENCED,88.5,0.25,0.75,0.588,ASSET_MISSING|SHARED_CONTEXT_OR_ASSET_REFERENCED
2842,HISTORY_GEOGRAPHY_EMC,2023,,ASSET_MISSING|SHARED_CONTEXT_OR_ASSET_REFERENCED,88.5,0.25,0.75,0.588,ASSET_MISSING|SHARED_CONTEXT_OR_ASSET_REFERENCED
2843,HISTORY_GEOGRAPHY_EMC,2023,,ASSET_MISSING|SHARED_CONTEXT_OR_ASSET_REFERENCED,88.5,0.25,0.75,0.588,ASSET_MISSING|SHARED_CONTEXT_OR_ASSET_REFERENCED
2844,HISTORY_GEOGRAPHY_EMC,2023,,ASSET_MISSING|SHARED_CONTEXT_OR_ASSET_REFERENCED,88.5,0.25,0.75,0.588,ASSET_MISSING|SHARED_CONTEXT_OR_ASSET_REFERENCED
2845,HISTORY_GEOGRAPHY_EMC,2023,,ASSET_MISSING|SHARED_CONTEXT_OR_ASSET_REFERENCED,88.5,0.25,0.75,0.588,ASSET_MISSING|SHARED_CONTEXT_OR_ASSET_REFERENCED
2846,HISTORY_GEOGRAPHY_EMC,2023,,ASSET_MISSING|SHARED_CONTEXT_OR_ASSET_REFERENCED,88.5,0.25,0.75,0.588,ASSET_MISSING|SHARED_CONTEXT_OR_ASSET_REFERENCED
2848,HISTORY_GEOGRAPHY_EMC,2023,,ASSET_MISSING|SHARED_CONTEXT_OR_ASSET_REFERENCED,88.5,0.25,0.75,0.588,ASSET_MISSING|SHARED_CONTEXT_OR_ASSET_REFERENCED
2849,HISTORY_GEOGRAPHY_EMC,2023,,ASSET_MISSING|SHARED_CONTEXT_OR_ASSET_REFERENCED,88.5,0.25,0.75,0.588,ASSET_MISSING|SHARED_CONTEXT_OR_ASSET_REFERENCED
2850,HISTORY_GEOGRAPHY_EMC,2023,,ASSET_MISSING|SHARED_CONTEXT_OR_ASSET_REFERENCED,88.5,0.25,0.75,0.588,ASSET_MISSING|SHARED_CONTEXT_OR_ASSET_REFERENCED
2851,HISTORY_GEOGRAPHY_EMC,2023,,ASSET_MISSING|SHARED_CONTEXT_OR_ASSET_REFERENCED,88.5,0.25,0.75,0.588,ASSET_MISSING|SHARED_CONTEXT_OR_ASSET_REFERENCED
2852,HISTORY_GEOGRAPHY_EMC,2023,,ASSET_MISSING|SHARED_CONTEXT_OR_ASSET_REFERENCED,88.5,0.25,0.75,0.588,ASSET_MISSING|SHARED_CONTEXT_OR_ASSET_REFERENCED
2853,HISTORY_GEOGRAPHY_EMC,2023,,ASSET_MISSING|SHARED_CONTEXT_OR_ASSET_REFERENCED,88.5,0.25,0.75,0.588,ASSET_MISSING|SHARED_CONTEXT_OR_ASSET_REFERENCED
2861,HISTORY_GEOGRAPHY_EMC,2023,,ASSET_MISSING|SHARED_CONTEXT_OR_ASSET_REFERENCED,88.5,0.25,0.75,0.588,ASSET_MISSING|SHARED_CONTEXT_OR_ASSET_REFERENCED
2862,HISTORY_GEOGRAPHY_EMC,2023,,ASSET_MISSING|SHARED_CONTEXT_OR_ASSET_REFERENCED,88.5,0.25,0.75,0.588,ASSET_MISSING|SHARED_CONTEXT_OR_ASSET_REFERENCED
2863,HISTORY_GEOGRAPHY_EMC,2023,,ASSET_MISSING|SHARED_CONTEXT_OR_ASSET_REFERENCED,88.5,0.25,0.75,0.588,ASSET_MISSING|SHARED_CONTEXT_OR_ASSET_REFERENCED
2864,HISTORY_GEOGRAPHY_EMC,2023,,ASSET_MISSING|SHARED_CONTEXT_OR_ASSET_REFERENCED,88.5,0.25,0.75,0.588,ASSET_MISSING|SHARED_CONTEXT_OR_ASSET_REFERENCED
2865,HISTORY_GEOGRAPHY_EMC,2023,,ASSET_MISSING|SHARED_CONTEXT_OR_ASSET_REFERENCED,88.5,0.25,0.75,0.588,ASSET_MISSING|SHARED_CONTEXT_OR_ASSET_REFERENCED
2866,HISTORY_GEOGRAPHY_EMC,2024,,ASSET_MISSING|SHARED_CONTEXT_OR_ASSET_REFERENCED,88.5,0.25,0.75,0.588,ASSET_MISSING|SHARED_CONTEXT_OR_ASSET_REFERENCED
2867,HISTORY_GEOGRAPHY_EMC,2024,,ASSET_MISSING|SHARED_CONTEXT_OR_ASSET_REFERENCED,88.5,0.25,0.75,0.588,ASSET_MISSING|SHARED_CONTEXT_OR_ASSET_REFERENCED
2868,HISTORY_GEOGRAPHY_EMC,2024,,ASSET_MISSING|SHARED_CONTEXT_OR_ASSET_REFERENCED,88.5,0.25,0.75,0.588,ASSET_MISSING|SHARED_CONTEXT_OR_ASSET_REFERENCED
2869,HISTORY_GEOGRAPHY_EMC,2024,,ASSET_MISSING|SHARED_CONTEXT_OR_ASSET_REFERENCED,88.5,0.25,0.75,0.588,ASSET_MISSING|SHARED_CONTEXT_OR_ASSET_REFERENCED
2870,HISTORY_GEOGRAPHY_EMC,2024,,ASSET_MISSING|SHARED_CONTEXT_OR_ASSET_REFERENCED,88.5,0.25,0.75,0.588,ASSET_MISSING|SHARED_CONTEXT_OR_ASSET_REFERENCED
2871,HISTORY_GEOGRAPHY_EMC,2024,,ASSET_MISSING|SHARED_CONTEXT_OR_ASSET_REFERENCED,88.5,0.25,0.75,0.588,ASSET_MISSING|SHARED_CONTEXT_OR_ASSET_REFERENCED
2873,HISTORY_GEOGRAPHY_EMC,2024,,ASSET_MISSING|SHARED_CONTEXT_OR_ASSET_REFERENCED,88.5,0.25,0.75,0.588,ASSET_MISSING|SHARED_CONTEXT_OR_ASSET_REFERENCED
2874,HISTORY_GEOGRAPHY_EMC,2024,,ASSET_MISSING|SHARED_CONTEXT_OR_ASSET_REFERENCED,88.5,0.25,0.75,0.588,ASSET_MISSING|SHARED_CONTEXT_OR_ASSET_REFERENCED
2875,HISTORY_GEOGRAPHY_EMC,2024,,ASSET_MISSING|SHARED_CONTEXT_OR_ASSET_REFERENCED,88.5,0.25,0.75,0.588,ASSET_MISSING|SHARED_CONTEXT_OR_ASSET_REFERENCED
2876,HISTORY_GEOGRAPHY_EMC,2024,,ASSET_MISSING|SHARED_CONTEXT_OR_ASSET_REFERENCED,88.5,0.25,0.75,0.588,ASSET_MISSING|SHARED_CONTEXT_OR_ASSET_REFERENCED
2877,HISTORY_GEOGRAPHY_EMC,2024,,ASSET_MISSING|SHARED_CONTEXT_OR_ASSET_REFERENCED,88.5,0.25,0.75,0.588,ASSET_MISSING|SHARED_CONTEXT_OR_ASSET_REFERENCED
2878,HISTORY_GEOGRAPHY_EMC,2024,,ASSET_MISSING|SHARED_CONTEXT_OR_ASSET_REFERENCED,88.5,0.25,0.75,0.588,ASSET_MISSING|SHARED_CONTEXT_OR_ASSET_REFERENCED
2879,HISTORY_GEOGRAPHY_EMC,2024,,ASSET_MISSING|SHARED_CONTEXT_OR_ASSET_REFERENCED,88.5,0.25,0.75,0.588,ASSET_MISSING|SHARED_CONTEXT_OR_ASSET_REFERENCED
2888,HISTORY_GEOGRAPHY_EMC,2024,,ASSET_MISSING|SHARED_CONTEXT_OR_ASSET_REFERENCED,88.5,0.25,0.75,0.588,ASSET_MISSING|SHARED_CONTEXT_OR_ASSET_REFERENCED
2894,HISTORY_GEOGRAPHY_EMC,2024,,ASSET_MISSING|SHARED_CONTEXT_OR_ASSET_REFERENCED,88.5,0.25,0.75,0.588,ASSET_MISSING|SHARED_CONTEXT_OR_ASSET_REFERENCED
2895,HISTORY_GEOGRAPHY_EMC,2024,,ASSET_MISSING|SHARED_CONTEXT_OR_ASSET_REFERENCED,88.5,0.25,0.75,0.588,ASSET_MISSING|SHARED_CONTEXT_OR_ASSET_REFERENCED
2896,HISTORY_GEOGRAPHY_EMC,2024,,ASSET_MISSING|SHARED_CONTEXT_OR_ASSET_REFERENCED,88.5,0.25,0.75,0.588,ASSET_MISSING|SHARED_CONTEXT_OR_ASSET_REFERENCED
2897,HISTORY_GEOGRAPHY_EMC,2024,,ASSET_MISSING|SHARED_CONTEXT_OR_ASSET_REFERENCED,88.5,0.25,0.75,0.588,ASSET_MISSING|SHARED_CONTEXT_OR_ASSET_REFERENCED
2899,HISTORY_GEOGRAPHY_EMC,2025,,ASSET_MISSING|SHARED_CONTEXT_OR_ASSET_REFERENCED,88.5,0.25,0.75,0.588,ASSET_MISSING|SHARED_CONTEXT_OR_ASSET_REFERENCED
2900,HISTORY_GEOGRAPHY_EMC,2025,,ASSET_MISSING|SHARED_CONTEXT_OR_ASSET_REFERENCED,88.5,0.25,0.75,0.588,ASSET_MISSING|SHARED_CONTEXT_OR_ASSET_REFERENCED
2901,HISTORY_GEOGRAPHY_EMC,2025,,ASSET_MISSING|SHARED_CONTEXT_OR_ASSET_REFERENCED,88.5,0.25,0.75,0.588,ASSET_MISSING|SHARED_CONTEXT_OR_ASSET_REFERENCED
2902,HISTORY_GEOGRAPHY_EMC,2025,,ASSET_MISSING|SHARED_CONTEXT_OR_ASSET_REFERENCED,88.5,0.25,0.75,0.588,ASSET_MISSING|SHARED_CONTEXT_OR_ASSET_REFERENCED
2903,HISTORY_GEOGRAPHY_EMC,2025,,ASSET_MISSING|SHARED_CONTEXT_OR_ASSET_REFERENCED,88.5,0.25,0.75,0.588,ASSET_MISSING|SHARED_CONTEXT_OR_ASSET_REFERENCED
2904,HISTORY_GEOGRAPHY_EMC,2025,,ASSET_MISSING|SHARED_CONTEXT_OR_ASSET_REFERENCED,88.5,0.25,0.75,0.588,ASSET_MISSING|SHARED_CONTEXT_OR_ASSET_REFERENCED
2905,HISTORY_GEOGRAPHY_EMC,2025,,ASSET_MISSING|SHARED_CONTEXT_OR_ASSET_REFERENCED,88.5,0.25,0.75,0.588,ASSET_MISSING|SHARED_CONTEXT_OR_ASSET_REFERENCED
2906,HISTORY_GEOGRAPHY_EMC,2025,,ASSET_MISSING|SHARED_CONTEXT_OR_ASSET_REFERENCED,88.5,0.25,0.75,0.588,ASSET_MISSING|SHARED_CONTEXT_OR_ASSET_REFERENCED
2907,HISTORY_GEOGRAPHY_EMC,2025,,ASSET_MISSING|SHARED_CONTEXT_OR_ASSET_REFERENCED,88.5,0.25,0.75,0.588,ASSET_MISSING|SHARED_CONTEXT_OR_ASSET_REFERENCED
2908,HISTORY_GEOGRAPHY_EMC,2025,,ASSET_MISSING|SHARED_CONTEXT_OR_ASSET_REFERENCED,88.5,0.25,0.75,0.588,ASSET_MISSING|SHARED_CONTEXT_OR_ASSET_REFERENCED
2915,HISTORY_GEOGRAPHY_EMC,2025,,ASSET_MISSING|SHARED_CONTEXT_OR_ASSET_REFERENCED,88.5,0.25,0.75,0.588,ASSET_MISSING|SHARED_CONTEXT_OR_ASSET_REFERENCED
2916,HISTORY_GEOGRAPHY_EMC,2025,,ASSET_MISSING|SHARED_CONTEXT_OR_ASSET_REFERENCED,88.5,0.25,0.75,0.588,ASSET_MISSING|SHARED_CONTEXT_OR_ASSET_REFERENCED
2917,HISTORY_GEOGRAPHY_EMC,2025,,ASSET_MISSING|SHARED_CONTEXT_OR_ASSET_REFERENCED,88.5,0.25,0.75,0.588,ASSET_MISSING|SHARED_CONTEXT_OR_ASSET_REFERENCED
2918,HISTORY_GEOGRAPHY_EMC,2025,,ASSET_MISSING|SHARED_CONTEXT_OR_ASSET_REFERENCED,88.5,0.25,0.75,0.588,ASSET_MISSING|SHARED_CONTEXT_OR_ASSET_REFERENCED
2919,HISTORY_GEOGRAPHY_EMC,2025,,ASSET_MISSING|SHARED_CONTEXT_OR_ASSET_REFERENCED,88.5,0.25,0.75,0.588,ASSET_MISSING|SHARED_CONTEXT_OR_ASSET_REFERENCED
2920,HISTORY_GEOGRAPHY_EMC,2025,,ASSET_MISSING|SHARED_CONTEXT_OR_ASSET_REFERENCED,88.5,0.25,0.75,0.588,ASSET_MISSING|SHARED_CONTEXT_OR_ASSET_REFERENCED
2921,HISTORY_GEOGRAPHY_EMC,2025,,ASSET_MISSING|SHARED_CONTEXT_OR_ASSET_REFERENCED,88.5,0.25,0.75,0.588,ASSET_MISSING|SHARED_CONTEXT_OR_ASSET_REFERENCED
2922,HISTORY_GEOGRAPHY_EMC,2025,,ASSET_MISSING|SHARED_CONTEXT_OR_ASSET_REFERENCED,88.5,0.25,0.75,0.588,ASSET_MISSING|SHARED_CONTEXT_OR_ASSET_REFERENCED
2936,HISTORY_GEOGRAPHY_EMC,2018,,ASSET_MISSING|SHARED_CONTEXT_OR_ASSET_REFERENCED,88.5,0.25,0.75,0.588,ASSET_MISSING|SHARED_CONTEXT_OR_ASSET_REFERENCED
2937,HISTORY_GEOGRAPHY_EMC,2018,,ASSET_MISSING|SHARED_CONTEXT_OR_ASSET_REFERENCED,88.5,0.25,0.75,0.588,ASSET_MISSING|SHARED_CONTEXT_OR_ASSET_REFERENCED
2938,HISTORY_GEOGRAPHY_EMC,2018,,ASSET_MISSING|SHARED_CONTEXT_OR_ASSET_REFERENCED,88.5,0.25,0.75,0.588,ASSET_MISSING|SHARED_CONTEXT_OR_ASSET_REFERENCED
3027,SCIENCES,2022,ENERGIE_SKILL,ASSET_MISSING|POSSIBLE_MERGED_QUESTIONS|SHARED_CONTEXT_OR_ASSET_REFERENCED,87.9,0.55,0.75,0.603,ASSET_MISSING|POSSIBLE_MERGED_QUESTIONS|SHARED_CONTEXT_OR_ASSET_REFERENCED
1989,SCIENCES,2022,FONCTIONS_GRAMMATICALES_SKILL,ASSET_MISSING|POSSIBLE_MERGED_QUESTIONS|SHARED_CONTEXT_OR_ASSET_REFERENCED,87.18,0.67,0.75,0.621,ASSET_MISSING|POSSIBLE_MERGED_QUESTIONS|SHARED_CONTEXT_OR_ASSET_REFERENCED
1990,HISTORY_GEOGRAPHY_EMC,2022,FONCTIONS_GRAMMATICALES_SKILL,ASSET_MISSING|SHARED_CONTEXT_OR_ASSET_REFERENCED,86.7,0.55,0.75,0.633,ASSET_MISSING|SHARED_CONTEXT_OR_ASSET_REFERENCED
1991,HISTORY_GEOGRAPHY_EMC,2022,FONCTIONS_GRAMMATICALES_SKILL,ASSET_MISSING|SHARED_CONTEXT_OR_ASSET_REFERENCED,86.7,0.55,0.75,0.633,ASSET_MISSING|SHARED_CONTEXT_OR_ASSET_REFERENCED
1992,HISTORY_GEOGRAPHY_EMC,2022,FONCTIONS_GRAMMATICALES_SKILL,ASSET_MISSING|SHARED_CONTEXT_OR_ASSET_REFERENCED,86.7,0.55,0.75,0.633,ASSET_MISSING|SHARED_CONTEXT_OR_ASSET_REFERENCED
1993,HISTORY_GEOGRAPHY_EMC,2022,FONCTIONS_GRAMMATICALES_SKILL,ASSET_MISSING|SHARED_CONTEXT_OR_ASSET_REFERENCED,86.7,0.55,0.75,0.633,ASSET_MISSING|SHARED_CONTEXT_OR_ASSET_REFERENCED
1994,HISTORY_GEOGRAPHY_EMC,2022,FONCTIONS_GRAMMATICALES_SKILL,ASSET_MISSING|SHARED_CONTEXT_OR_ASSET_REFERENCED,86.7,0.55,0.75,0.633,ASSET_MISSING|SHARED_CONTEXT_OR_ASSET_REFERENCED
2004,HISTORY_GEOGRAPHY_EMC,2023,VOCABULAIRE_SKILL,ASSET_MISSING|SHARED_CONTEXT_OR_ASSET_REFERENCED,86.7,0.55,0.75,0.633,ASSET_MISSING|SHARED_CONTEXT_OR_ASSET_REFERENCED
2006,HISTORY_GEOGRAPHY_EMC,2023,VOCABULAIRE_SKILL,ASSET_MISSING|SHARED_CONTEXT_OR_ASSET_REFERENCED,86.7,0.55,0.75,0.633,ASSET_MISSING|SHARED_CONTEXT_OR_ASSET_REFERENCED
2009,HISTORY_GEOGRAPHY_EMC,2023,FONCTIONS_GRAMMATICALES_SKILL,ASSET_MISSING|SHARED_CONTEXT_OR_ASSET_REFERENCED,86.7,0.55,0.75,0.633,ASSET_MISSING|SHARED_CONTEXT_OR_ASSET_REFERENCED
2010,HISTORY_GEOGRAPHY_EMC,2023,VOCABULAIRE_SKILL,ASSET_MISSING|SHARED_CONTEXT_OR_ASSET_REFERENCED,86.7,0.55,0.75,0.633,ASSET_MISSING|SHARED_CONTEXT_OR_ASSET_REFERENCED
2011,HISTORY_GEOGRAPHY_EMC,2023,VOCABULAIRE_SKILL,ASSET_MISSING|SHARED_CONTEXT_OR_ASSET_REFERENCED,86.7,0.55,0.75,0.633,ASSET_MISSING|SHARED_CONTEXT_OR_ASSET_REFERENCED
2012,HISTORY_GEOGRAPHY_EMC,2023,VOCABULAIRE_SKILL,ASSET_MISSING|SHARED_CONTEXT_OR_ASSET_REFERENCED,86.7,0.55,0.75,0.633,ASSET_MISSING|SHARED_CONTEXT_OR_ASSET_REFERENCED
2013,HISTORY_GEOGRAPHY_EMC,2023,VOCABULAIRE_SKILL,ASSET_MISSING|SHARED_CONTEXT_OR_ASSET_REFERENCED,86.7,0.55,0.75,0.633,ASSET_MISSING|SHARED_CONTEXT_OR_ASSET_REFERENCED
2026,HISTORY_GEOGRAPHY_EMC,2023,FONCTIONS_GRAMMATICALES_SKILL,ASSET_MISSING|SHARED_CONTEXT_OR_ASSET_REFERENCED,86.7,0.55,0.75,0.633,ASSET_MISSING|SHARED_CONTEXT_OR_ASSET_REFERENCED
2027,HISTORY_GEOGRAPHY_EMC,2023,FONCTIONS_GRAMMATICALES_SKILL,ASSET_MISSING|SHARED_CONTEXT_OR_ASSET_REFERENCED,86.7,0.55,0.75,0.633,ASSET_MISSING|SHARED_CONTEXT_OR_ASSET_REFERENCED
2028,HISTORY_GEOGRAPHY_EMC,2023,FONCTIONS_GRAMMATICALES_SKILL,ASSET_MISSING|SHARED_CONTEXT_OR_ASSET_REFERENCED,86.7,0.55,0.75,0.633,ASSET_MISSING|SHARED_CONTEXT_OR_ASSET_REFERENCED
2029,HISTORY_GEOGRAPHY_EMC,2023,FONCTIONS_GRAMMATICALES_SKILL,ASSET_MISSING|SHARED_CONTEXT_OR_ASSET_REFERENCED,86.7,0.55,0.75,0.633,ASSET_MISSING|SHARED_CONTEXT_OR_ASSET_REFERENCED
2030,HISTORY_GEOGRAPHY_EMC,2023,FONCTIONS_GRAMMATICALES_SKILL,ASSET_MISSING|SHARED_CONTEXT_OR_ASSET_REFERENCED,86.7,0.55,0.75,0.633,ASSET_MISSING|SHARED_CONTEXT_OR_ASSET_REFERENCED
2035,HISTORY_GEOGRAPHY_EMC,2023,FONCTIONS_GRAMMATICALES_SKILL,ASSET_MISSING|SHARED_CONTEXT_OR_ASSET_REFERENCED,86.7,0.55,0.75,0.633,ASSET_MISSING|SHARED_CONTEXT_OR_ASSET_REFERENCED
2067,HISTORY_GEOGRAPHY_EMC,2023,VOCABULAIRE_SKILL,ASSET_MISSING|SHARED_CONTEXT_OR_ASSET_REFERENCED,86.7,0.55,0.75,0.633,ASSET_MISSING|SHARED_CONTEXT_OR_ASSET_REFERENCED
2074,HISTORY_GEOGRAPHY_EMC,2023,VOCABULAIRE_SKILL,ASSET_MISSING|SHARED_CONTEXT_OR_ASSET_REFERENCED,86.7,0.55,0.75,0.633,ASSET_MISSING|SHARED_CONTEXT_OR_ASSET_REFERENCED
2075,HISTORY_GEOGRAPHY_EMC,2023,VOCABULAIRE_SKILL,ASSET_MISSING|SHARED_CONTEXT_OR_ASSET_REFERENCED,86.7,0.55,0.75,0.633,ASSET_MISSING|SHARED_CONTEXT_OR_ASSET_REFERENCED
2076,HISTORY_GEOGRAPHY_EMC,2023,VOCABULAIRE_SKILL,ASSET_MISSING|SHARED_CONTEXT_OR_ASSET_REFERENCED,86.7,0.55,0.75,0.633,ASSET_MISSING|SHARED_CONTEXT_OR_ASSET_REFERENCED
2077,HISTORY_GEOGRAPHY_EMC,2023,VOCABULAIRE_SKILL,ASSET_MISSING|SHARED_CONTEXT_OR_ASSET_REFERENCED,86.7,0.55,0.75,0.633,ASSET_MISSING|SHARED_CONTEXT_OR_ASSET_REFERENCED
2078,HISTORY_GEOGRAPHY_EMC,2023,VOCABULAIRE_SKILL,ASSET_MISSING|SHARED_CONTEXT_OR_ASSET_REFERENCED,86.7,0.55,0.75,0.633,ASSET_MISSING|SHARED_CONTEXT_OR_ASSET_REFERENCED
2120,HISTORY_GEOGRAPHY_EMC,2023,VOCABULAIRE_SKILL,ASSET_MISSING|SHARED_CONTEXT_OR_ASSET_REFERENCED,86.7,0.55,0.75,0.633,ASSET_MISSING|SHARED_CONTEXT_OR_ASSET_REFERENCED
2177,HISTORY_GEOGRAPHY_EMC,2023,GUERRE_FROIDE_SKILL,ASSET_MISSING|SHARED_CONTEXT_OR_ASSET_REFERENCED,86.7,0.55,0.75,0.633,ASSET_MISSING|SHARED_CONTEXT_OR_ASSET_REFERENCED
2327,HISTORY_GEOGRAPHY_EMC,2024,VOCABULAIRE_SKILL,ASSET_MISSING|SHARED_CONTEXT_OR_ASSET_REFERENCED,86.7,0.55,0.75,0.633,ASSET_MISSING|SHARED_CONTEXT_OR_ASSET_REFERENCED
2328,HISTORY_GEOGRAPHY_EMC,2024,VOCABULAIRE_SKILL,ASSET_MISSING|SHARED_CONTEXT_OR_ASSET_REFERENCED,86.7,0.55,0.75,0.633,ASSET_MISSING|SHARED_CONTEXT_OR_ASSET_REFERENCED
2329,HISTORY_GEOGRAPHY_EMC,2024,VOCABULAIRE_SKILL,ASSET_MISSING|SHARED_CONTEXT_OR_ASSET_REFERENCED,86.7,0.55,0.75,0.633,ASSET_MISSING|SHARED_CONTEXT_OR_ASSET_REFERENCED
2330,HISTORY_GEOGRAPHY_EMC,2024,VOCABULAIRE_SKILL,ASSET_MISSING|SHARED_CONTEXT_OR_ASSET_REFERENCED,86.7,0.55,0.75,0.633,ASSET_MISSING|SHARED_CONTEXT_OR_ASSET_REFERENCED
2331,HISTORY_GEOGRAPHY_EMC,2024,VOCABULAIRE_SKILL,ASSET_MISSING|SHARED_CONTEXT_OR_ASSET_REFERENCED,86.7,0.55,0.75,0.633,ASSET_MISSING|SHARED_CONTEXT_OR_ASSET_REFERENCED
2332,HISTORY_GEOGRAPHY_EMC,2024,VOCABULAIRE_SKILL,ASSET_MISSING|SHARED_CONTEXT_OR_ASSET_REFERENCED,86.7,0.55,0.75,0.633,ASSET_MISSING|SHARED_CONTEXT_OR_ASSET_REFERENCED
2333,HISTORY_GEOGRAPHY_EMC,2024,VOCABULAIRE_SKILL,ASSET_MISSING|SHARED_CONTEXT_OR_ASSET_REFERENCED,86.7,0.55,0.75,0.633,ASSET_MISSING|SHARED_CONTEXT_OR_ASSET_REFERENCED
2360,SCIENCES,2024,FONCTIONS_GRAMMATICALES_SKILL,ASSET_MISSING|SHARED_CONTEXT_OR_ASSET_REFERENCED,86.7,0.55,0.75,0.633,ASSET_MISSING|SHARED_CONTEXT_OR_ASSET_REFERENCED
2402,HISTORY_GEOGRAPHY_EMC,2024,VOCABULAIRE_SKILL,ASSET_MISSING|SHARED_CONTEXT_OR_ASSET_REFERENCED,86.7,0.55,0.75,0.633,ASSET_MISSING|SHARED_CONTEXT_OR_ASSET_REFERENCED
2403,HISTORY_GEOGRAPHY_EMC,2024,VOCABULAIRE_SKILL,ASSET_MISSING|SHARED_CONTEXT_OR_ASSET_REFERENCED,86.7,0.55,0.75,0.633,ASSET_MISSING|SHARED_CONTEXT_OR_ASSET_REFERENCED
2404,HISTORY_GEOGRAPHY_EMC,2024,VOCABULAIRE_SKILL,ASSET_MISSING|SHARED_CONTEXT_OR_ASSET_REFERENCED,86.7,0.55,0.75,0.633,ASSET_MISSING|SHARED_CONTEXT_OR_ASSET_REFERENCED
2405,HISTORY_GEOGRAPHY_EMC,2024,VOCABULAIRE_SKILL,ASSET_MISSING|SHARED_CONTEXT_OR_ASSET_REFERENCED,86.7,0.55,0.75,0.633,ASSET_MISSING|SHARED_CONTEXT_OR_ASSET_REFERENCED
2406,HISTORY_GEOGRAPHY_EMC,2024,VOCABULAIRE_SKILL,ASSET_MISSING|SHARED_CONTEXT_OR_ASSET_REFERENCED,86.7,0.55,0.75,0.633,ASSET_MISSING|SHARED_CONTEXT_OR_ASSET_REFERENCED
2414,HISTORY_GEOGRAPHY_EMC,2024,VOCABULAIRE_SKILL,ASSET_MISSING|SHARED_CONTEXT_OR_ASSET_REFERENCED,86.7,0.55,0.75,0.633,ASSET_MISSING|SHARED_CONTEXT_OR_ASSET_REFERENCED
2415,HISTORY_GEOGRAPHY_EMC,2024,VOCABULAIRE_SKILL,ASSET_MISSING|SHARED_CONTEXT_OR_ASSET_REFERENCED,86.7,0.55,0.75,0.633,ASSET_MISSING|SHARED_CONTEXT_OR_ASSET_REFERENCED
2416,HISTORY_GEOGRAPHY_EMC,2024,VOCABULAIRE_SKILL,ASSET_MISSING|SHARED_CONTEXT_OR_ASSET_REFERENCED,86.7,0.55,0.75,0.633,ASSET_MISSING|SHARED_CONTEXT_OR_ASSET_REFERENCED
2417,HISTORY_GEOGRAPHY_EMC,2024,VOCABULAIRE_SKILL,ASSET_MISSING|SHARED_CONTEXT_OR_ASSET_REFERENCED,86.7,0.55,0.75,0.633,ASSET_MISSING|SHARED_CONTEXT_OR_ASSET_REFERENCED
2518,SCIENCES,2024,SON_SKILL,ASSET_MISSING|SHARED_CONTEXT_OR_ASSET_REFERENCED,86.7,0.55,0.75,0.633,ASSET_MISSING|SHARED_CONTEXT_OR_ASSET_REFERENCED
2526,HISTORY_GEOGRAPHY_EMC,2025,VOCABULAIRE_SKILL,ASSET_MISSING|SHARED_CONTEXT_OR_ASSET_REFERENCED,86.7,0.55,0.75,0.633,ASSET_MISSING|SHARED_CONTEXT_OR_ASSET_REFERENCED
2527,HISTORY_GEOGRAPHY_EMC,2025,VOCABULAIRE_SKILL,ASSET_MISSING|SHARED_CONTEXT_OR_ASSET_REFERENCED,86.7,0.55,0.75,0.633,ASSET_MISSING|SHARED_CONTEXT_OR_ASSET_REFERENCED
2528,HISTORY_GEOGRAPHY_EMC,2025,VOCABULAIRE_SKILL,ASSET_MISSING|SHARED_CONTEXT_OR_ASSET_REFERENCED,86.7,0.55,0.75,0.633,ASSET_MISSING|SHARED_CONTEXT_OR_ASSET_REFERENCED
2529,HISTORY_GEOGRAPHY_EMC,2025,VOCABULAIRE_SKILL,ASSET_MISSING|SHARED_CONTEXT_OR_ASSET_REFERENCED,86.7,0.55,0.75,0.633,ASSET_MISSING|SHARED_CONTEXT_OR_ASSET_REFERENCED
2602,HISTORY_GEOGRAPHY_EMC,2025,VOCABULAIRE_SKILL,ASSET_MISSING|SHARED_CONTEXT_OR_ASSET_REFERENCED,86.7,0.55,0.75,0.633,ASSET_MISSING|SHARED_CONTEXT_OR_ASSET_REFERENCED
2603,HISTORY_GEOGRAPHY_EMC,2025,VOCABULAIRE_SKILL,ASSET_MISSING|SHARED_CONTEXT_OR_ASSET_REFERENCED,86.7,0.55,0.75,0.633,ASSET_MISSING|SHARED_CONTEXT_OR_ASSET_REFERENCED
2604,HISTORY_GEOGRAPHY_EMC,2025,VOCABULAIRE_SKILL,ASSET_MISSING|SHARED_CONTEXT_OR_ASSET_REFERENCED,86.7,0.55,0.75,0.633,ASSET_MISSING|SHARED_CONTEXT_OR_ASSET_REFERENCED
2605,HISTORY_GEOGRAPHY_EMC,2025,VOCABULAIRE_SKILL,ASSET_MISSING|SHARED_CONTEXT_OR_ASSET_REFERENCED,86.7,0.55,0.75,0.633,ASSET_MISSING|SHARED_CONTEXT_OR_ASSET_REFERENCED
2606,HISTORY_GEOGRAPHY_EMC,2025,VOCABULAIRE_SKILL,ASSET_MISSING|SHARED_CONTEXT_OR_ASSET_REFERENCED,86.7,0.55,0.75,0.633,ASSET_MISSING|SHARED_CONTEXT_OR_ASSET_REFERENCED
2678,SCIENCES,2025,SON_SKILL,ASSET_MISSING|SHARED_CONTEXT_OR_ASSET_REFERENCED,86.7,0.55,0.75,0.633,ASSET_MISSING|SHARED_CONTEXT_OR_ASSET_REFERENCED
2679,SCIENCES,2025,ENERGIE_SKILL,ASSET_MISSING|SHARED_CONTEXT_OR_ASSET_REFERENCED,86.7,0.55,0.75,0.633,ASSET_MISSING|SHARED_CONTEXT_OR_ASSET_REFERENCED
2833,HISTORY_GEOGRAPHY_EMC,2023,GUERRE_FROIDE_SKILL,ASSET_MISSING|SHARED_CONTEXT_OR_ASSET_REFERENCED,86.7,0.55,0.75,0.633,ASSET_MISSING|SHARED_CONTEXT_OR_ASSET_REFERENCED
2834,HISTORY_GEOGRAPHY_EMC,2023,GUERRE_FROIDE_SKILL,ASSET_MISSING|SHARED_CONTEXT_OR_ASSET_REFERENCED,86.7,0.55,0.75,0.633,ASSET_MISSING|SHARED_CONTEXT_OR_ASSET_REFERENCED
2880,HISTORY_GEOGRAPHY_EMC,2024,GUERRE_FROIDE_SKILL,ASSET_MISSING|SHARED_CONTEXT_OR_ASSET_REFERENCED,86.7,0.55,0.75,0.633,ASSET_MISSING|SHARED_CONTEXT_OR_ASSET_REFERENCED
2005,HISTORY_GEOGRAPHY_EMC,2023,ACCORDS_SKILL,ASSET_MISSING|SHARED_CONTEXT_OR_ASSET_REFERENCED,85.98,0.67,0.75,0.651,ASSET_MISSING|SHARED_CONTEXT_OR_ASSET_REFERENCED
2788,HISTORY_GEOGRAPHY_EMC,2026,GUERRE_FROIDE_SKILL,ASSET_MISSING|SHARED_CONTEXT_OR_ASSET_REFERENCED,85.98,0.67,0.75,0.651,ASSET_MISSING|SHARED_CONTEXT_OR_ASSET_REFERENCED
2790,HISTORY_GEOGRAPHY_EMC,2026,GUERRE_FROIDE_SKILL,ASSET_MISSING|SHARED_CONTEXT_OR_ASSET_REFERENCED,85.98,0.67,0.75,0.651,ASSET_MISSING|SHARED_CONTEXT_OR_ASSET_REFERENCED
2824,HISTORY_GEOGRAPHY_EMC,2023,GUERRE_FROIDE_SKILL,ASSET_MISSING|SHARED_CONTEXT_OR_ASSET_REFERENCED,85.98,0.67,0.75,0.651,ASSET_MISSING|SHARED_CONTEXT_OR_ASSET_REFERENCED
2827,HISTORY_GEOGRAPHY_EMC,2023,GUERRE_FROIDE_SKILL,ASSET_MISSING|SHARED_CONTEXT_OR_ASSET_REFERENCED,85.98,0.67,0.75,0.651,ASSET_MISSING|SHARED_CONTEXT_OR_ASSET_REFERENCED
2828,HISTORY_GEOGRAPHY_EMC,2023,GUERRE_FROIDE_SKILL,ASSET_MISSING|SHARED_CONTEXT_OR_ASSET_REFERENCED,85.98,0.67,0.75,0.651,ASSET_MISSING|SHARED_CONTEXT_OR_ASSET_REFERENCED
2830,HISTORY_GEOGRAPHY_EMC,2023,GUERRE_FROIDE_SKILL,ASSET_MISSING|SHARED_CONTEXT_OR_ASSET_REFERENCED,85.98,0.67,0.75,0.651,ASSET_MISSING|SHARED_CONTEXT_OR_ASSET_REFERENCED
2831,HISTORY_GEOGRAPHY_EMC,2023,GUERRE_FROIDE_SKILL,ASSET_MISSING|SHARED_CONTEXT_OR_ASSET_REFERENCED,85.98,0.67,0.75,0.651,ASSET_MISSING|SHARED_CONTEXT_OR_ASSET_REFERENCED
2854,HISTORY_GEOGRAPHY_EMC,2023,CONSTRUCTION_EUROPEENNE_SKILL,ASSET_MISSING|SHARED_CONTEXT_OR_ASSET_REFERENCED,85.98,0.67,0.75,0.651,ASSET_MISSING|SHARED_CONTEXT_OR_ASSET_REFERENCED
2855,HISTORY_GEOGRAPHY_EMC,2023,CONSTRUCTION_EUROPEENNE_SKILL,ASSET_MISSING|SHARED_CONTEXT_OR_ASSET_REFERENCED,85.98,0.67,0.75,0.651,ASSET_MISSING|SHARED_CONTEXT_OR_ASSET_REFERENCED
2856,HISTORY_GEOGRAPHY_EMC,2023,CONSTRUCTION_EUROPEENNE_SKILL,ASSET_MISSING|SHARED_CONTEXT_OR_ASSET_REFERENCED,85.98,0.67,0.75,0.651,ASSET_MISSING|SHARED_CONTEXT_OR_ASSET_REFERENCED
2857,HISTORY_GEOGRAPHY_EMC,2023,CONSTRUCTION_EUROPEENNE_SKILL,ASSET_MISSING|SHARED_CONTEXT_OR_ASSET_REFERENCED,85.98,0.67,0.75,0.651,ASSET_MISSING|SHARED_CONTEXT_OR_ASSET_REFERENCED
2858,HISTORY_GEOGRAPHY_EMC,2023,CONSTRUCTION_EUROPEENNE_SKILL,ASSET_MISSING|SHARED_CONTEXT_OR_ASSET_REFERENCED,85.98,0.67,0.75,0.651,ASSET_MISSING|SHARED_CONTEXT_OR_ASSET_REFERENCED
2859,HISTORY_GEOGRAPHY_EMC,2023,CONSTRUCTION_EUROPEENNE_SKILL,ASSET_MISSING|SHARED_CONTEXT_OR_ASSET_REFERENCED,85.98,0.67,0.75,0.651,ASSET_MISSING|SHARED_CONTEXT_OR_ASSET_REFERENCED
2925,HISTORY_GEOGRAPHY_EMC,2018,CONSTRUCTION_EUROPEENNE_SKILL,ASSET_MISSING|SHARED_CONTEXT_OR_ASSET_REFERENCED,85.98,0.67,0.75,0.651,ASSET_MISSING|SHARED_CONTEXT_OR_ASSET_REFERENCED
2926,HISTORY_GEOGRAPHY_EMC,2018,CONSTRUCTION_EUROPEENNE_SKILL,ASSET_MISSING|SHARED_CONTEXT_OR_ASSET_REFERENCED,85.98,0.67,0.75,0.651,ASSET_MISSING|SHARED_CONTEXT_OR_ASSET_REFERENCED
2927,HISTORY_GEOGRAPHY_EMC,2018,CONSTRUCTION_EUROPEENNE_SKILL,ASSET_MISSING|SHARED_CONTEXT_OR_ASSET_REFERENCED,85.98,0.67,0.75,0.651,ASSET_MISSING|SHARED_CONTEXT_OR_ASSET_REFERENCED
2928,HISTORY_GEOGRAPHY_EMC,2018,CONSTRUCTION_EUROPEENNE_SKILL,ASSET_MISSING|SHARED_CONTEXT_OR_ASSET_REFERENCED,85.98,0.67,0.75,0.651,ASSET_MISSING|SHARED_CONTEXT_OR_ASSET_REFERENCED
2929,HISTORY_GEOGRAPHY_EMC,2018,CONSTRUCTION_EUROPEENNE_SKILL,ASSET_MISSING|SHARED_CONTEXT_OR_ASSET_REFERENCED,85.98,0.67,0.75,0.651,ASSET_MISSING|SHARED_CONTEXT_OR_ASSET_REFERENCED
2930,HISTORY_GEOGRAPHY_EMC,2018,CONSTRUCTION_EUROPEENNE_SKILL,ASSET_MISSING|SHARED_CONTEXT_OR_ASSET_REFERENCED,85.98,0.67,0.75,0.651,ASSET_MISSING|SHARED_CONTEXT_OR_ASSET_REFERENCED
2939,HISTORY_GEOGRAPHY_EMC,2018,CONSTRUCTION_EUROPEENNE_SKILL,ASSET_MISSING|SHARED_CONTEXT_OR_ASSET_REFERENCED,85.98,0.67,0.75,0.651,ASSET_MISSING|SHARED_CONTEXT_OR_ASSET_REFERENCED
3001,SCIENCES,2020,ENERGIE_SKILL,NONE,83.0,0.55,0.7,0.725,
2291,MATHEMATICS,2024,PROBABILITES_SKILL,ASSET_MISSING|SHARED_CONTEXT_OR_ASSET_REFERENCED,82.9,0.55,0.75,0.603,ASSET_MISSING|SHARED_CONTEXT_OR_ASSET_REFERENCED
2475,MATHEMATICS,2024,AIRES_ET_VOLUMES_SKILL,ASSET_MISSING|SHARED_CONTEXT_OR_ASSET_REFERENCED,82.9,0.55,0.75,0.603,ASSET_MISSING|SHARED_CONTEXT_OR_ASSET_REFERENCED
2476,MATHEMATICS,2024,AIRES_ET_VOLUMES_SKILL,ASSET_MISSING|SHARED_CONTEXT_OR_ASSET_REFERENCED,82.9,0.55,0.75,0.603,ASSET_MISSING|SHARED_CONTEXT_OR_ASSET_REFERENCED
2478,MATHEMATICS,2024,AIRES_ET_VOLUMES_SKILL,ASSET_MISSING|SHARED_CONTEXT_OR_ASSET_REFERENCED,82.9,0.55,0.75,0.603,ASSET_MISSING|SHARED_CONTEXT_OR_ASSET_REFERENCED
2482,MATHEMATICS,2024,AIRES_ET_VOLUMES_SKILL,ASSET_MISSING|SHARED_CONTEXT_OR_ASSET_REFERENCED,82.9,0.55,0.75,0.603,ASSET_MISSING|SHARED_CONTEXT_OR_ASSET_REFERENCED
2121,MATHEMATICS,2023,AIRES_ET_VOLUMES_SKILL,ASSET_MISSING|SHARED_CONTEXT_OR_ASSET_REFERENCED,81.7,0.55,0.75,0.633,ASSET_MISSING|SHARED_CONTEXT_OR_ASSET_REFERENCED
2477,MATHEMATICS,2024,AIRES_ET_VOLUMES_SKILL,ASSET_MISSING|SHARED_CONTEXT_OR_ASSET_REFERENCED,81.7,0.55,0.75,0.633,ASSET_MISSING|SHARED_CONTEXT_OR_ASSET_REFERENCED
2531,MATHEMATICS,2025,AIRES_ET_VOLUMES_SKILL,ASSET_MISSING|SHARED_CONTEXT_OR_ASSET_REFERENCED,81.7,0.55,0.75,0.633,ASSET_MISSING|SHARED_CONTEXT_OR_ASSET_REFERENCED
2645,MATHEMATICS,2025,PROBABILITES_SKILL,ASSET_MISSING|SHARED_CONTEXT_OR_ASSET_REFERENCED,81.7,0.55,0.75,0.633,ASSET_MISSING|SHARED_CONTEXT_OR_ASSET_REFERENCED
2739,MATHEMATICS,2026,AIRES_ET_VOLUMES_SKILL,ASSET_MISSING|SHARED_CONTEXT_OR_ASSET_REFERENCED,81.7,0.55,0.75,0.633,ASSET_MISSING|SHARED_CONTEXT_OR_ASSET_REFERENCED
2139,MATHEMATICS,2023,FONCTIONS_SKILL,ASSET_MISSING|SHARED_CONTEXT_OR_ASSET_REFERENCED,81.4,0.6,0.75,0.64,ASSET_MISSING|SHARED_CONTEXT_OR_ASSET_REFERENCED
2654,MATHEMATICS,2025,FONCTIONS_SKILL,ASSET_MISSING|SHARED_CONTEXT_OR_ASSET_REFERENCED,81.4,0.6,0.75,0.64,ASSET_MISSING|SHARED_CONTEXT_OR_ASSET_REFERENCED
2038,MATHEMATICS,2023,AIRES_ET_VOLUMES_SKILL,ASSET_MISSING|SHARED_CONTEXT_OR_ASSET_REFERENCED,80.98,0.67,0.75,0.651,ASSET_MISSING|SHARED_CONTEXT_OR_ASSET_REFERENCED
2052,MATHEMATICS,2023,CALCUL_LITTERAL_SKILL,ASSET_MISSING|SHARED_CONTEXT_OR_ASSET_REFERENCED,80.98,0.67,0.75,0.651,ASSET_MISSING|SHARED_CONTEXT_OR_ASSET_REFERENCED
2128,MATHEMATICS,2023,CALCUL_LITTERAL_SKILL,ASSET_MISSING|SHARED_CONTEXT_OR_ASSET_REFERENCED,80.98,0.67,0.75,0.651,ASSET_MISSING|SHARED_CONTEXT_OR_ASSET_REFERENCED
2129,MATHEMATICS,2023,CALCUL_LITTERAL_SKILL,ASSET_MISSING|SHARED_CONTEXT_OR_ASSET_REFERENCED,80.98,0.67,0.75,0.651,ASSET_MISSING|SHARED_CONTEXT_OR_ASSET_REFERENCED
2130,MATHEMATICS,2023,CALCUL_LITTERAL_SKILL,ASSET_MISSING|SHARED_CONTEXT_OR_ASSET_REFERENCED,80.98,0.67,0.75,0.651,ASSET_MISSING|SHARED_CONTEXT_OR_ASSET_REFERENCED
2131,MATHEMATICS,2023,CALCUL_LITTERAL_SKILL,ASSET_MISSING|SHARED_CONTEXT_OR_ASSET_REFERENCED,80.98,0.67,0.75,0.651,ASSET_MISSING|SHARED_CONTEXT_OR_ASSET_REFERENCED
2132,MATHEMATICS,2023,CALCUL_LITTERAL_SKILL,ASSET_MISSING|SHARED_CONTEXT_OR_ASSET_REFERENCED,80.98,0.67,0.75,0.651,ASSET_MISSING|SHARED_CONTEXT_OR_ASSET_REFERENCED
2144,MATHEMATICS,2023,CALCUL_LITTERAL_SKILL,ASSET_MISSING|SHARED_CONTEXT_OR_ASSET_REFERENCED,80.98,0.67,0.75,0.651,ASSET_MISSING|SHARED_CONTEXT_OR_ASSET_REFERENCED
2514,MATHEMATICS,2024,CALCUL_LITTERAL_SKILL,ASSET_MISSING|SHARED_CONTEXT_OR_ASSET_REFERENCED,80.98,0.67,0.75,0.651,ASSET_MISSING|SHARED_CONTEXT_OR_ASSET_REFERENCED
2532,MATHEMATICS,2025,CALCUL_LITTERAL_SKILL,ASSET_MISSING|SHARED_CONTEXT_OR_ASSET_REFERENCED,80.98,0.67,0.75,0.651,ASSET_MISSING|SHARED_CONTEXT_OR_ASSET_REFERENCED
2580,MATHEMATICS,2025,CALCUL_LITTERAL_SKILL,ASSET_MISSING|SHARED_CONTEXT_OR_ASSET_REFERENCED,80.98,0.67,0.75,0.651,ASSET_MISSING|SHARED_CONTEXT_OR_ASSET_REFERENCED
2643,MATHEMATICS,2025,CALCUL_LITTERAL_SKILL,ASSET_MISSING|SHARED_CONTEXT_OR_ASSET_REFERENCED,80.98,0.67,0.75,0.651,ASSET_MISSING|SHARED_CONTEXT_OR_ASSET_REFERENCED
2661,MATHEMATICS,2025,CALCUL_LITTERAL_SKILL,ASSET_MISSING|SHARED_CONTEXT_OR_ASSET_REFERENCED,80.98,0.67,0.75,0.651,ASSET_MISSING|SHARED_CONTEXT_OR_ASSET_REFERENCED
2741,MATHEMATICS,2026,CALCUL_LITTERAL_SKILL,ASSET_MISSING|SHARED_CONTEXT_OR_ASSET_REFERENCED,80.98,0.67,0.75,0.651,ASSET_MISSING|SHARED_CONTEXT_OR_ASSET_REFERENCED
2136,MATHEMATICS,2023,FONCTIONS_SKILL,ASSET_MISSING|SHARED_CONTEXT_OR_ASSET_REFERENCED,75.68,0.72,0.75,0.658,ASSET_MISSING|SHARED_CONTEXT_OR_ASSET_REFERENCED
2227,MATHEMATICS,2024,FONCTIONS_SKILL,ASSET_MISSING|SHARED_CONTEXT_OR_ASSET_REFERENCED,75.68,0.72,0.75,0.658,ASSET_MISSING|SHARED_CONTEXT_OR_ASSET_REFERENCED
2171,HISTORY_GEOGRAPHY_EMC,2023,PREMIERE_GUERRE_MONDIALE_SKILL,NONE,75.36,0.79,0.7,0.791,
2792,HISTORY_GEOGRAPHY_EMC,2026,PREMIERE_GUERRE_MONDIALE_SKILL,NONE,75.36,0.79,0.7,0.791,
2154,FRENCH,,COMPREHENSION_SKILL,MISSING_ARCHIVE_LINK,74.0,0.55,0.9,0.575,MISSING_ARCHIVE_LINK
2155,FRENCH,,COMPREHENSION_SKILL,MISSING_ARCHIVE_LINK,74.0,0.55,0.9,0.575,MISSING_ARCHIVE_LINK
2156,FRENCH,,COMPREHENSION_SKILL,MISSING_ARCHIVE_LINK,74.0,0.55,0.9,0.575,MISSING_ARCHIVE_LINK
2157,FRENCH,,COMPREHENSION_SKILL,MISSING_ARCHIVE_LINK,74.0,0.55,0.9,0.575,MISSING_ARCHIVE_LINK
2158,FRENCH,,COMPREHENSION_SKILL,MISSING_ARCHIVE_LINK,74.0,0.55,0.9,0.575,MISSING_ARCHIVE_LINK
2159,FRENCH,,COMPREHENSION_SKILL,MISSING_ARCHIVE_LINK,74.0,0.55,0.9,0.575,MISSING_ARCHIVE_LINK
2160,FRENCH,,COMPREHENSION_SKILL,MISSING_ARCHIVE_LINK,74.0,0.55,0.9,0.575,MISSING_ARCHIVE_LINK
2161,FRENCH,,COMPREHENSION_SKILL,MISSING_ARCHIVE_LINK,74.0,0.55,0.9,0.575,MISSING_ARCHIVE_LINK
2162,FRENCH,,COMPREHENSION_SKILL,MISSING_ARCHIVE_LINK,74.0,0.55,0.9,0.575,MISSING_ARCHIVE_LINK
2163,FRENCH,,COMPREHENSION_SKILL,MISSING_ARCHIVE_LINK,74.0,0.55,0.9,0.575,MISSING_ARCHIVE_LINK
2164,FRENCH,,COMPREHENSION_SKILL,MISSING_ARCHIVE_LINK,74.0,0.55,0.9,0.575,MISSING_ARCHIVE_LINK
2375,FRENCH,,ACCORDS_SKILL,MISSING_ARCHIVE_LINK,74.0,0.55,0.9,0.575,MISSING_ARCHIVE_LINK
2376,FRENCH,,ACCORDS_SKILL,MISSING_ARCHIVE_LINK,74.0,0.55,0.9,0.575,MISSING_ARCHIVE_LINK
2377,FRENCH,,ACCORDS_SKILL,MISSING_ARCHIVE_LINK,74.0,0.55,0.9,0.575,MISSING_ARCHIVE_LINK
2378,FRENCH,,ACCORDS_SKILL,MISSING_ARCHIVE_LINK,74.0,0.55,0.9,0.575,MISSING_ARCHIVE_LINK
2379,FRENCH,,ACCORDS_SKILL,MISSING_ARCHIVE_LINK,74.0,0.55,0.9,0.575,MISSING_ARCHIVE_LINK
2380,FRENCH,,COMPREHENSION_SKILL,MISSING_ARCHIVE_LINK,74.0,0.55,0.9,0.575,MISSING_ARCHIVE_LINK
2381,FRENCH,,COMPREHENSION_SKILL,MISSING_ARCHIVE_LINK,74.0,0.55,0.9,0.575,MISSING_ARCHIVE_LINK
2382,FRENCH,,COMPREHENSION_SKILL,MISSING_ARCHIVE_LINK,74.0,0.55,0.9,0.575,MISSING_ARCHIVE_LINK
2383,FRENCH,,COMPREHENSION_SKILL,MISSING_ARCHIVE_LINK,74.0,0.55,0.9,0.575,MISSING_ARCHIVE_LINK
2384,FRENCH,,COMPREHENSION_SKILL,MISSING_ARCHIVE_LINK,74.0,0.55,0.9,0.575,MISSING_ARCHIVE_LINK
2385,FRENCH,,COMPREHENSION_SKILL,MISSING_ARCHIVE_LINK,74.0,0.55,0.9,0.575,MISSING_ARCHIVE_LINK
2386,FRENCH,,COMPREHENSION_SKILL,MISSING_ARCHIVE_LINK,74.0,0.55,0.9,0.575,MISSING_ARCHIVE_LINK
2387,FRENCH,,COMPREHENSION_SKILL,MISSING_ARCHIVE_LINK,74.0,0.55,0.9,0.575,MISSING_ARCHIVE_LINK
2388,FRENCH,,COMPREHENSION_SKILL,MISSING_ARCHIVE_LINK,74.0,0.55,0.9,0.575,MISSING_ARCHIVE_LINK
2389,FRENCH,,COMPREHENSION_SKILL,MISSING_ARCHIVE_LINK,74.0,0.55,0.9,0.575,MISSING_ARCHIVE_LINK
2390,FRENCH,,COMPREHENSION_SKILL,MISSING_ARCHIVE_LINK,74.0,0.55,0.9,0.575,MISSING_ARCHIVE_LINK
2391,FRENCH,,COMPREHENSION_SKILL,MISSING_ARCHIVE_LINK,74.0,0.55,0.9,0.575,MISSING_ARCHIVE_LINK
2392,FRENCH,,COMPREHENSION_SKILL,MISSING_ARCHIVE_LINK,74.0,0.55,0.9,0.575,MISSING_ARCHIVE_LINK
2393,FRENCH,,EXPRESSION_ECRITE_SKILL,MISSING_ARCHIVE_LINK,74.0,0.55,0.9,0.575,MISSING_ARCHIVE_LINK
2443,FRENCH,,ACCORDS_SKILL,MISSING_ARCHIVE_LINK,74.0,0.55,0.9,0.575,MISSING_ARCHIVE_LINK
2447,FRENCH,,ACCORDS_SKILL,MISSING_ARCHIVE_LINK,74.0,0.55,0.9,0.575,MISSING_ARCHIVE_LINK
2448,FRENCH,,ACCORDS_SKILL,MISSING_ARCHIVE_LINK,74.0,0.55,0.9,0.575,MISSING_ARCHIVE_LINK
2449,FRENCH,,ACCORDS_SKILL,MISSING_ARCHIVE_LINK,74.0,0.55,0.9,0.575,MISSING_ARCHIVE_LINK
2500,MATHEMATICS,,AIRES_ET_VOLUMES_SKILL,MISSING_ARCHIVE_LINK,74.0,0.55,0.9,0.575,MISSING_ARCHIVE_LINK
2671,FRENCH,,EXPRESSION_ECRITE_SKILL,MISSING_ARCHIVE_LINK,74.0,0.55,0.9,0.575,MISSING_ARCHIVE_LINK
2265,FRENCH,,EXPRESSION_ECRITE_SKILL,MISSING_ARCHIVE_LINK,73.28,0.67,0.9,0.593,MISSING_ARCHIVE_LINK
2266,FRENCH,,EXPRESSION_ECRITE_SKILL,MISSING_ARCHIVE_LINK,73.28,0.67,0.9,0.593,MISSING_ARCHIVE_LINK
2267,FRENCH,,EXPRESSION_ECRITE_SKILL,MISSING_ARCHIVE_LINK,73.28,0.67,0.9,0.593,MISSING_ARCHIVE_LINK
2268,FRENCH,,EXPRESSION_ECRITE_SKILL,MISSING_ARCHIVE_LINK,73.28,0.67,0.9,0.593,MISSING_ARCHIVE_LINK
2269,FRENCH,,EXPRESSION_ECRITE_SKILL,MISSING_ARCHIVE_LINK,73.28,0.67,0.9,0.593,MISSING_ARCHIVE_LINK
2270,FRENCH,,EXPRESSION_ECRITE_SKILL,MISSING_ARCHIVE_LINK,73.28,0.67,0.9,0.593,MISSING_ARCHIVE_LINK
2271,FRENCH,,EXPRESSION_ECRITE_SKILL,MISSING_ARCHIVE_LINK,73.28,0.67,0.9,0.593,MISSING_ARCHIVE_LINK
2272,FRENCH,,EXPRESSION_ECRITE_SKILL,MISSING_ARCHIVE_LINK,73.28,0.67,0.9,0.593,MISSING_ARCHIVE_LINK
2431,FRENCH,,EXPRESSION_ECRITE_SKILL,MISSING_ARCHIVE_LINK,73.28,0.67,0.9,0.593,MISSING_ARCHIVE_LINK
2432,FRENCH,,EXPRESSION_ECRITE_SKILL,MISSING_ARCHIVE_LINK,73.28,0.67,0.9,0.593,MISSING_ARCHIVE_LINK
2433,FRENCH,,EXPRESSION_ECRITE_SKILL,MISSING_ARCHIVE_LINK,73.28,0.67,0.9,0.593,MISSING_ARCHIVE_LINK
2434,FRENCH,,EXPRESSION_ECRITE_SKILL,MISSING_ARCHIVE_LINK,73.28,0.67,0.9,0.593,MISSING_ARCHIVE_LINK
2435,FRENCH,,EXPRESSION_ECRITE_SKILL,MISSING_ARCHIVE_LINK,73.28,0.67,0.9,0.593,MISSING_ARCHIVE_LINK
2436,FRENCH,,EXPRESSION_ECRITE_SKILL,MISSING_ARCHIVE_LINK,73.28,0.67,0.9,0.593,MISSING_ARCHIVE_LINK
2438,FRENCH,,EXPRESSION_ECRITE_SKILL,MISSING_ARCHIVE_LINK,73.28,0.67,0.9,0.593,MISSING_ARCHIVE_LINK
2439,FRENCH,,EXPRESSION_ECRITE_SKILL,MISSING_ARCHIVE_LINK,73.28,0.67,0.9,0.593,MISSING_ARCHIVE_LINK
2440,FRENCH,,EXPRESSION_ECRITE_SKILL,MISSING_ARCHIVE_LINK,73.28,0.67,0.9,0.593,MISSING_ARCHIVE_LINK
2441,FRENCH,,EXPRESSION_ECRITE_SKILL,MISSING_ARCHIVE_LINK,73.28,0.67,0.9,0.593,MISSING_ARCHIVE_LINK
2483,FRENCH,,COMPREHENSION_SKILL,MISSING_ARCHIVE_LINK,73.28,0.67,0.9,0.593,MISSING_ARCHIVE_LINK
2484,FRENCH,,COMPREHENSION_SKILL,MISSING_ARCHIVE_LINK,73.28,0.67,0.9,0.593,MISSING_ARCHIVE_LINK
2485,FRENCH,,COMPREHENSION_SKILL,MISSING_ARCHIVE_LINK,73.28,0.67,0.9,0.593,MISSING_ARCHIVE_LINK
2487,FRENCH,,COMPREHENSION_SKILL,MISSING_ARCHIVE_LINK,73.28,0.67,0.9,0.593,MISSING_ARCHIVE_LINK
2489,FRENCH,,COMPREHENSION_SKILL,MISSING_ARCHIVE_LINK,73.28,0.67,0.9,0.593,MISSING_ARCHIVE_LINK
2491,FRENCH,,COMPREHENSION_SKILL,MISSING_ARCHIVE_LINK,73.28,0.67,0.9,0.593,MISSING_ARCHIVE_LINK
2492,FRENCH,,COMPREHENSION_SKILL,MISSING_ARCHIVE_LINK,73.28,0.67,0.9,0.593,MISSING_ARCHIVE_LINK
2493,FRENCH,,COMPREHENSION_SKILL,MISSING_ARCHIVE_LINK,73.28,0.67,0.9,0.593,MISSING_ARCHIVE_LINK
2494,FRENCH,,COMPREHENSION_SKILL,MISSING_ARCHIVE_LINK,73.28,0.67,0.9,0.593,MISSING_ARCHIVE_LINK
2495,FRENCH,,COMPREHENSION_SKILL,MISSING_ARCHIVE_LINK,73.28,0.67,0.9,0.593,MISSING_ARCHIVE_LINK
2695,FRENCH,,EXPRESSION_ECRITE_SKILL,MISSING_ARCHIVE_LINK,73.28,0.67,0.9,0.593,MISSING_ARCHIVE_LINK
2696,FRENCH,,EXPRESSION_ECRITE_SKILL,MISSING_ARCHIVE_LINK,73.28,0.67,0.9,0.593,MISSING_ARCHIVE_LINK
2697,FRENCH,,EXPRESSION_ECRITE_SKILL,MISSING_ARCHIVE_LINK,73.28,0.67,0.9,0.593,MISSING_ARCHIVE_LINK
2698,FRENCH,,EXPRESSION_ECRITE_SKILL,MISSING_ARCHIVE_LINK,73.28,0.67,0.9,0.593,MISSING_ARCHIVE_LINK
2699,FRENCH,,EXPRESSION_ECRITE_SKILL,MISSING_ARCHIVE_LINK,73.28,0.67,0.9,0.593,MISSING_ARCHIVE_LINK
1988,SCIENCES,2021,MASSE_VOLUMIQUE_SKILL,ASSET_MISSING|POSSIBLE_MERGED_QUESTIONS|SHARED_CONTEXT_OR_ASSET_REFERENCED,71.46,0.79,0.75,0.638,ASSET_MISSING|POSSIBLE_MERGED_QUESTIONS|SHARED_CONTEXT_OR_ASSET_REFERENCED
2395,FRENCH,,,ASSET_MISSING|MISSING_ARCHIVE_LINK|SHARED_CONTEXT_OR_ASSET_REFERENCED,70.6,0.25,0.9,0.41,ASSET_MISSING|MISSING_ARCHIVE_LINK|SHARED_CONTEXT_OR_ASSET_REFERENCED
2202,HISTORY_GEOGRAPHY_EMC,2024,GUERRE_FROIDE_SKILL,ASSET_MISSING|SHARED_CONTEXT_OR_ASSET_REFERENCED,70.26,0.79,0.75,0.668,ASSET_MISSING|SHARED_CONTEXT_OR_ASSET_REFERENCED
2204,HISTORY_GEOGRAPHY_EMC,2024,GUERRE_FROIDE_SKILL,ASSET_MISSING|SHARED_CONTEXT_OR_ASSET_REFERENCED,70.26,0.79,0.75,0.668,ASSET_MISSING|SHARED_CONTEXT_OR_ASSET_REFERENCED
2205,HISTORY_GEOGRAPHY_EMC,2024,GUERRE_FROIDE_SKILL,ASSET_MISSING|SHARED_CONTEXT_OR_ASSET_REFERENCED,70.26,0.79,0.75,0.668,ASSET_MISSING|SHARED_CONTEXT_OR_ASSET_REFERENCED
2206,HISTORY_GEOGRAPHY_EMC,2024,GUERRE_FROIDE_SKILL,ASSET_MISSING|SHARED_CONTEXT_OR_ASSET_REFERENCED,70.26,0.79,0.75,0.668,ASSET_MISSING|SHARED_CONTEXT_OR_ASSET_REFERENCED
2677,SCIENCES,2025,MOUVEMENT_ET_VITESSE_SKILL,ASSET_MISSING|SHARED_CONTEXT_OR_ASSET_REFERENCED,70.26,0.79,0.75,0.668,ASSET_MISSING|SHARED_CONTEXT_OR_ASSET_REFERENCED
2684,HISTORY_GEOGRAPHY_EMC,2025,PREMIERE_GUERRE_MONDIALE_SKILL,ASSET_MISSING|SHARED_CONTEXT_OR_ASSET_REFERENCED,70.26,0.79,0.75,0.668,ASSET_MISSING|SHARED_CONTEXT_OR_ASSET_REFERENCED
2685,HISTORY_GEOGRAPHY_EMC,2025,PREMIERE_GUERRE_MONDIALE_SKILL,ASSET_MISSING|SHARED_CONTEXT_OR_ASSET_REFERENCED,70.26,0.79,0.75,0.668,ASSET_MISSING|SHARED_CONTEXT_OR_ASSET_REFERENCED
2882,HISTORY_GEOGRAPHY_EMC,2024,PREMIERE_GUERRE_MONDIALE_SKILL,ASSET_MISSING|SHARED_CONTEXT_OR_ASSET_REFERENCED,70.26,0.79,0.75,0.668,ASSET_MISSING|SHARED_CONTEXT_OR_ASSET_REFERENCED
2885,HISTORY_GEOGRAPHY_EMC,2024,PREMIERE_GUERRE_MONDIALE_SKILL,ASSET_MISSING|SHARED_CONTEXT_OR_ASSET_REFERENCED,70.26,0.79,0.75,0.668,ASSET_MISSING|SHARED_CONTEXT_OR_ASSET_REFERENCED
2910,HISTORY_GEOGRAPHY_EMC,2025,PREMIERE_GUERRE_MONDIALE_SKILL,ASSET_MISSING|SHARED_CONTEXT_OR_ASSET_REFERENCED,70.26,0.79,0.75,0.668,ASSET_MISSING|SHARED_CONTEXT_OR_ASSET_REFERENCED
2911,HISTORY_GEOGRAPHY_EMC,2025,PREMIERE_GUERRE_MONDIALE_SKILL,ASSET_MISSING|SHARED_CONTEXT_OR_ASSET_REFERENCED,70.26,0.79,0.75,0.668,ASSET_MISSING|SHARED_CONTEXT_OR_ASSET_REFERENCED
2912,HISTORY_GEOGRAPHY_EMC,2025,PREMIERE_GUERRE_MONDIALE_SKILL,ASSET_MISSING|SHARED_CONTEXT_OR_ASSET_REFERENCED,70.26,0.79,0.75,0.668,ASSET_MISSING|SHARED_CONTEXT_OR_ASSET_REFERENCED
2913,HISTORY_GEOGRAPHY_EMC,2025,PREMIERE_GUERRE_MONDIALE_SKILL,ASSET_MISSING|SHARED_CONTEXT_OR_ASSET_REFERENCED,70.26,0.79,0.75,0.668,ASSET_MISSING|SHARED_CONTEXT_OR_ASSET_REFERENCED
2914,HISTORY_GEOGRAPHY_EMC,2025,PREMIERE_GUERRE_MONDIALE_SKILL,ASSET_MISSING|SHARED_CONTEXT_OR_ASSET_REFERENCED,70.26,0.79,0.75,0.668,ASSET_MISSING|SHARED_CONTEXT_OR_ASSET_REFERENCED
2095,FRENCH,2023,COMPREHENSION_SKILL,NONE,68.0,0.55,0.7,0.725,
2096,FRENCH,2023,COMPREHENSION_SKILL,NONE,68.0,0.55,0.7,0.725,
2097,FRENCH,2023,COMPREHENSION_SKILL,NONE,68.0,0.55,0.7,0.725,
2098,FRENCH,2023,COMPREHENSION_SKILL,NONE,68.0,0.55,0.7,0.725,
2099,FRENCH,2023,COMPREHENSION_SKILL,NONE,68.0,0.55,0.7,0.725,
2100,FRENCH,2023,COMPREHENSION_SKILL,NONE,68.0,0.55,0.7,0.725,
2101,FRENCH,2023,COMPREHENSION_SKILL,NONE,68.0,0.55,0.7,0.725,
2102,FRENCH,2023,COMPREHENSION_SKILL,NONE,68.0,0.55,0.7,0.725,
2103,FRENCH,2023,COMPREHENSION_SKILL,NONE,68.0,0.55,0.7,0.725,
2104,FRENCH,2023,COMPREHENSION_SKILL,NONE,68.0,0.55,0.7,0.725,
2105,FRENCH,2023,COMPREHENSION_SKILL,NONE,68.0,0.55,0.7,0.725,
2106,FRENCH,2023,COMPREHENSION_SKILL,NONE,68.0,0.55,0.7,0.725,
2107,FRENCH,2023,COMPREHENSION_SKILL,NONE,68.0,0.55,0.7,0.725,
2108,FRENCH,2023,COMPREHENSION_SKILL,NONE,68.0,0.55,0.7,0.725,
2274,FRENCH,2024,ACCORDS_SKILL,NONE,68.0,0.55,0.7,0.725,
2275,FRENCH,2024,ACCORDS_SKILL,NONE,68.0,0.55,0.7,0.725,
2276,FRENCH,2024,ACCORDS_SKILL,NONE,68.0,0.55,0.7,0.725,
2277,FRENCH,2024,ACCORDS_SKILL,NONE,68.0,0.55,0.7,0.725,
2301,FRENCH,2024,COMPREHENSION_SKILL,NONE,68.0,0.55,0.7,0.725,
2302,FRENCH,2024,COMPREHENSION_SKILL,NONE,68.0,0.55,0.7,0.725,
2303,FRENCH,2024,COMPREHENSION_SKILL,NONE,68.0,0.55,0.7,0.725,
2304,FRENCH,2024,COMPREHENSION_SKILL,NONE,68.0,0.55,0.7,0.725,
2305,FRENCH,2024,COMPREHENSION_SKILL,NONE,68.0,0.55,0.7,0.725,
2306,FRENCH,2024,COMPREHENSION_SKILL,NONE,68.0,0.55,0.7,0.725,
2307,FRENCH,2024,COMPREHENSION_SKILL,NONE,68.0,0.55,0.7,0.725,
2308,FRENCH,2024,COMPREHENSION_SKILL,NONE,68.0,0.55,0.7,0.725,
2310,FRENCH,2024,COMPREHENSION_SKILL,NONE,68.0,0.55,0.7,0.725,
2311,FRENCH,2024,COMPREHENSION_SKILL,NONE,68.0,0.55,0.7,0.725,
2312,FRENCH,2024,COMPREHENSION_SKILL,NONE,68.0,0.55,0.7,0.725,
2313,FRENCH,2024,COMPREHENSION_SKILL,NONE,68.0,0.55,0.7,0.725,
2314,FRENCH,2024,COMPREHENSION_SKILL,NONE,68.0,0.55,0.7,0.725,
2315,FRENCH,2024,COMPREHENSION_SKILL,NONE,68.0,0.55,0.7,0.725,
2316,FRENCH,2024,COMPREHENSION_SKILL,NONE,68.0,0.55,0.7,0.725,
2317,FRENCH,2024,COMPREHENSION_SKILL,NONE,68.0,0.55,0.7,0.725,
2371,FRENCH,2024,ACCORDS_SKILL,NONE,68.0,0.55,0.7,0.725,
2372,FRENCH,2024,ACCORDS_SKILL,NONE,68.0,0.55,0.7,0.725,
2373,FRENCH,2024,ACCORDS_SKILL,NONE,68.0,0.55,0.7,0.725,
2374,FRENCH,2024,ACCORDS_SKILL,NONE,68.0,0.55,0.7,0.725,
2442,FRENCH,2024,EXPRESSION_ECRITE_SKILL,NONE,68.0,0.55,0.7,0.725,
2444,FRENCH,2024,ACCORDS_SKILL,NONE,68.0,0.55,0.7,0.725,
2445,FRENCH,2024,ACCORDS_SKILL,NONE,68.0,0.55,0.7,0.725,
2446,FRENCH,2024,ACCORDS_SKILL,NONE,68.0,0.55,0.7,0.725,
2452,FRENCH,2024,COMPREHENSION_SKILL,NONE,68.0,0.55,0.7,0.725,
2453,FRENCH,2024,COMPREHENSION_SKILL,NONE,68.0,0.55,0.7,0.725,
2454,FRENCH,2024,COMPREHENSION_SKILL,NONE,68.0,0.55,0.7,0.725,
2455,FRENCH,2024,COMPREHENSION_SKILL,NONE,68.0,0.55,0.7,0.725,
2456,FRENCH,2024,COMPREHENSION_SKILL,NONE,68.0,0.55,0.7,0.725,
2459,FRENCH,2024,COMPREHENSION_SKILL,NONE,68.0,0.55,0.7,0.725,
2460,FRENCH,2024,COMPREHENSION_SKILL,NONE,68.0,0.55,0.7,0.725,
2461,FRENCH,2024,COMPREHENSION_SKILL,NONE,68.0,0.55,0.7,0.725,
2462,FRENCH,2024,COMPREHENSION_SKILL,NONE,68.0,0.55,0.7,0.725,
2463,FRENCH,2024,COMPREHENSION_SKILL,NONE,68.0,0.55,0.7,0.725,
2464,FRENCH,2024,COMPREHENSION_SKILL,NONE,68.0,0.55,0.7,0.725,
2466,FRENCH,2024,COMPREHENSION_SKILL,NONE,68.0,0.55,0.7,0.725,
2467,FRENCH,2024,COMPREHENSION_SKILL,NONE,68.0,0.55,0.7,0.725,
2468,FRENCH,2024,COMPREHENSION_SKILL,NONE,68.0,0.55,0.7,0.725,
2469,FRENCH,2024,COMPREHENSION_SKILL,NONE,68.0,0.55,0.7,0.725,
2470,FRENCH,2024,COMPREHENSION_SKILL,NONE,68.0,0.55,0.7,0.725,
2471,FRENCH,2024,COMPREHENSION_SKILL,NONE,68.0,0.55,0.7,0.725,
2472,FRENCH,2024,COMPREHENSION_SKILL,NONE,68.0,0.55,0.7,0.725,
2473,FRENCH,2024,COMPREHENSION_SKILL,NONE,68.0,0.55,0.7,0.725,
2474,FRENCH,2024,COMPREHENSION_SKILL,NONE,68.0,0.55,0.7,0.725,
2558,FRENCH,2025,ACCORDS_SKILL,NONE,68.0,0.55,0.7,0.725,
2559,FRENCH,2025,ACCORDS_SKILL,NONE,68.0,0.55,0.7,0.725,
2560,FRENCH,2025,ACCORDS_SKILL,NONE,68.0,0.55,0.7,0.725,
2621,FRENCH,2025,ACCORDS_SKILL,NONE,68.0,0.55,0.7,0.725,
2622,FRENCH,2025,ACCORDS_SKILL,NONE,68.0,0.55,0.7,0.725,
2623,FRENCH,2025,ACCORDS_SKILL,NONE,68.0,0.55,0.7,0.725,
2624,FRENCH,2025,COMPREHENSION_SKILL,NONE,68.0,0.55,0.7,0.725,
2626,FRENCH,2025,COMPREHENSION_SKILL,NONE,68.0,0.55,0.7,0.725,
2627,FRENCH,2025,COMPREHENSION_SKILL,NONE,68.0,0.55,0.7,0.725,
2628,FRENCH,2025,COMPREHENSION_SKILL,NONE,68.0,0.55,0.7,0.725,
2629,FRENCH,2025,COMPREHENSION_SKILL,NONE,68.0,0.55,0.7,0.725,
2630,FRENCH,2025,COMPREHENSION_SKILL,NONE,68.0,0.55,0.7,0.725,
2631,FRENCH,2025,COMPREHENSION_SKILL,NONE,68.0,0.55,0.7,0.725,
2632,FRENCH,2025,COMPREHENSION_SKILL,NONE,68.0,0.55,0.7,0.725,
2633,FRENCH,2025,COMPREHENSION_SKILL,NONE,68.0,0.55,0.7,0.725,
2634,FRENCH,2025,COMPREHENSION_SKILL,NONE,68.0,0.55,0.7,0.725,
2635,FRENCH,2025,COMPREHENSION_SKILL,NONE,68.0,0.55,0.7,0.725,
2636,FRENCH,2025,COMPREHENSION_SKILL,NONE,68.0,0.55,0.7,0.725,
2637,FRENCH,2025,COMPREHENSION_SKILL,NONE,68.0,0.55,0.7,0.725,
2638,FRENCH,2025,COMPREHENSION_SKILL,NONE,68.0,0.55,0.7,0.725,
2639,FRENCH,2025,COMPREHENSION_SKILL,NONE,68.0,0.55,0.7,0.725,
2762,FRENCH,2026,ACCORDS_SKILL,NONE,68.0,0.55,0.7,0.725,
2763,FRENCH,2026,ACCORDS_SKILL,NONE,68.0,0.55,0.7,0.725,
2764,FRENCH,2026,ACCORDS_SKILL,NONE,68.0,0.55,0.7,0.725,
2765,FRENCH,2026,ACCORDS_SKILL,NONE,68.0,0.55,0.7,0.725,
2766,FRENCH,2026,ACCORDS_SKILL,NONE,68.0,0.55,0.7,0.725,
2767,FRENCH,2026,ACCORDS_SKILL,NONE,68.0,0.55,0.7,0.725,
2768,FRENCH,2026,ACCORDS_SKILL,NONE,68.0,0.55,0.7,0.725,
2769,FRENCH,2026,ACCORDS_SKILL,NONE,68.0,0.55,0.7,0.725,
2770,FRENCH,2026,ACCORDS_SKILL,NONE,68.0,0.55,0.7,0.725,
2771,FRENCH,2026,ACCORDS_SKILL,NONE,68.0,0.55,0.7,0.725,
2772,FRENCH,2026,ACCORDS_SKILL,NONE,68.0,0.55,0.7,0.725,
2773,FRENCH,2026,ACCORDS_SKILL,NONE,68.0,0.55,0.7,0.725,
2774,FRENCH,2026,ACCORDS_SKILL,NONE,68.0,0.55,0.7,0.725,
2775,FRENCH,2026,ACCORDS_SKILL,NONE,68.0,0.55,0.7,0.725,
2776,FRENCH,2026,ACCORDS_SKILL,NONE,68.0,0.55,0.7,0.725,
2777,FRENCH,2026,ACCORDS_SKILL,NONE,68.0,0.55,0.7,0.725,
2778,FRENCH,2026,ACCORDS_SKILL,NONE,68.0,0.55,0.7,0.725,
2924,FRENCH,2018,EXPRESSION_ECRITE_SKILL,NONE,68.0,0.55,0.7,0.725,
2946,FRENCH,2021,ACCORDS_SKILL,NONE,68.0,0.55,0.7,0.725,
3028,FRENCH,2022,ACCORDS_SKILL,NONE,68.0,0.55,0.7,0.725,
3029,FRENCH,2022,ACCORDS_SKILL,NONE,68.0,0.55,0.7,0.725,
3030,FRENCH,2022,ACCORDS_SKILL,NONE,68.0,0.55,0.7,0.725,
3031,FRENCH,2023,ACCORDS_SKILL,NONE,68.0,0.55,0.7,0.725,
2248,FRENCH,2024,EXPRESSION_ECRITE_SKILL,NONE,67.28,0.67,0.7,0.743,
2250,FRENCH,2024,EXPRESSION_ECRITE_SKILL,NONE,67.28,0.67,0.7,0.743,
2251,FRENCH,2024,EXPRESSION_ECRITE_SKILL,NONE,67.28,0.67,0.7,0.743,
2252,FRENCH,2024,EXPRESSION_ECRITE_SKILL,NONE,67.28,0.67,0.7,0.743,
2253,FRENCH,2024,EXPRESSION_ECRITE_SKILL,NONE,67.28,0.67,0.7,0.743,
2254,FRENCH,2024,EXPRESSION_ECRITE_SKILL,NONE,67.28,0.67,0.7,0.743,
2255,FRENCH,2024,EXPRESSION_ECRITE_SKILL,NONE,67.28,0.67,0.7,0.743,
2256,FRENCH,2024,EXPRESSION_ECRITE_SKILL,NONE,67.28,0.67,0.7,0.743,
2273,FRENCH,2024,EXPRESSION_ECRITE_SKILL,NONE,67.28,0.67,0.7,0.743,
2700,FRENCH,2025,EXPRESSION_ECRITE_SKILL,NONE,67.28,0.67,0.7,0.743,
2701,FRENCH,2025,EXPRESSION_ECRITE_SKILL,NONE,67.28,0.67,0.7,0.743,
2702,FRENCH,2025,EXPRESSION_ECRITE_SKILL,NONE,67.28,0.67,0.7,0.743,
2703,FRENCH,2025,EXPRESSION_ECRITE_SKILL,NONE,67.28,0.67,0.7,0.743,
2704,FRENCH,2025,EXPRESSION_ECRITE_SKILL,NONE,67.28,0.67,0.7,0.743,
2705,FRENCH,2025,EXPRESSION_ECRITE_SKILL,NONE,67.28,0.67,0.7,0.743,
2706,FRENCH,2025,EXPRESSION_ECRITE_SKILL,NONE,67.28,0.67,0.7,0.743,
2228,MATHEMATICS,2024,PROPORTIONNALITE_SKILL,NONE,66.8,0.55,0.7,0.755,
2318,FRENCH,2024,EXPRESSION_ECRITE_SKILL,NONE,66.8,0.55,0.7,0.755,
2465,FRENCH,2024,COMPREHENSION_SKILL,NONE,66.8,0.55,0.7,0.755,
2530,FRENCH,2025,EXPRESSION_ECRITE_SKILL,NONE,66.8,0.55,0.7,0.755,
2625,FRENCH,2025,COMPREHENSION_SKILL,NONE,66.8,0.55,0.7,0.755,
2947,FRENCH,2020,COMPREHENSION_SKILL,NONE,66.8,0.55,0.7,0.755,
2948,FRENCH,2020,COMPREHENSION_SKILL,NONE,66.8,0.55,0.7,0.755,
2949,FRENCH,2020,COMPREHENSION_SKILL,NONE,66.8,0.55,0.7,0.755,
2950,FRENCH,2020,COMPREHENSION_SKILL,NONE,66.8,0.55,0.7,0.755,
2951,FRENCH,2020,COMPREHENSION_SKILL,NONE,66.8,0.55,0.7,0.755,
2952,FRENCH,2020,COMPREHENSION_SKILL,NONE,66.8,0.55,0.7,0.755,
2953,FRENCH,2020,COMPREHENSION_SKILL,NONE,66.8,0.55,0.7,0.755,
2954,FRENCH,2020,COMPREHENSION_SKILL,NONE,66.8,0.55,0.7,0.755,
2955,FRENCH,2020,COMPREHENSION_SKILL,NONE,66.8,0.55,0.7,0.755,
2958,FRENCH,2020,COMPREHENSION_SKILL,NONE,66.8,0.55,0.7,0.755,
2959,FRENCH,2020,COMPREHENSION_SKILL,NONE,66.8,0.55,0.7,0.755,
2960,FRENCH,2020,COMPREHENSION_SKILL,NONE,66.8,0.55,0.7,0.755,
2961,FRENCH,2020,COMPREHENSION_SKILL,NONE,66.8,0.55,0.7,0.755,
2962,FRENCH,2020,COMPREHENSION_SKILL,NONE,66.8,0.55,0.7,0.755,
2963,FRENCH,2020,COMPREHENSION_SKILL,NONE,66.8,0.55,0.7,0.755,
2964,FRENCH,2020,COMPREHENSION_SKILL,NONE,66.8,0.55,0.7,0.755,
2965,FRENCH,2020,COMPREHENSION_SKILL,NONE,66.8,0.55,0.7,0.755,
2966,FRENCH,2020,COMPREHENSION_SKILL,NONE,66.8,0.55,0.7,0.755,
2967,FRENCH,2020,COMPREHENSION_SKILL,NONE,66.8,0.55,0.7,0.755,
2968,FRENCH,2020,COMPREHENSION_SKILL,NONE,66.8,0.55,0.7,0.755,
2051,MATHEMATICS,2023,FONCTIONS_SKILL,NONE,66.5,0.6,0.7,0.763,
2348,MATHEMATICS,2024,FONCTIONS_SKILL,NONE,66.5,0.6,0.7,0.763,
2350,MATHEMATICS,2024,EQUATIONS_SKILL,NONE,66.5,0.6,0.7,0.763,
2353,MATHEMATICS,2024,FONCTIONS_SKILL,NONE,66.5,0.6,0.7,0.763,
2591,MATHEMATICS,2025,EQUATIONS_SKILL,NONE,66.5,0.6,0.7,0.763,
2652,MATHEMATICS,2025,EQUATIONS_SKILL,NONE,66.5,0.6,0.7,0.763,
3032,MATHEMATICS,2021,FONCTIONS_SKILL,NONE,66.5,0.6,0.7,0.763,
2561,FRENCH,2025,EXPRESSION_ECRITE_SKILL,NONE,66.08,0.67,0.7,0.773,
2562,FRENCH,2025,EXPRESSION_ECRITE_SKILL,NONE,66.08,0.67,0.7,0.773,
2563,FRENCH,2025,EXPRESSION_ECRITE_SKILL,NONE,66.08,0.67,0.7,0.773,
2564,FRENCH,2025,EXPRESSION_ECRITE_SKILL,NONE,66.08,0.67,0.7,0.773,
2565,FRENCH,2025,EXPRESSION_ECRITE_SKILL,NONE,66.08,0.67,0.7,0.773,
2566,FRENCH,2025,EXPRESSION_ECRITE_SKILL,NONE,66.08,0.67,0.7,0.773,
2567,FRENCH,2025,EXPRESSION_ECRITE_SKILL,NONE,66.08,0.67,0.7,0.773,
2568,FRENCH,2025,EXPRESSION_ECRITE_SKILL,NONE,66.08,0.67,0.7,0.773,
2569,FRENCH,2025,EXPRESSION_ECRITE_SKILL,NONE,66.08,0.67,0.7,0.773,
2570,FRENCH,2025,EXPRESSION_ECRITE_SKILL,NONE,66.08,0.67,0.7,0.773,
2571,FRENCH,2025,EXPRESSION_ECRITE_SKILL,NONE,66.08,0.67,0.7,0.773,
2572,FRENCH,2025,EXPRESSION_ECRITE_SKILL,NONE,66.08,0.67,0.7,0.773,
2573,FRENCH,2025,EXPRESSION_ECRITE_SKILL,NONE,66.08,0.67,0.7,0.773,
2574,FRENCH,2025,EXPRESSION_ECRITE_SKILL,NONE,66.08,0.67,0.7,0.773,
2575,FRENCH,2025,EXPRESSION_ECRITE_SKILL,NONE,66.08,0.67,0.7,0.773,
2693,FRENCH,2025,EXPRESSION_ECRITE_SKILL,NONE,66.08,0.67,0.7,0.773,
2694,FRENCH,2025,EXPRESSION_ECRITE_SKILL,NONE,66.08,0.67,0.7,0.773,
2956,FRENCH,2020,EXPRESSION_ECRITE_SKILL,NONE,66.08,0.67,0.7,0.773,
2957,FRENCH,2020,EXPRESSION_ECRITE_SKILL,NONE,66.08,0.67,0.7,0.773,
2793,HISTORY_GEOGRAPHY_EMC,2026,SECONDE_GUERRE_MONDIALE_SKILL,NONE,65.0,0.91,0.82,0.842,
2935,HISTORY_GEOGRAPHY_EMC,2018,SECONDE_GUERRE_MONDIALE_SKILL,NONE,65.0,0.91,0.7,0.824,
2675,SCIENCES,2025,,NONE,64.8,0.25,0.7,0.68,
2294,MATHEMATICS,2024,,ASSET_MISSING|SHARED_CONTEXT_OR_ASSET_REFERENCED,64.7,0.25,0.75,0.557,ASSET_MISSING|SHARED_CONTEXT_OR_ASSET_REFERENCED
2550,MATHEMATICS,2025,,ASSET_MISSING|SHARED_CONTEXT_OR_ASSET_REFERENCED,64.7,0.25,0.75,0.557,ASSET_MISSING|SHARED_CONTEXT_OR_ASSET_REFERENCED
2553,MATHEMATICS,2025,,ASSET_MISSING|SHARED_CONTEXT_OR_ASSET_REFERENCED,64.7,0.25,0.75,0.557,ASSET_MISSING|SHARED_CONTEXT_OR_ASSET_REFERENCED
2451,FRENCH,,ACCORDS_SKILL,MISSING_ARCHIVE_LINK,64.0,0.55,0.9,0.575,MISSING_ARCHIVE_LINK
3055,FRENCH,,ACCORDS_SKILL,MISSING_ARCHIVE_LINK,64.0,0.55,0.9,0.575,MISSING_ARCHIVE_LINK
1996,HISTORY_GEOGRAPHY_EMC,2022,,NONE,63.6,0.25,0.7,0.71,
2072,HISTORY_GEOGRAPHY_EMC,2023,,NONE,63.6,0.25,0.7,0.71,
2208,HISTORY_GEOGRAPHY_EMC,2024,,NONE,63.6,0.25,0.7,0.71,
2209,HISTORY_GEOGRAPHY_EMC,2024,,NONE,63.6,0.25,0.7,0.71,
2325,HISTORY_GEOGRAPHY_EMC,2024,,NONE,63.6,0.25,0.7,0.71,
2407,HISTORY_GEOGRAPHY_EMC,2024,,NONE,63.6,0.25,0.7,0.71,
2409,HISTORY_GEOGRAPHY_EMC,2024,,NONE,63.6,0.25,0.7,0.71,
2410,HISTORY_GEOGRAPHY_EMC,2024,,NONE,63.6,0.25,0.7,0.71,
2411,HISTORY_GEOGRAPHY_EMC,2024,,NONE,63.6,0.25,0.7,0.71,
2412,HISTORY_GEOGRAPHY_EMC,2024,,NONE,63.6,0.25,0.7,0.71,
2413,HISTORY_GEOGRAPHY_EMC,2024,,NONE,63.6,0.25,0.7,0.71,
2680,HISTORY_GEOGRAPHY_EMC,2025,,NONE,63.6,0.25,0.7,0.71,
2686,HISTORY_GEOGRAPHY_EMC,2025,,NONE,63.6,0.25,0.7,0.71,
2814,HISTORY_GEOGRAPHY_EMC,2022,,NONE,63.6,0.25,0.7,0.71,
2825,HISTORY_GEOGRAPHY_EMC,2023,,NONE,63.6,0.25,0.7,0.71,
2837,HISTORY_GEOGRAPHY_EMC,2023,,NONE,63.6,0.25,0.7,0.71,
2838,HISTORY_GEOGRAPHY_EMC,2023,,NONE,63.6,0.25,0.7,0.71,
2839,HISTORY_GEOGRAPHY_EMC,2023,,NONE,63.6,0.25,0.7,0.71,
2840,HISTORY_GEOGRAPHY_EMC,2023,,NONE,63.6,0.25,0.7,0.71,
2847,HISTORY_GEOGRAPHY_EMC,2023,,NONE,63.6,0.25,0.7,0.71,
2860,HISTORY_GEOGRAPHY_EMC,2023,,NONE,63.6,0.25,0.7,0.71,
2887,HISTORY_GEOGRAPHY_EMC,2024,,NONE,63.6,0.25,0.7,0.71,
2889,HISTORY_GEOGRAPHY_EMC,2024,,NONE,63.6,0.25,0.7,0.71,
2890,HISTORY_GEOGRAPHY_EMC,2024,,NONE,63.6,0.25,0.7,0.71,
2891,HISTORY_GEOGRAPHY_EMC,2024,,NONE,63.6,0.25,0.7,0.71,
2892,HISTORY_GEOGRAPHY_EMC,2024,,NONE,63.6,0.25,0.7,0.71,
2893,HISTORY_GEOGRAPHY_EMC,2024,,NONE,63.6,0.25,0.7,0.71,
2898,HISTORY_GEOGRAPHY_EMC,2025,,NONE,63.6,0.25,0.7,0.71,
2909,HISTORY_GEOGRAPHY_EMC,2025,,NONE,63.6,0.25,0.7,0.71,
2021,FRENCH,2023,,ASSET_MISSING|SHARED_CONTEXT_OR_ASSET_REFERENCED,63.5,0.25,0.75,0.588,ASSET_MISSING|SHARED_CONTEXT_OR_ASSET_REFERENCED
2056,MATHEMATICS,2023,,ASSET_MISSING|SHARED_CONTEXT_OR_ASSET_REFERENCED,63.5,0.25,0.75,0.588,ASSET_MISSING|SHARED_CONTEXT_OR_ASSET_REFERENCED
2057,MATHEMATICS,2023,,ASSET_MISSING|SHARED_CONTEXT_OR_ASSET_REFERENCED,63.5,0.25,0.75,0.588,ASSET_MISSING|SHARED_CONTEXT_OR_ASSET_REFERENCED
2058,MATHEMATICS,2023,,ASSET_MISSING|SHARED_CONTEXT_OR_ASSET_REFERENCED,63.5,0.25,0.75,0.588,ASSET_MISSING|SHARED_CONTEXT_OR_ASSET_REFERENCED
2059,MATHEMATICS,2023,,ASSET_MISSING|SHARED_CONTEXT_OR_ASSET_REFERENCED,63.5,0.25,0.75,0.588,ASSET_MISSING|SHARED_CONTEXT_OR_ASSET_REFERENCED
2060,MATHEMATICS,2023,,ASSET_MISSING|SHARED_CONTEXT_OR_ASSET_REFERENCED,63.5,0.25,0.75,0.588,ASSET_MISSING|SHARED_CONTEXT_OR_ASSET_REFERENCED
2061,MATHEMATICS,2023,,ASSET_MISSING|SHARED_CONTEXT_OR_ASSET_REFERENCED,63.5,0.25,0.75,0.588,ASSET_MISSING|SHARED_CONTEXT_OR_ASSET_REFERENCED
2133,MATHEMATICS,2023,,ASSET_MISSING|SHARED_CONTEXT_OR_ASSET_REFERENCED,63.5,0.25,0.75,0.588,ASSET_MISSING|SHARED_CONTEXT_OR_ASSET_REFERENCED
2134,MATHEMATICS,2023,,ASSET_MISSING|SHARED_CONTEXT_OR_ASSET_REFERENCED,63.5,0.25,0.75,0.588,ASSET_MISSING|SHARED_CONTEXT_OR_ASSET_REFERENCED
2135,MATHEMATICS,2023,,ASSET_MISSING|SHARED_CONTEXT_OR_ASSET_REFERENCED,63.5,0.25,0.75,0.588,ASSET_MISSING|SHARED_CONTEXT_OR_ASSET_REFERENCED
2138,MATHEMATICS,2023,,ASSET_MISSING|SHARED_CONTEXT_OR_ASSET_REFERENCED,63.5,0.25,0.75,0.588,ASSET_MISSING|SHARED_CONTEXT_OR_ASSET_REFERENCED
2142,MATHEMATICS,2023,,ASSET_MISSING|SHARED_CONTEXT_OR_ASSET_REFERENCED,63.5,0.25,0.75,0.588,ASSET_MISSING|SHARED_CONTEXT_OR_ASSET_REFERENCED
2143,MATHEMATICS,2023,,ASSET_MISSING|SHARED_CONTEXT_OR_ASSET_REFERENCED,63.5,0.25,0.75,0.588,ASSET_MISSING|SHARED_CONTEXT_OR_ASSET_REFERENCED
2145,MATHEMATICS,2023,,ASSET_MISSING|SHARED_CONTEXT_OR_ASSET_REFERENCED,63.5,0.25,0.75,0.588,ASSET_MISSING|SHARED_CONTEXT_OR_ASSET_REFERENCED
2146,MATHEMATICS,2023,,ASSET_MISSING|SHARED_CONTEXT_OR_ASSET_REFERENCED,63.5,0.25,0.75,0.588,ASSET_MISSING|SHARED_CONTEXT_OR_ASSET_REFERENCED
2150,MATHEMATICS,2023,,ASSET_MISSING|SHARED_CONTEXT_OR_ASSET_REFERENCED,63.5,0.25,0.75,0.588,ASSET_MISSING|SHARED_CONTEXT_OR_ASSET_REFERENCED
2151,MATHEMATICS,2023,,ASSET_MISSING|SHARED_CONTEXT_OR_ASSET_REFERENCED,63.5,0.25,0.75,0.588,ASSET_MISSING|SHARED_CONTEXT_OR_ASSET_REFERENCED
2233,MATHEMATICS,2024,,ASSET_MISSING|SHARED_CONTEXT_OR_ASSET_REFERENCED,63.5,0.25,0.75,0.588,ASSET_MISSING|SHARED_CONTEXT_OR_ASSET_REFERENCED
2234,MATHEMATICS,2024,,ASSET_MISSING|SHARED_CONTEXT_OR_ASSET_REFERENCED,63.5,0.25,0.75,0.588,ASSET_MISSING|SHARED_CONTEXT_OR_ASSET_REFERENCED
2235,MATHEMATICS,2024,,ASSET_MISSING|SHARED_CONTEXT_OR_ASSET_REFERENCED,63.5,0.25,0.75,0.588,ASSET_MISSING|SHARED_CONTEXT_OR_ASSET_REFERENCED
2240,MATHEMATICS,2024,,ASSET_MISSING|SHARED_CONTEXT_OR_ASSET_REFERENCED,63.5,0.25,0.75,0.588,ASSET_MISSING|SHARED_CONTEXT_OR_ASSET_REFERENCED
2241,MATHEMATICS,2024,,ASSET_MISSING|SHARED_CONTEXT_OR_ASSET_REFERENCED,63.5,0.25,0.75,0.588,ASSET_MISSING|SHARED_CONTEXT_OR_ASSET_REFERENCED
2242,MATHEMATICS,2024,,ASSET_MISSING|SHARED_CONTEXT_OR_ASSET_REFERENCED,63.5,0.25,0.75,0.588,ASSET_MISSING|SHARED_CONTEXT_OR_ASSET_REFERENCED
2243,MATHEMATICS,2024,,ASSET_MISSING|SHARED_CONTEXT_OR_ASSET_REFERENCED,63.5,0.25,0.75,0.588,ASSET_MISSING|SHARED_CONTEXT_OR_ASSET_REFERENCED
2244,MATHEMATICS,2024,,ASSET_MISSING|SHARED_CONTEXT_OR_ASSET_REFERENCED,63.5,0.25,0.75,0.588,ASSET_MISSING|SHARED_CONTEXT_OR_ASSET_REFERENCED
2245,MATHEMATICS,2024,,ASSET_MISSING|SHARED_CONTEXT_OR_ASSET_REFERENCED,63.5,0.25,0.75,0.588,ASSET_MISSING|SHARED_CONTEXT_OR_ASSET_REFERENCED
2300,MATHEMATICS,2024,,ASSET_MISSING|SHARED_CONTEXT_OR_ASSET_REFERENCED,63.5,0.25,0.75,0.588,ASSET_MISSING|SHARED_CONTEXT_OR_ASSET_REFERENCED
2335,MATHEMATICS,2024,,ASSET_MISSING|SHARED_CONTEXT_OR_ASSET_REFERENCED,63.5,0.25,0.75,0.588,ASSET_MISSING|SHARED_CONTEXT_OR_ASSET_REFERENCED
2336,MATHEMATICS,2024,,ASSET_MISSING|SHARED_CONTEXT_OR_ASSET_REFERENCED,63.5,0.25,0.75,0.588,ASSET_MISSING|SHARED_CONTEXT_OR_ASSET_REFERENCED
2397,FRENCH,2024,,ASSET_MISSING|SHARED_CONTEXT_OR_ASSET_REFERENCED,63.5,0.25,0.75,0.588,ASSET_MISSING|SHARED_CONTEXT_OR_ASSET_REFERENCED
2398,FRENCH,2024,,ASSET_MISSING|SHARED_CONTEXT_OR_ASSET_REFERENCED,63.5,0.25,0.75,0.588,ASSET_MISSING|SHARED_CONTEXT_OR_ASSET_REFERENCED
2399,FRENCH,2024,,ASSET_MISSING|SHARED_CONTEXT_OR_ASSET_REFERENCED,63.5,0.25,0.75,0.588,ASSET_MISSING|SHARED_CONTEXT_OR_ASSET_REFERENCED
2401,FRENCH,2024,,ASSET_MISSING|SHARED_CONTEXT_OR_ASSET_REFERENCED,63.5,0.25,0.75,0.588,ASSET_MISSING|SHARED_CONTEXT_OR_ASSET_REFERENCED
2516,MATHEMATICS,2024,,ASSET_MISSING|SHARED_CONTEXT_OR_ASSET_REFERENCED,63.5,0.25,0.75,0.588,ASSET_MISSING|SHARED_CONTEXT_OR_ASSET_REFERENCED
2533,MATHEMATICS,2025,,ASSET_MISSING|SHARED_CONTEXT_OR_ASSET_REFERENCED,63.5,0.25,0.75,0.588,ASSET_MISSING|SHARED_CONTEXT_OR_ASSET_REFERENCED
2534,MATHEMATICS,2025,,ASSET_MISSING|SHARED_CONTEXT_OR_ASSET_REFERENCED,63.5,0.25,0.75,0.588,ASSET_MISSING|SHARED_CONTEXT_OR_ASSET_REFERENCED
2535,MATHEMATICS,2025,,ASSET_MISSING|SHARED_CONTEXT_OR_ASSET_REFERENCED,63.5,0.25,0.75,0.588,ASSET_MISSING|SHARED_CONTEXT_OR_ASSET_REFERENCED
2551,MATHEMATICS,2025,,ASSET_MISSING|SHARED_CONTEXT_OR_ASSET_REFERENCED,63.5,0.25,0.75,0.588,ASSET_MISSING|SHARED_CONTEXT_OR_ASSET_REFERENCED
2578,MATHEMATICS,2025,,ASSET_MISSING|SHARED_CONTEXT_OR_ASSET_REFERENCED,63.5,0.25,0.75,0.588,ASSET_MISSING|SHARED_CONTEXT_OR_ASSET_REFERENCED
2583,MATHEMATICS,2025,,ASSET_MISSING|SHARED_CONTEXT_OR_ASSET_REFERENCED,63.5,0.25,0.75,0.588,ASSET_MISSING|SHARED_CONTEXT_OR_ASSET_REFERENCED
2592,MATHEMATICS,2025,,ASSET_MISSING|SHARED_CONTEXT_OR_ASSET_REFERENCED,63.5,0.25,0.75,0.588,ASSET_MISSING|SHARED_CONTEXT_OR_ASSET_REFERENCED
2593,MATHEMATICS,2025,,ASSET_MISSING|SHARED_CONTEXT_OR_ASSET_REFERENCED,63.5,0.25,0.75,0.588,ASSET_MISSING|SHARED_CONTEXT_OR_ASSET_REFERENCED
2594,MATHEMATICS,2025,,ASSET_MISSING|SHARED_CONTEXT_OR_ASSET_REFERENCED,63.5,0.25,0.75,0.588,ASSET_MISSING|SHARED_CONTEXT_OR_ASSET_REFERENCED
2644,MATHEMATICS,2025,,ASSET_MISSING|SHARED_CONTEXT_OR_ASSET_REFERENCED,63.5,0.25,0.75,0.588,ASSET_MISSING|SHARED_CONTEXT_OR_ASSET_REFERENCED
2648,MATHEMATICS,2025,,ASSET_MISSING|SHARED_CONTEXT_OR_ASSET_REFERENCED,63.5,0.25,0.75,0.588,ASSET_MISSING|SHARED_CONTEXT_OR_ASSET_REFERENCED
2655,MATHEMATICS,2025,,ASSET_MISSING|SHARED_CONTEXT_OR_ASSET_REFERENCED,63.5,0.25,0.75,0.588,ASSET_MISSING|SHARED_CONTEXT_OR_ASSET_REFERENCED
2656,MATHEMATICS,2025,,ASSET_MISSING|SHARED_CONTEXT_OR_ASSET_REFERENCED,63.5,0.25,0.75,0.588,ASSET_MISSING|SHARED_CONTEXT_OR_ASSET_REFERENCED
2657,MATHEMATICS,2025,,ASSET_MISSING|SHARED_CONTEXT_OR_ASSET_REFERENCED,63.5,0.25,0.75,0.588,ASSET_MISSING|SHARED_CONTEXT_OR_ASSET_REFERENCED
2659,MATHEMATICS,2025,,ASSET_MISSING|SHARED_CONTEXT_OR_ASSET_REFERENCED,63.5,0.25,0.75,0.588,ASSET_MISSING|SHARED_CONTEXT_OR_ASSET_REFERENCED
2668,MATHEMATICS,2025,,ASSET_MISSING|SHARED_CONTEXT_OR_ASSET_REFERENCED,63.5,0.25,0.75,0.588,ASSET_MISSING|SHARED_CONTEXT_OR_ASSET_REFERENCED
2738,MATHEMATICS,2026,,ASSET_MISSING|SHARED_CONTEXT_OR_ASSET_REFERENCED,63.5,0.25,0.75,0.588,ASSET_MISSING|SHARED_CONTEXT_OR_ASSET_REFERENCED
2740,MATHEMATICS,2026,,ASSET_MISSING|SHARED_CONTEXT_OR_ASSET_REFERENCED,63.5,0.25,0.75,0.588,ASSET_MISSING|SHARED_CONTEXT_OR_ASSET_REFERENCED
2742,MATHEMATICS,2026,,ASSET_MISSING|SHARED_CONTEXT_OR_ASSET_REFERENCED,63.5,0.25,0.75,0.588,ASSET_MISSING|SHARED_CONTEXT_OR_ASSET_REFERENCED
2759,MATHEMATICS,2026,,ASSET_MISSING|SHARED_CONTEXT_OR_ASSET_REFERENCED,63.5,0.25,0.75,0.588,ASSET_MISSING|SHARED_CONTEXT_OR_ASSET_REFERENCED
2760,MATHEMATICS,2026,,ASSET_MISSING|SHARED_CONTEXT_OR_ASSET_REFERENCED,63.5,0.25,0.75,0.588,ASSET_MISSING|SHARED_CONTEXT_OR_ASSET_REFERENCED
2761,MATHEMATICS,2026,,ASSET_MISSING|SHARED_CONTEXT_OR_ASSET_REFERENCED,63.5,0.25,0.75,0.588,ASSET_MISSING|SHARED_CONTEXT_OR_ASSET_REFERENCED
3035,MATHEMATICS,2021,,ASSET_MISSING|SHARED_CONTEXT_OR_ASSET_REFERENCED,63.5,0.25,0.75,0.588,ASSET_MISSING|SHARED_CONTEXT_OR_ASSET_REFERENCED
3043,MATHEMATICS,2021,,ASSET_MISSING|SHARED_CONTEXT_OR_ASSET_REFERENCED,63.5,0.25,0.75,0.588,ASSET_MISSING|SHARED_CONTEXT_OR_ASSET_REFERENCED
3044,MATHEMATICS,2021,,ASSET_MISSING|SHARED_CONTEXT_OR_ASSET_REFERENCED,63.5,0.25,0.75,0.588,ASSET_MISSING|SHARED_CONTEXT_OR_ASSET_REFERENCED
3045,MATHEMATICS,2021,,ASSET_MISSING|SHARED_CONTEXT_OR_ASSET_REFERENCED,63.5,0.25,0.75,0.588,ASSET_MISSING|SHARED_CONTEXT_OR_ASSET_REFERENCED
3046,MATHEMATICS,2021,,ASSET_MISSING|SHARED_CONTEXT_OR_ASSET_REFERENCED,63.5,0.25,0.75,0.588,ASSET_MISSING|SHARED_CONTEXT_OR_ASSET_REFERENCED
3047,MATHEMATICS,2021,,ASSET_MISSING|SHARED_CONTEXT_OR_ASSET_REFERENCED,63.5,0.25,0.75,0.588,ASSET_MISSING|SHARED_CONTEXT_OR_ASSET_REFERENCED
3048,MATHEMATICS,2021,,ASSET_MISSING|SHARED_CONTEXT_OR_ASSET_REFERENCED,63.5,0.25,0.75,0.588,ASSET_MISSING|SHARED_CONTEXT_OR_ASSET_REFERENCED
3049,MATHEMATICS,2021,,ASSET_MISSING|SHARED_CONTEXT_OR_ASSET_REFERENCED,63.5,0.25,0.75,0.588,ASSET_MISSING|SHARED_CONTEXT_OR_ASSET_REFERENCED
2184,MATHEMATICS,2023,AIRES_ET_VOLUMES_SKILL,ASSET_MISSING|SHARED_CONTEXT_OR_ASSET_REFERENCED,62.9,0.55,0.75,0.603,ASSET_MISSING|SHARED_CONTEXT_OR_ASSET_REFERENCED
2185,MATHEMATICS,2023,AIRES_ET_VOLUMES_SKILL,ASSET_MISSING|SHARED_CONTEXT_OR_ASSET_REFERENCED,62.9,0.55,0.75,0.603,ASSET_MISSING|SHARED_CONTEXT_OR_ASSET_REFERENCED
2479,MATHEMATICS,2024,AIRES_ET_VOLUMES_SKILL,ASSET_MISSING|SHARED_CONTEXT_OR_ASSET_REFERENCED,62.9,0.55,0.75,0.603,ASSET_MISSING|SHARED_CONTEXT_OR_ASSET_REFERENCED
2480,MATHEMATICS,2024,AIRES_ET_VOLUMES_SKILL,ASSET_MISSING|SHARED_CONTEXT_OR_ASSET_REFERENCED,62.9,0.55,0.75,0.603,ASSET_MISSING|SHARED_CONTEXT_OR_ASSET_REFERENCED
2481,MATHEMATICS,2024,AIRES_ET_VOLUMES_SKILL,ASSET_MISSING|SHARED_CONTEXT_OR_ASSET_REFERENCED,62.9,0.55,0.75,0.603,ASSET_MISSING|SHARED_CONTEXT_OR_ASSET_REFERENCED
3082,FRENCH,2019,FONCTIONS_GRAMMATICALES_SKILL,ASSET_MISSING|POSSIBLE_MERGED_QUESTIONS|SHARED_CONTEXT_OR_ASSET_REFERENCED,62.9,0.55,0.75,0.603,ASSET_MISSING|POSSIBLE_MERGED_QUESTIONS|SHARED_CONTEXT_OR_ASSET_REFERENCED
2673,SCIENCES,2025,ATOMES_ET_MOLECULES_SKILL,NONE,62.28,0.67,0.7,0.743,
2674,SCIENCES,2025,MASSE_VOLUMIQUE_SKILL,NONE,62.28,0.67,0.7,0.743,
2676,SCIENCES,2025,MASSE_VOLUMIQUE_SKILL,NONE,62.28,0.67,0.7,0.743,
3004,FRENCH,2022,FONCTIONS_GRAMMATICALES_SKILL,ASSET_MISSING|SHARED_CONTEXT_OR_ASSET_REFERENCED,62.18,0.67,0.75,0.621,ASSET_MISSING|SHARED_CONTEXT_OR_ASSET_REFERENCED
3005,FRENCH,2022,FONCTIONS_GRAMMATICALES_SKILL,ASSET_MISSING|SHARED_CONTEXT_OR_ASSET_REFERENCED,62.18,0.67,0.75,0.621,ASSET_MISSING|SHARED_CONTEXT_OR_ASSET_REFERENCED
3007,FRENCH,2022,VOCABULAIRE_SKILL,ASSET_MISSING|SHARED_CONTEXT_OR_ASSET_REFERENCED,62.18,0.67,0.75,0.621,ASSET_MISSING|SHARED_CONTEXT_OR_ASSET_REFERENCED
3008,FRENCH,2022,FONCTIONS_GRAMMATICALES_SKILL,ASSET_MISSING|SHARED_CONTEXT_OR_ASSET_REFERENCED,62.18,0.67,0.75,0.621,ASSET_MISSING|SHARED_CONTEXT_OR_ASSET_REFERENCED
3011,FRENCH,2022,FONCTIONS_GRAMMATICALES_SKILL,ASSET_MISSING|SHARED_CONTEXT_OR_ASSET_REFERENCED,62.18,0.67,0.75,0.621,ASSET_MISSING|SHARED_CONTEXT_OR_ASSET_REFERENCED
3012,FRENCH,2022,FONCTIONS_GRAMMATICALES_SKILL,ASSET_MISSING|SHARED_CONTEXT_OR_ASSET_REFERENCED,62.18,0.67,0.75,0.621,ASSET_MISSING|SHARED_CONTEXT_OR_ASSET_REFERENCED
3013,FRENCH,2022,FONCTIONS_GRAMMATICALES_SKILL,ASSET_MISSING|SHARED_CONTEXT_OR_ASSET_REFERENCED,62.18,0.67,0.75,0.621,ASSET_MISSING|SHARED_CONTEXT_OR_ASSET_REFERENCED
3014,FRENCH,2022,FONCTIONS_GRAMMATICALES_SKILL,ASSET_MISSING|SHARED_CONTEXT_OR_ASSET_REFERENCED,62.18,0.67,0.75,0.621,ASSET_MISSING|SHARED_CONTEXT_OR_ASSET_REFERENCED
3016,FRENCH,2022,FONCTIONS_GRAMMATICALES_SKILL,ASSET_MISSING|SHARED_CONTEXT_OR_ASSET_REFERENCED,62.18,0.67,0.75,0.621,ASSET_MISSING|SHARED_CONTEXT_OR_ASSET_REFERENCED
3018,FRENCH,2022,FONCTIONS_GRAMMATICALES_SKILL,ASSET_MISSING|SHARED_CONTEXT_OR_ASSET_REFERENCED,62.18,0.67,0.75,0.621,ASSET_MISSING|SHARED_CONTEXT_OR_ASSET_REFERENCED
3019,FRENCH,2022,FONCTIONS_GRAMMATICALES_SKILL,ASSET_MISSING|SHARED_CONTEXT_OR_ASSET_REFERENCED,62.18,0.67,0.75,0.621,ASSET_MISSING|SHARED_CONTEXT_OR_ASSET_REFERENCED
3021,FRENCH,2022,FONCTIONS_GRAMMATICALES_SKILL,ASSET_MISSING|SHARED_CONTEXT_OR_ASSET_REFERENCED,62.18,0.67,0.75,0.621,ASSET_MISSING|SHARED_CONTEXT_OR_ASSET_REFERENCED
3022,FRENCH,2022,FONCTIONS_GRAMMATICALES_SKILL,ASSET_MISSING|SHARED_CONTEXT_OR_ASSET_REFERENCED,62.18,0.67,0.75,0.621,ASSET_MISSING|SHARED_CONTEXT_OR_ASSET_REFERENCED
3023,FRENCH,2022,FONCTIONS_GRAMMATICALES_SKILL,ASSET_MISSING|SHARED_CONTEXT_OR_ASSET_REFERENCED,62.18,0.67,0.75,0.621,ASSET_MISSING|SHARED_CONTEXT_OR_ASSET_REFERENCED
3024,FRENCH,2022,FONCTIONS_GRAMMATICALES_SKILL,ASSET_MISSING|SHARED_CONTEXT_OR_ASSET_REFERENCED,62.18,0.67,0.75,0.621,ASSET_MISSING|SHARED_CONTEXT_OR_ASSET_REFERENCED
3025,FRENCH,2022,FONCTIONS_GRAMMATICALES_SKILL,ASSET_MISSING|SHARED_CONTEXT_OR_ASSET_REFERENCED,62.18,0.67,0.75,0.621,ASSET_MISSING|SHARED_CONTEXT_OR_ASSET_REFERENCED
3026,FRENCH,2022,FONCTIONS_GRAMMATICALES_SKILL,ASSET_MISSING|SHARED_CONTEXT_OR_ASSET_REFERENCED,62.18,0.67,0.75,0.621,ASSET_MISSING|SHARED_CONTEXT_OR_ASSET_REFERENCED
1995,HISTORY_GEOGRAPHY_EMC,2022,VOCABULAIRE_SKILL,NONE,61.8,0.55,0.7,0.755,
2007,HISTORY_GEOGRAPHY_EMC,2023,VOCABULAIRE_SKILL,NONE,61.8,0.55,0.7,0.755,
2031,HISTORY_GEOGRAPHY_EMC,2023,VOCABULAIRE_SKILL,NONE,61.8,0.55,0.7,0.755,
2032,HISTORY_GEOGRAPHY_EMC,2023,VOCABULAIRE_SKILL,NONE,61.8,0.55,0.7,0.755,
2033,HISTORY_GEOGRAPHY_EMC,2023,VOCABULAIRE_SKILL,NONE,61.8,0.55,0.7,0.755,
2034,HISTORY_GEOGRAPHY_EMC,2023,VOCABULAIRE_SKILL,NONE,61.8,0.55,0.7,0.755,
2115,HISTORY_GEOGRAPHY_EMC,2023,VOCABULAIRE_SKILL,NONE,61.8,0.55,0.7,0.755,
2519,HISTORY_GEOGRAPHY_EMC,2025,VOCABULAIRE_SKILL,NONE,61.8,0.55,0.7,0.755,
2601,HISTORY_GEOGRAPHY_EMC,2025,VOCABULAIRE_SKILL,NONE,61.8,0.55,0.7,0.755,
2872,HISTORY_GEOGRAPHY_EMC,2024,GUERRE_FROIDE_SKILL,NONE,61.8,0.55,0.7,0.755,
2014,FRENCH,2023,VOCABULAIRE_SKILL,ASSET_MISSING|SHARED_CONTEXT_OR_ASSET_REFERENCED,61.7,0.55,0.75,0.633,ASSET_MISSING|SHARED_CONTEXT_OR_ASSET_REFERENCED
2015,FRENCH,2023,VOCABULAIRE_SKILL,ASSET_MISSING|SHARED_CONTEXT_OR_ASSET_REFERENCED,61.7,0.55,0.75,0.633,ASSET_MISSING|SHARED_CONTEXT_OR_ASSET_REFERENCED
2016,FRENCH,2023,VOCABULAIRE_SKILL,ASSET_MISSING|SHARED_CONTEXT_OR_ASSET_REFERENCED,61.7,0.55,0.75,0.633,ASSET_MISSING|SHARED_CONTEXT_OR_ASSET_REFERENCED
2017,FRENCH,2023,VOCABULAIRE_SKILL,ASSET_MISSING|SHARED_CONTEXT_OR_ASSET_REFERENCED,61.7,0.55,0.75,0.633,ASSET_MISSING|SHARED_CONTEXT_OR_ASSET_REFERENCED
2018,FRENCH,2023,VOCABULAIRE_SKILL,ASSET_MISSING|SHARED_CONTEXT_OR_ASSET_REFERENCED,61.7,0.55,0.75,0.633,ASSET_MISSING|SHARED_CONTEXT_OR_ASSET_REFERENCED
2025,FRENCH,2023,VOCABULAIRE_SKILL,ASSET_MISSING|SHARED_CONTEXT_OR_ASSET_REFERENCED,61.7,0.55,0.75,0.633,ASSET_MISSING|SHARED_CONTEXT_OR_ASSET_REFERENCED
2201,MATHEMATICS,2023,ALGORITHMIQUE_SKILL,ASSET_MISSING|SHARED_CONTEXT_OR_ASSET_REFERENCED,61.7,0.55,0.75,0.633,ASSET_MISSING|SHARED_CONTEXT_OR_ASSET_REFERENCED
2236,MATHEMATICS,2024,AIRES_ET_VOLUMES_SKILL,ASSET_MISSING|SHARED_CONTEXT_OR_ASSET_REFERENCED,61.7,0.55,0.75,0.633,ASSET_MISSING|SHARED_CONTEXT_OR_ASSET_REFERENCED
2237,MATHEMATICS,2024,AIRES_ET_VOLUMES_SKILL,ASSET_MISSING|SHARED_CONTEXT_OR_ASSET_REFERENCED,61.7,0.55,0.75,0.633,ASSET_MISSING|SHARED_CONTEXT_OR_ASSET_REFERENCED
2400,FRENCH,2024,VOCABULAIRE_SKILL,ASSET_MISSING|SHARED_CONTEXT_OR_ASSET_REFERENCED,61.7,0.55,0.75,0.633,ASSET_MISSING|SHARED_CONTEXT_OR_ASSET_REFERENCED
2501,MATHEMATICS,2024,AIRES_ET_VOLUMES_SKILL,ASSET_MISSING|SHARED_CONTEXT_OR_ASSET_REFERENCED,61.7,0.55,0.75,0.633,ASSET_MISSING|SHARED_CONTEXT_OR_ASSET_REFERENCED
2502,MATHEMATICS,2024,AIRES_ET_VOLUMES_SKILL,ASSET_MISSING|SHARED_CONTEXT_OR_ASSET_REFERENCED,61.7,0.55,0.75,0.633,ASSET_MISSING|SHARED_CONTEXT_OR_ASSET_REFERENCED
2515,MATHEMATICS,2024,ALGORITHMIQUE_SKILL,ASSET_MISSING|SHARED_CONTEXT_OR_ASSET_REFERENCED,61.7,0.55,0.75,0.633,ASSET_MISSING|SHARED_CONTEXT_OR_ASSET_REFERENCED
2536,MATHEMATICS,2025,AIRES_ET_VOLUMES_SKILL,ASSET_MISSING|SHARED_CONTEXT_OR_ASSET_REFERENCED,61.7,0.55,0.75,0.633,ASSET_MISSING|SHARED_CONTEXT_OR_ASSET_REFERENCED
2544,MATHEMATICS,2025,AIRES_ET_VOLUMES_SKILL,ASSET_MISSING|SHARED_CONTEXT_OR_ASSET_REFERENCED,61.7,0.55,0.75,0.633,ASSET_MISSING|SHARED_CONTEXT_OR_ASSET_REFERENCED
2577,MATHEMATICS,2025,AIRES_ET_VOLUMES_SKILL,ASSET_MISSING|SHARED_CONTEXT_OR_ASSET_REFERENCED,61.7,0.55,0.75,0.633,ASSET_MISSING|SHARED_CONTEXT_OR_ASSET_REFERENCED
2579,MATHEMATICS,2025,AIRES_ET_VOLUMES_SKILL,ASSET_MISSING|SHARED_CONTEXT_OR_ASSET_REFERENCED,61.7,0.55,0.75,0.633,ASSET_MISSING|SHARED_CONTEXT_OR_ASSET_REFERENCED
2581,MATHEMATICS,2025,AIRES_ET_VOLUMES_SKILL,ASSET_MISSING|SHARED_CONTEXT_OR_ASSET_REFERENCED,61.7,0.55,0.75,0.633,ASSET_MISSING|SHARED_CONTEXT_OR_ASSET_REFERENCED
2582,MATHEMATICS,2025,AIRES_ET_VOLUMES_SKILL,ASSET_MISSING|SHARED_CONTEXT_OR_ASSET_REFERENCED,61.7,0.55,0.75,0.633,ASSET_MISSING|SHARED_CONTEXT_OR_ASSET_REFERENCED
2642,MATHEMATICS,2025,AIRES_ET_VOLUMES_SKILL,ASSET_MISSING|SHARED_CONTEXT_OR_ASSET_REFERENCED,61.7,0.55,0.75,0.633,ASSET_MISSING|SHARED_CONTEXT_OR_ASSET_REFERENCED
2646,MATHEMATICS,2025,AIRES_ET_VOLUMES_SKILL,ASSET_MISSING|SHARED_CONTEXT_OR_ASSET_REFERENCED,61.7,0.55,0.75,0.633,ASSET_MISSING|SHARED_CONTEXT_OR_ASSET_REFERENCED
2647,MATHEMATICS,2025,AIRES_ET_VOLUMES_SKILL,ASSET_MISSING|SHARED_CONTEXT_OR_ASSET_REFERENCED,61.7,0.55,0.75,0.633,ASSET_MISSING|SHARED_CONTEXT_OR_ASSET_REFERENCED
2658,MATHEMATICS,2025,AIRES_ET_VOLUMES_SKILL,ASSET_MISSING|SHARED_CONTEXT_OR_ASSET_REFERENCED,61.7,0.55,0.75,0.633,ASSET_MISSING|SHARED_CONTEXT_OR_ASSET_REFERENCED
2660,MATHEMATICS,2025,AIRES_ET_VOLUMES_SKILL,ASSET_MISSING|SHARED_CONTEXT_OR_ASSET_REFERENCED,61.7,0.55,0.75,0.633,ASSET_MISSING|SHARED_CONTEXT_OR_ASSET_REFERENCED
2784,HISTORY_GEOGRAPHY_EMC,2026,GUERRE_FROIDE_SKILL,NONE,61.08,0.67,0.7,0.773,
2787,HISTORY_GEOGRAPHY_EMC,2026,GUERRE_FROIDE_SKILL,NONE,61.08,0.67,0.7,0.773,
2789,HISTORY_GEOGRAPHY_EMC,2026,GUERRE_FROIDE_SKILL,NONE,61.08,0.67,0.7,0.773,
2791,HISTORY_GEOGRAPHY_EMC,2026,GUERRE_FROIDE_SKILL,NONE,61.08,0.67,0.7,0.773,
2813,HISTORY_GEOGRAPHY_EMC,2022,GUERRE_FROIDE_SKILL,NONE,61.08,0.67,0.7,0.773,
2932,HISTORY_GEOGRAPHY_EMC,2018,GUERRE_FROIDE_SKILL,NONE,61.08,0.67,0.7,0.773,
2933,HISTORY_GEOGRAPHY_EMC,2018,GUERRE_FROIDE_SKILL,NONE,61.08,0.67,0.7,0.773,
2037,MATHEMATICS,2023,AIRES_ET_VOLUMES_SKILL,ASSET_MISSING|SHARED_CONTEXT_OR_ASSET_REFERENCED,60.98,0.67,0.75,0.651,ASSET_MISSING|SHARED_CONTEXT_OR_ASSET_REFERENCED
2039,MATHEMATICS,2023,AIRES_ET_VOLUMES_SKILL,ASSET_MISSING|SHARED_CONTEXT_OR_ASSET_REFERENCED,60.98,0.67,0.75,0.651,ASSET_MISSING|SHARED_CONTEXT_OR_ASSET_REFERENCED
2040,MATHEMATICS,2023,AIRES_ET_VOLUMES_SKILL,ASSET_MISSING|SHARED_CONTEXT_OR_ASSET_REFERENCED,60.98,0.67,0.75,0.651,ASSET_MISSING|SHARED_CONTEXT_OR_ASSET_REFERENCED
2041,MATHEMATICS,2023,AIRES_ET_VOLUMES_SKILL,ASSET_MISSING|SHARED_CONTEXT_OR_ASSET_REFERENCED,60.98,0.67,0.75,0.651,ASSET_MISSING|SHARED_CONTEXT_OR_ASSET_REFERENCED
2238,MATHEMATICS,2024,AIRES_ET_VOLUMES_SKILL,ASSET_MISSING|SHARED_CONTEXT_OR_ASSET_REFERENCED,60.98,0.67,0.75,0.651,ASSET_MISSING|SHARED_CONTEXT_OR_ASSET_REFERENCED
2239,MATHEMATICS,2024,AIRES_ET_VOLUMES_SKILL,ASSET_MISSING|SHARED_CONTEXT_OR_ASSET_REFERENCED,60.98,0.67,0.75,0.651,ASSET_MISSING|SHARED_CONTEXT_OR_ASSET_REFERENCED
2297,MATHEMATICS,2024,AIRES_ET_VOLUMES_SKILL,ASSET_MISSING|SHARED_CONTEXT_OR_ASSET_REFERENCED,60.98,0.67,0.75,0.651,ASSET_MISSING|SHARED_CONTEXT_OR_ASSET_REFERENCED
2338,MATHEMATICS,2024,AIRES_ET_VOLUMES_SKILL,ASSET_MISSING|SHARED_CONTEXT_OR_ASSET_REFERENCED,60.98,0.67,0.75,0.651,ASSET_MISSING|SHARED_CONTEXT_OR_ASSET_REFERENCED
2339,MATHEMATICS,2024,AIRES_ET_VOLUMES_SKILL,ASSET_MISSING|SHARED_CONTEXT_OR_ASSET_REFERENCED,60.98,0.67,0.75,0.651,ASSET_MISSING|SHARED_CONTEXT_OR_ASSET_REFERENCED
2340,MATHEMATICS,2024,AIRES_ET_VOLUMES_SKILL,ASSET_MISSING|SHARED_CONTEXT_OR_ASSET_REFERENCED,60.98,0.67,0.75,0.651,ASSET_MISSING|SHARED_CONTEXT_OR_ASSET_REFERENCED
2341,MATHEMATICS,2024,AIRES_ET_VOLUMES_SKILL,ASSET_MISSING|SHARED_CONTEXT_OR_ASSET_REFERENCED,60.98,0.67,0.75,0.651,ASSET_MISSING|SHARED_CONTEXT_OR_ASSET_REFERENCED
2342,MATHEMATICS,2024,AIRES_ET_VOLUMES_SKILL,ASSET_MISSING|SHARED_CONTEXT_OR_ASSET_REFERENCED,60.98,0.67,0.75,0.651,ASSET_MISSING|SHARED_CONTEXT_OR_ASSET_REFERENCED
2343,MATHEMATICS,2024,AIRES_ET_VOLUMES_SKILL,ASSET_MISSING|SHARED_CONTEXT_OR_ASSET_REFERENCED,60.98,0.67,0.75,0.651,ASSET_MISSING|SHARED_CONTEXT_OR_ASSET_REFERENCED
2505,MATHEMATICS,2024,AIRES_ET_VOLUMES_SKILL,ASSET_MISSING|SHARED_CONTEXT_OR_ASSET_REFERENCED,60.98,0.67,0.75,0.651,ASSET_MISSING|SHARED_CONTEXT_OR_ASSET_REFERENCED
2689,HISTORY_GEOGRAPHY_EMC,2025,SECONDE_GUERRE_MONDIALE_SKILL,ASSET_MISSING|SHARED_CONTEXT_OR_ASSET_REFERENCED,59.54,0.91,0.75,0.686,ASSET_MISSING|SHARED_CONTEXT_OR_ASSET_REFERENCED
2692,HISTORY_GEOGRAPHY_EMC,2025,SECONDE_GUERRE_MONDIALE_SKILL,ASSET_MISSING|SHARED_CONTEXT_OR_ASSET_REFERENCED,59.54,0.91,0.75,0.686,ASSET_MISSING|SHARED_CONTEXT_OR_ASSET_REFERENCED
2195,MATHEMATICS,2023,PROBABILITES_SKILL,NONE,59.2,0.55,0.7,0.695,
2556,MATHEMATICS,2025,CALCUL_LITTERAL_SKILL,NONE,58.48,0.67,0.7,0.713,
2734,MATHEMATICS,2026,CALCUL_LITTERAL_SKILL,NONE,58.48,0.67,0.7,0.713,
2183,MATHEMATICS,2023,AIRES_ET_VOLUMES_SKILL,NONE,58.0,0.55,0.7,0.725,
2196,MATHEMATICS,2023,PROBABILITES_SKILL,NONE,58.0,0.55,0.7,0.725,
2264,FRENCH,2024,ACCORDS_SKILL,NONE,58.0,0.55,0.7,0.725,
2554,MATHEMATICS,2025,PROBABILITES_SKILL,NONE,58.0,0.55,0.7,0.725,
2309,FRENCH,2024,ORTHOGRAPHE_SKILL,NONE,57.28,0.67,0.7,0.743,
2042,MATHEMATICS,2023,AIRES_ET_VOLUMES_SKILL,NONE,56.8,0.55,0.7,0.755,
2218,MATHEMATICS,2024,PROBABILITES_SKILL,NONE,56.8,0.55,0.7,0.755,
2337,MATHEMATICS,2024,PROBABILITES_SKILL,NONE,56.8,0.55,0.7,0.755,
2538,MATHEMATICS,2025,AIRES_ET_VOLUMES_SKILL,NONE,56.8,0.55,0.7,0.755,
2663,MATHEMATICS,2025,PROBABILITES_SKILL,NONE,56.8,0.55,0.7,0.755,
2664,MATHEMATICS,2025,PROBABILITES_SKILL,NONE,56.8,0.55,0.7,0.755,
2665,MATHEMATICS,2025,PROBABILITES_SKILL,NONE,56.8,0.55,0.7,0.755,
2754,MATHEMATICS,2026,POURCENTAGES_SKILL,NONE,56.8,0.55,0.7,0.755,
2755,MATHEMATICS,2026,PROBABILITES_SKILL,NONE,56.8,0.55,0.7,0.755,
2940,MATHEMATICS,2018,AIRES_ET_VOLUMES_SKILL,NONE,56.8,0.55,0.7,0.755,
2992,MATHEMATICS,2020,PROBABILITES_SKILL,NONE,56.8,0.55,0.7,0.755,
2993,MATHEMATICS,2020,PROBABILITES_SKILL,NONE,56.8,0.55,0.7,0.755,
2994,MATHEMATICS,2020,PROBABILITES_SKILL,NONE,56.8,0.55,0.7,0.755,
2995,MATHEMATICS,2020,PROBABILITES_SKILL,NONE,56.8,0.55,0.7,0.755,
2997,MATHEMATICS,2020,PROBABILITES_SKILL,NONE,56.8,0.55,0.7,0.755,
2998,MATHEMATICS,2020,PROBABILITES_SKILL,NONE,56.8,0.55,0.7,0.755,
2999,MATHEMATICS,2020,PROBABILITES_SKILL,NONE,56.8,0.55,0.7,0.755,
2048,MATHEMATICS,2023,CALCUL_LITTERAL_SKILL,NONE,56.08,0.67,0.7,0.773,
2049,MATHEMATICS,2023,CALCUL_LITTERAL_SKILL,NONE,56.08,0.67,0.7,0.773,
2050,MATHEMATICS,2023,CALCUL_LITTERAL_SKILL,NONE,56.08,0.67,0.7,0.773,
2053,MATHEMATICS,2023,CALCUL_LITTERAL_SKILL,NONE,56.08,0.67,0.7,0.773,
2054,MATHEMATICS,2023,CALCUL_LITTERAL_SKILL,NONE,56.08,0.67,0.7,0.773,
2055,MATHEMATICS,2023,CALCUL_LITTERAL_SKILL,NONE,56.08,0.67,0.7,0.773,
2062,MATHEMATICS,2023,CALCUL_LITTERAL_SKILL,NONE,56.08,0.67,0.7,0.773,
2063,MATHEMATICS,2023,CALCUL_LITTERAL_SKILL,NONE,56.08,0.67,0.7,0.773,
2220,MATHEMATICS,2024,CALCUL_LITTERAL_SKILL,NONE,56.08,0.67,0.7,0.773,
2221,MATHEMATICS,2024,CALCUL_LITTERAL_SKILL,NONE,56.08,0.67,0.7,0.773,
2222,MATHEMATICS,2024,CALCUL_LITTERAL_SKILL,NONE,56.08,0.67,0.7,0.773,
2584,MATHEMATICS,2025,CALCUL_LITTERAL_SKILL,NONE,56.08,0.67,0.7,0.773,
2587,MATHEMATICS,2025,CALCUL_LITTERAL_SKILL,NONE,56.08,0.67,0.7,0.773,
2649,MATHEMATICS,2025,CALCUL_LITTERAL_SKILL,NONE,56.08,0.67,0.7,0.773,
2650,MATHEMATICS,2025,CALCUL_LITTERAL_SKILL,NONE,56.08,0.67,0.7,0.773,
2651,MATHEMATICS,2025,CALCUL_LITTERAL_SKILL,NONE,56.08,0.67,0.7,0.773,
2653,MATHEMATICS,2025,CALCUL_LITTERAL_SKILL,NONE,56.08,0.67,0.7,0.773,
2753,MATHEMATICS,2026,CALCUL_LITTERAL_SKILL,NONE,56.08,0.67,0.7,0.773,
2971,MATHEMATICS,2020,CALCUL_LITTERAL_SKILL,NONE,56.08,0.67,0.7,0.773,
2972,MATHEMATICS,2020,CALCUL_LITTERAL_SKILL,NONE,56.08,0.67,0.7,0.773,
2987,MATHEMATICS,2020,CALCUL_LITTERAL_SKILL,NONE,56.08,0.67,0.7,0.773,
2990,MATHEMATICS,2020,CALCUL_LITTERAL_SKILL,NONE,56.08,0.67,0.7,0.773,
3051,MATHEMATICS,2021,CALCUL_LITTERAL_SKILL,NONE,56.08,0.67,0.7,0.773,
2284,MATHEMATICS,2024,FONCTIONS_SKILL,NONE,50.78,0.72,0.7,0.781,
2285,MATHEMATICS,2024,FONCTIONS_SKILL,NONE,50.78,0.72,0.7,0.781,
2286,MATHEMATICS,2024,FONCTIONS_SKILL,NONE,50.78,0.72,0.7,0.781,
2287,MATHEMATICS,2024,FONCTIONS_SKILL,NONE,50.78,0.72,0.7,0.781,
2288,MATHEMATICS,2024,FONCTIONS_SKILL,NONE,50.78,0.72,0.7,0.781,
2289,MATHEMATICS,2024,FONCTIONS_SKILL,NONE,50.78,0.72,0.7,0.781,
2290,MATHEMATICS,2024,FONCTIONS_SKILL,NONE,50.78,0.72,0.7,0.781,
2743,MATHEMATICS,2026,FONCTIONS_SKILL,NONE,50.78,0.72,0.7,0.781,
2744,MATHEMATICS,2026,FONCTIONS_SKILL,NONE,50.78,0.72,0.7,0.781,
2745,MATHEMATICS,2026,FONCTIONS_SKILL,NONE,50.78,0.72,0.7,0.781,
2746,MATHEMATICS,2026,FONCTIONS_SKILL,NONE,50.78,0.72,0.7,0.781,
2747,MATHEMATICS,2026,FONCTIONS_SKILL,NONE,50.78,0.72,0.7,0.781,
2748,MATHEMATICS,2026,FONCTIONS_SKILL,NONE,50.78,0.72,0.7,0.781,
2749,MATHEMATICS,2026,FONCTIONS_SKILL,NONE,50.78,0.72,0.7,0.781,
2750,MATHEMATICS,2026,FONCTIONS_SKILL,NONE,50.78,0.72,0.7,0.781,
2751,MATHEMATICS,2026,FONCTIONS_SKILL,NONE,50.78,0.72,0.7,0.781,
1979,MATHEMATICS,2024,,PLACEHOLDER_STATEMENT,50.1,0.25,0.9,0.547,PLACEHOLDER_STATEMENT
1980,MATHEMATICS,2024,,PLACEHOLDER_STATEMENT,50.1,0.25,0.9,0.547,PLACEHOLDER_STATEMENT
1981,MATHEMATICS,2024,,PLACEHOLDER_STATEMENT,50.1,0.25,0.9,0.547,PLACEHOLDER_STATEMENT
2278,FRENCH,,EXPRESSION_ECRITE_SKILL,MISSING_ARCHIVE_LINK,44.0,0.55,0.9,0.575,MISSING_ARCHIVE_LINK
2394,FRENCH,,VOCABULAIRE_SKILL,MISSING_ARCHIVE_LINK,44.0,0.55,0.9,0.575,MISSING_ARCHIVE_LINK
2450,FRENCH,,EXPRESSION_ECRITE_SKILL,MISSING_ARCHIVE_LINK,44.0,0.55,0.9,0.575,MISSING_ARCHIVE_LINK
2496,MATHEMATICS,,AIRES_ET_VOLUMES_SKILL,MISSING_ARCHIVE_LINK,44.0,0.55,0.9,0.575,MISSING_ARCHIVE_LINK
2497,MATHEMATICS,,AIRES_ET_VOLUMES_SKILL,MISSING_ARCHIVE_LINK,44.0,0.55,0.9,0.575,MISSING_ARCHIVE_LINK
2498,MATHEMATICS,,AIRES_ET_VOLUMES_SKILL,MISSING_ARCHIVE_LINK,44.0,0.55,0.9,0.575,MISSING_ARCHIVE_LINK
2499,MATHEMATICS,,AIRES_ET_VOLUMES_SKILL,MISSING_ARCHIVE_LINK,44.0,0.55,0.9,0.575,MISSING_ARCHIVE_LINK
2486,FRENCH,,COMPREHENSION_SKILL,MISSING_ARCHIVE_LINK,43.28,0.67,0.9,0.593,MISSING_ARCHIVE_LINK
2488,FRENCH,,COMPREHENSION_SKILL,MISSING_ARCHIVE_LINK,43.28,0.67,0.9,0.593,MISSING_ARCHIVE_LINK
2490,FRENCH,,COMPREHENSION_SKILL,MISSING_ARCHIVE_LINK,43.28,0.67,0.9,0.593,MISSING_ARCHIVE_LINK
2152,MATHEMATICS,2023,,NONE,39.8,0.25,0.7,0.68,
2182,MATHEMATICS,2023,,NONE,39.8,0.25,0.7,0.68,
2194,MATHEMATICS,2023,,NONE,39.8,0.25,0.7,0.68,
2197,MATHEMATICS,2023,,NONE,39.8,0.25,0.7,0.68,
2292,MATHEMATICS,2024,,NONE,39.8,0.25,0.7,0.68,
2293,MATHEMATICS,2024,,NONE,39.8,0.25,0.7,0.68,
2549,MATHEMATICS,2025,,NONE,39.8,0.25,0.7,0.68,
2555,MATHEMATICS,2025,,NONE,39.8,0.25,0.7,0.68,
2557,MATHEMATICS,2025,,NONE,39.8,0.25,0.7,0.68,
2019,FRENCH,2023,,NONE,38.6,0.25,0.7,0.71,
2020,FRENCH,2023,,NONE,38.6,0.25,0.7,0.71,
2064,MATHEMATICS,2023,,NONE,38.6,0.25,0.7,0.71,
2123,MATHEMATICS,2023,,NONE,38.6,0.25,0.7,0.71,
2124,MATHEMATICS,2023,,NONE,38.6,0.25,0.7,0.71,
2125,MATHEMATICS,2023,,NONE,38.6,0.25,0.7,0.71,
2127,MATHEMATICS,2023,,NONE,38.6,0.25,0.7,0.71,
2147,MATHEMATICS,2023,,NONE,38.6,0.25,0.7,0.71,
2148,MATHEMATICS,2023,,NONE,38.6,0.25,0.7,0.71,
2149,MATHEMATICS,2023,,NONE,38.6,0.25,0.7,0.71,
2216,MATHEMATICS,2024,,NONE,38.6,0.25,0.7,0.71,
2217,MATHEMATICS,2024,,NONE,38.6,0.25,0.7,0.71,
2225,MATHEMATICS,2024,,NONE,38.6,0.25,0.7,0.71,
2226,MATHEMATICS,2024,,NONE,38.6,0.25,0.7,0.71,
2229,MATHEMATICS,2024,,NONE,38.6,0.25,0.7,0.71,
2230,MATHEMATICS,2024,,NONE,38.6,0.25,0.7,0.71,
2231,MATHEMATICS,2024,,NONE,38.6,0.25,0.7,0.71,
2232,MATHEMATICS,2024,,NONE,38.6,0.25,0.7,0.71,
2295,MATHEMATICS,2024,,NONE,38.6,0.25,0.7,0.71,
2296,MATHEMATICS,2024,,NONE,38.6,0.25,0.7,0.71,
2298,MATHEMATICS,2024,,NONE,38.6,0.25,0.7,0.71,
2299,MATHEMATICS,2024,,NONE,38.6,0.25,0.7,0.71,
2344,MATHEMATICS,2024,,NONE,38.6,0.25,0.7,0.71,
2345,MATHEMATICS,2024,,NONE,38.6,0.25,0.7,0.71,
2346,MATHEMATICS,2024,,NONE,38.6,0.25,0.7,0.71,
2347,MATHEMATICS,2024,,NONE,38.6,0.25,0.7,0.71,
2351,MATHEMATICS,2024,,NONE,38.6,0.25,0.7,0.71,
2352,MATHEMATICS,2024,,NONE,38.6,0.25,0.7,0.71,
2354,MATHEMATICS,2024,,NONE,38.6,0.25,0.7,0.71,
2355,MATHEMATICS,2024,,NONE,38.6,0.25,0.7,0.71,
2356,MATHEMATICS,2024,,NONE,38.6,0.25,0.7,0.71,
2357,MATHEMATICS,2024,,NONE,38.6,0.25,0.7,0.71,
2358,MATHEMATICS,2024,,NONE,38.6,0.25,0.7,0.71,
2359,MATHEMATICS,2024,,NONE,38.6,0.25,0.7,0.71,
2552,MATHEMATICS,2025,,NONE,38.6,0.25,0.7,0.71,
2585,MATHEMATICS,2025,,NONE,38.6,0.25,0.7,0.71,
2586,MATHEMATICS,2025,,NONE,38.6,0.25,0.7,0.71,
2588,MATHEMATICS,2025,,NONE,38.6,0.25,0.7,0.71,
2589,MATHEMATICS,2025,,NONE,38.6,0.25,0.7,0.71,
2590,MATHEMATICS,2025,,NONE,38.6,0.25,0.7,0.71,
2595,MATHEMATICS,2025,,NONE,38.6,0.25,0.7,0.71,
2596,MATHEMATICS,2025,,NONE,38.6,0.25,0.7,0.71,
2597,MATHEMATICS,2025,,NONE,38.6,0.25,0.7,0.71,
2598,MATHEMATICS,2025,,NONE,38.6,0.25,0.7,0.71,
2600,MATHEMATICS,2025,,NONE,38.6,0.25,0.7,0.71,
2662,MATHEMATICS,2025,,NONE,38.6,0.25,0.7,0.71,
2666,MATHEMATICS,2025,,NONE,38.6,0.25,0.7,0.71,
2667,MATHEMATICS,2025,,NONE,38.6,0.25,0.7,0.71,
2669,MATHEMATICS,2025,,NONE,38.6,0.25,0.7,0.71,
2670,MATHEMATICS,2025,,NONE,38.6,0.25,0.7,0.71,
2752,MATHEMATICS,2026,,NONE,38.6,0.25,0.7,0.71,
2756,MATHEMATICS,2026,,NONE,38.6,0.25,0.7,0.71,
2757,MATHEMATICS,2026,,NONE,38.6,0.25,0.7,0.71,
2758,MATHEMATICS,2026,,NONE,38.6,0.25,0.7,0.71,
2969,MATHEMATICS,2020,,NONE,38.6,0.25,0.7,0.71,
2970,MATHEMATICS,2020,,NONE,38.6,0.25,0.7,0.71,
2978,MATHEMATICS,2020,,NONE,38.6,0.25,0.7,0.71,
2979,MATHEMATICS,2020,,NONE,38.6,0.25,0.7,0.71,
2980,MATHEMATICS,2020,,NONE,38.6,0.25,0.7,0.71,
2981,MATHEMATICS,2020,,NONE,38.6,0.25,0.7,0.71,
2983,MATHEMATICS,2020,,NONE,38.6,0.25,0.7,0.71,
2984,MATHEMATICS,2020,,NONE,38.6,0.25,0.7,0.71,
2985,MATHEMATICS,2020,,NONE,38.6,0.25,0.7,0.71,
2986,MATHEMATICS,2020,,NONE,38.6,0.25,0.7,0.71,
2988,MATHEMATICS,2020,,NONE,38.6,0.25,0.7,0.71,
2989,MATHEMATICS,2020,,NONE,38.6,0.25,0.7,0.71,
3033,MATHEMATICS,2021,,NONE,38.6,0.25,0.7,0.71,
3034,MATHEMATICS,2021,,NONE,38.6,0.25,0.7,0.71,
3036,MATHEMATICS,2021,,NONE,38.6,0.25,0.7,0.71,
3037,MATHEMATICS,2021,,NONE,38.6,0.25,0.7,0.71,
3050,MATHEMATICS,2021,,NONE,38.6,0.25,0.7,0.71,
3052,MATHEMATICS,2021,,NONE,38.6,0.25,0.7,0.71,
3053,MATHEMATICS,2021,,NONE,38.6,0.25,0.7,0.71,
3056,MATHEMATICS,2019,,NONE,38.6,0.25,0.7,0.71,
3057,MATHEMATICS,2019,,NONE,38.6,0.25,0.7,0.71,
3058,MATHEMATICS,2019,,NONE,38.6,0.25,0.7,0.71,
3059,MATHEMATICS,2019,,NONE,38.6,0.25,0.7,0.71,
3060,MATHEMATICS,2019,,NONE,38.6,0.25,0.7,0.71,
3061,MATHEMATICS,2019,,NONE,38.6,0.25,0.7,0.71,
3062,MATHEMATICS,2019,,NONE,38.6,0.25,0.7,0.71,
3063,MATHEMATICS,2019,,NONE,38.6,0.25,0.7,0.71,
3064,MATHEMATICS,2019,,NONE,38.6,0.25,0.7,0.71,
3065,MATHEMATICS,2019,,NONE,38.6,0.25,0.7,0.71,
3066,MATHEMATICS,2019,,NONE,38.6,0.25,0.7,0.71,
3067,MATHEMATICS,2019,,NONE,38.6,0.25,0.7,0.71,
3068,MATHEMATICS,2019,,NONE,38.6,0.25,0.7,0.71,
3069,MATHEMATICS,2019,,NONE,38.6,0.25,0.7,0.71,
3070,MATHEMATICS,2019,,NONE,38.6,0.25,0.7,0.71,
3071,MATHEMATICS,2019,,NONE,38.6,0.25,0.7,0.71,
3072,MATHEMATICS,2019,,NONE,38.6,0.25,0.7,0.71,
3073,MATHEMATICS,2019,,NONE,38.6,0.25,0.7,0.71,
3074,MATHEMATICS,2019,,NONE,38.6,0.25,0.7,0.71,
3076,MATHEMATICS,2019,,NONE,38.6,0.25,0.7,0.71,
3077,MATHEMATICS,2019,,NONE,38.6,0.25,0.7,0.71,
3078,MATHEMATICS,2019,,NONE,38.6,0.25,0.7,0.71,
3080,MATHEMATICS,2019,,NONE,38.6,0.25,0.7,0.71,
3081,MATHEMATICS,2019,,NONE,38.6,0.25,0.7,0.71,
2179,MATHEMATICS,2023,PROPORTIONNALITE_SKILL,NONE,38.0,0.55,0.7,0.725,
2180,MATHEMATICS,2023,PROPORTIONNALITE_SKILL,NONE,38.0,0.55,0.7,0.725,
2457,FRENCH,2024,COMPREHENSION_SKILL,NONE,38.0,0.55,0.7,0.725,
2458,FRENCH,2024,COMPREHENSION_SKILL,NONE,38.0,0.55,0.7,0.725,
2735,MATHEMATICS,2026,AIRES_ET_VOLUMES_SKILL,NONE,38.0,0.55,0.7,0.725,
2022,FRENCH,2023,VOCABULAIRE_SKILL,NONE,36.8,0.55,0.7,0.755,
2023,FRENCH,2023,VOCABULAIRE_SKILL,NONE,36.8,0.55,0.7,0.755,
2024,FRENCH,2023,VOCABULAIRE_SKILL,NONE,36.8,0.55,0.7,0.755,
2043,MATHEMATICS,2023,AIRES_ET_VOLUMES_SKILL,NONE,36.8,0.55,0.7,0.755,
2044,MATHEMATICS,2023,AIRES_ET_VOLUMES_SKILL,NONE,36.8,0.55,0.7,0.755,
2045,MATHEMATICS,2023,AIRES_ET_VOLUMES_SKILL,NONE,36.8,0.55,0.7,0.755,
2046,MATHEMATICS,2023,AIRES_ET_VOLUMES_SKILL,NONE,36.8,0.55,0.7,0.755,
2047,MATHEMATICS,2023,AIRES_ET_VOLUMES_SKILL,NONE,36.8,0.55,0.7,0.755,
2065,MATHEMATICS,2023,AIRES_ET_VOLUMES_SKILL,NONE,36.8,0.55,0.7,0.755,
2066,MATHEMATICS,2023,AIRES_ET_VOLUMES_SKILL,NONE,36.8,0.55,0.7,0.755,
2199,MATHEMATICS,2023,ALGORITHMIQUE_SKILL,NONE,36.8,0.55,0.7,0.755,
2200,MATHEMATICS,2023,AIRES_ET_VOLUMES_SKILL,NONE,36.8,0.55,0.7,0.755,
2215,FRENCH,2024,EXPRESSION_ECRITE_SKILL,NONE,36.8,0.55,0.7,0.755,
2219,MATHEMATICS,2024,AIRES_ET_VOLUMES_SKILL,NONE,36.8,0.55,0.7,0.755,
2224,MATHEMATICS,2024,AIRES_ET_VOLUMES_SKILL,NONE,36.8,0.55,0.7,0.755,
2279,MATHEMATICS,2024,AIRES_ET_VOLUMES_SKILL,NONE,36.8,0.55,0.7,0.755,
2280,MATHEMATICS,2024,AIRES_ET_VOLUMES_SKILL,NONE,36.8,0.55,0.7,0.755,
2281,MATHEMATICS,2024,AIRES_ET_VOLUMES_SKILL,NONE,36.8,0.55,0.7,0.755,
2282,MATHEMATICS,2024,AIRES_ET_VOLUMES_SKILL,NONE,36.8,0.55,0.7,0.755,
2283,MATHEMATICS,2024,AIRES_ET_VOLUMES_SKILL,NONE,36.8,0.55,0.7,0.755,
2334,MATHEMATICS,2024,AIRES_ET_VOLUMES_SKILL,NONE,36.8,0.55,0.7,0.755,
2503,MATHEMATICS,2024,AIRES_ET_VOLUMES_SKILL,NONE,36.8,0.55,0.7,0.755,
2504,MATHEMATICS,2024,AIRES_ET_VOLUMES_SKILL,NONE,36.8,0.55,0.7,0.755,
2510,MATHEMATICS,2024,AIRES_ET_VOLUMES_SKILL,NONE,36.8,0.55,0.7,0.755,
2511,MATHEMATICS,2024,AIRES_ET_VOLUMES_SKILL,NONE,36.8,0.55,0.7,0.755,
2512,MATHEMATICS,2024,AIRES_ET_VOLUMES_SKILL,NONE,36.8,0.55,0.7,0.755,
2513,MATHEMATICS,2024,AIRES_ET_VOLUMES_SKILL,NONE,36.8,0.55,0.7,0.755,
2537,MATHEMATICS,2025,AIRES_ET_VOLUMES_SKILL,NONE,36.8,0.55,0.7,0.755,
2539,MATHEMATICS,2025,AIRES_ET_VOLUMES_SKILL,NONE,36.8,0.55,0.7,0.755,
2540,MATHEMATICS,2025,AIRES_ET_VOLUMES_SKILL,NONE,36.8,0.55,0.7,0.755,
2541,MATHEMATICS,2025,AIRES_ET_VOLUMES_SKILL,NONE,36.8,0.55,0.7,0.755,
2599,MATHEMATICS,2025,AIRES_ET_VOLUMES_SKILL,NONE,36.8,0.55,0.7,0.755,
2737,MATHEMATICS,2026,AIRES_ET_VOLUMES_SKILL,NONE,36.8,0.55,0.7,0.755,
2941,MATHEMATICS,2018,AIRES_ET_VOLUMES_SKILL,NONE,36.8,0.55,0.7,0.755,
2942,MATHEMATICS,2018,AIRES_ET_VOLUMES_SKILL,NONE,36.8,0.55,0.7,0.755,
2943,MATHEMATICS,2018,AIRES_ET_VOLUMES_SKILL,NONE,36.8,0.55,0.7,0.755,
2944,MATHEMATICS,2018,AIRES_ET_VOLUMES_SKILL,NONE,36.8,0.55,0.7,0.755,
2945,MATHEMATICS,2018,AIRES_ET_VOLUMES_SKILL,NONE,36.8,0.55,0.7,0.755,
2973,MATHEMATICS,2020,AIRES_ET_VOLUMES_SKILL,NONE,36.8,0.55,0.7,0.755,
2974,MATHEMATICS,2020,AIRES_ET_VOLUMES_SKILL,NONE,36.8,0.55,0.7,0.755,
2975,MATHEMATICS,2020,AIRES_ET_VOLUMES_SKILL,NONE,36.8,0.55,0.7,0.755,
2976,MATHEMATICS,2020,AIRES_ET_VOLUMES_SKILL,NONE,36.8,0.55,0.7,0.755,
2977,MATHEMATICS,2020,AIRES_ET_VOLUMES_SKILL,NONE,36.8,0.55,0.7,0.755,
2982,MATHEMATICS,2020,AIRES_ET_VOLUMES_SKILL,NONE,36.8,0.55,0.7,0.755,
2991,MATHEMATICS,2020,PROBABILITES_SKILL,NONE,36.8,0.55,0.7,0.755,
2996,MATHEMATICS,2020,PROBABILITES_SKILL,NONE,36.8,0.55,0.7,0.755,
3054,FRENCH,2020,EXPRESSION_ECRITE_SKILL,NONE,36.8,0.55,0.7,0.755,
3075,MATHEMATICS,2019,AIRES_ET_VOLUMES_SKILL,NONE,36.8,0.55,0.7,0.755,
3079,MATHEMATICS,2019,AIRES_ET_VOLUMES_SKILL,NONE,36.8,0.55,0.7,0.755,
2122,MATHEMATICS,2023,NOMBRES_RELATIFS_SKILL,NONE,36.08,0.67,0.7,0.773,
2126,MATHEMATICS,2023,AIRES_ET_VOLUMES_SKILL,NONE,36.08,0.67,0.7,0.773,
2178,MATHEMATICS,2023,AIRES_ET_VOLUMES_SKILL,NONE,36.08,0.67,0.7,0.773,
2186,MATHEMATICS,2023,AIRES_ET_VOLUMES_SKILL,NONE,36.08,0.67,0.7,0.773,
2187,MATHEMATICS,2023,AIRES_ET_VOLUMES_SKILL,NONE,36.08,0.67,0.7,0.773,
2188,MATHEMATICS,2023,AIRES_ET_VOLUMES_SKILL,NONE,36.08,0.67,0.7,0.773,
2189,MATHEMATICS,2023,AIRES_ET_VOLUMES_SKILL,NONE,36.08,0.67,0.7,0.773,
2190,MATHEMATICS,2023,AIRES_ET_VOLUMES_SKILL,NONE,36.08,0.67,0.7,0.773,
2191,MATHEMATICS,2023,AIRES_ET_VOLUMES_SKILL,NONE,36.08,0.67,0.7,0.773,
2192,MATHEMATICS,2023,AIRES_ET_VOLUMES_SKILL,NONE,36.08,0.67,0.7,0.773,
2193,MATHEMATICS,2023,AIRES_ET_VOLUMES_SKILL,NONE,36.08,0.67,0.7,0.773,
2223,MATHEMATICS,2024,CALCUL_LITTERAL_SKILL,NONE,36.08,0.67,0.7,0.773,
2506,MATHEMATICS,2024,AIRES_ET_VOLUMES_SKILL,NONE,36.08,0.67,0.7,0.773,
2507,MATHEMATICS,2024,AIRES_ET_VOLUMES_SKILL,NONE,36.08,0.67,0.7,0.773,
2508,MATHEMATICS,2024,AIRES_ET_VOLUMES_SKILL,NONE,36.08,0.67,0.7,0.773,
2509,MATHEMATICS,2024,AIRES_ET_VOLUMES_SKILL,NONE,36.08,0.67,0.7,0.773,
2641,MATHEMATICS,2025,ALGORITHMIQUE_SKILL,NONE,36.08,0.67,0.7,0.773,
