content_id,subject,from_skill,to_skill,to_chapter,source_type
1,MATHEMATICS,,146,106,LEGACY_BANK
2,FRENCH,,84,81,LEGACY_BANK
3,MATHEMATICS,,131,100,LEGACY_BANK
4,MATHEMATICS,,131,100,LEGACY_BANK
5,MATHEMATICS,,121,96,LEGACY_BANK
6,MATHEMATICS,,121,96,LEGACY_BANK
7,MATHEMATICS,,121,96,LEGACY_BANK
8,MATHEMATICS,,121,96,LEGACY_BANK
9,MATHEMATICS,,121,96,LEGACY_BANK
10,MATHEMATICS,,110,92,LEGACY_BANK
11,MATHEMATICS,,124,97,LEGACY_BANK
12,MATHEMATICS,,113,93,LEGACY_BANK
13,MATHEMATICS,,107,91,LEGACY_BANK
14,FRENCH,,87,82,LEGACY_BANK
15,HISTORY,,181,119,LEGACY_BANK
16,GEOGRAPHY,,208,130,LEGACY_BANK
17,GEOGRAPHY,,220,136,LEGACY_BANK
18,GEOGRAPHY,,220,136,LEGACY_BANK
19,HISTORY,,189,122,LEGACY_BANK
20,MATHEMATICS,,107,91,LEGACY_BANK
21,MATHEMATICS,,107,91,LEGACY_BANK
22,MATHEMATICS,,107,91,LEGACY_BANK
23,MATHEMATICS,,107,91,LEGACY_BANK
24,MATHEMATICS,,107,91,LEGACY_BANK
25,MATHEMATICS,,107,91,LEGACY_BANK
26,MATHEMATICS,,129,99,LEGACY_BANK
27,MATHEMATICS,,129,99,LEGACY_BANK
28,MATHEMATICS,,144,105,LEGACY_BANK
29,MATHEMATICS,,107,91,LEGACY_BANK
30,MATHEMATICS,,107,91,LEGACY_BANK
31,MATHEMATICS,,107,91,LEGACY_BANK
32,MATHEMATICS,,107,91,LEGACY_BANK
33,MATHEMATICS,,107,91,LEGACY_BANK
34,MATHEMATICS,,107,91,LEGACY_BANK
35,MATHEMATICS,,107,91,LEGACY_BANK
36,MATHEMATICS,,107,91,LEGACY_BANK
37,MATHEMATICS,,107,91,LEGACY_BANK
38,MATHEMATICS,,107,91,LEGACY_BANK
39,MATHEMATICS,,107,91,LEGACY_BANK
40,MATHEMATICS,,107,91,LEGACY_BANK
41,MATHEMATICS,,107,91,LEGACY_BANK
42,MATHEMATICS,,107,91,LEGACY_BANK
43,MATHEMATICS,,107,91,LEGACY_BANK
44,MATHEMATICS,,107,91,LEGACY_BANK
45,MATHEMATICS,,107,91,LEGACY_BANK
46,MATHEMATICS,,107,91,LEGACY_BANK
47,MATHEMATICS,,107,91,LEGACY_BANK
48,MATHEMATICS,,107,91,LEGACY_BANK
49,MATHEMATICS,,107,91,LEGACY_BANK
50,MATHEMATICS,,107,91,LEGACY_BANK
51,MATHEMATICS,,107,91,LEGACY_BANK
52,MATHEMATICS,,107,91,LEGACY_BANK
53,MATHEMATICS,,107,91,LEGACY_BANK
54,FRENCH,,105,90,LEGACY_BANK
55,FRENCH,,89,83,LEGACY_BANK
56,FRENCH,,87,82,LEGACY_BANK
57,FRENCH,,105,90,LEGACY_BANK
58,FRENCH,,87,82,LEGACY_BANK
59,FRENCH,,89,83,LEGACY_BANK
60,FRENCH,,89,83,LEGACY_BANK
61,FRENCH,,87,82,LEGACY_BANK
62,FRENCH,,105,90,LEGACY_BANK
63,FRENCH,,89,83,LEGACY_BANK
64,FRENCH,,105,90,LEGACY_BANK
65,FRENCH,,87,82,LEGACY_BANK
66,FRENCH,,105,90,LEGACY_BANK
67,FRENCH,,89,83,LEGACY_BANK
68,FRENCH,,87,82,LEGACY_BANK
69,MATHEMATICS,,107,91,LEGACY_BANK
70,MATHEMATICS,,107,91,LEGACY_BANK
71,MATHEMATICS,,107,91,LEGACY_BANK
72,MATHEMATICS,,107,91,LEGACY_BANK
73,MATHEMATICS,,107,91,LEGACY_BANK
74,FRENCH,,89,83,ARCHIVE_DERIVED
75,FRENCH,,89,83,ARCHIVE_DERIVED
76,FRENCH,,89,83,ARCHIVE_DERIVED
77,FRENCH,,89,83,LEGACY_BANK
78,FRENCH,,89,83,LEGACY_BANK
79,FRENCH,,89,83,LEGACY_BANK
80,FRENCH,,89,83,LEGACY_BANK
81,FRENCH,,89,83,LEGACY_BANK
82,FRENCH,,89,83,ARCHIVE_DERIVED
83,FRENCH,,89,83,LEGACY_BANK
84,FRENCH,,89,83,ARCHIVE_DERIVED
85,FRENCH,,89,83,ARCHIVE_DERIVED
86,FRENCH,,89,83,LEGACY_BANK
87,FRENCH,,89,83,ARCHIVE_DERIVED
88,FRENCH,,89,83,LEGACY_BANK
89,FRENCH,,89,83,LEGACY_BANK
90,FRENCH,,89,83,LEGACY_BANK
91,FRENCH,,89,83,ARCHIVE_DERIVED
92,FRENCH,,89,83,LEGACY_BANK
93,FRENCH,,89,83,LEGACY_BANK
94,FRENCH,,89,83,LEGACY_BANK
95,FRENCH,,89,83,LEGACY_BANK
96,FRENCH,,89,83,ARCHIVE_DERIVED
97,FRENCH,,89,83,LEGACY_BANK
98,FRENCH,,89,83,ARCHIVE_DERIVED
99,FRENCH,,89,83,LEGACY_BANK
100,FRENCH,,89,83,LEGACY_BANK
101,FRENCH,,89,83,LEGACY_BANK
102,FRENCH,,89,83,LEGACY_BANK
103,FRENCH,,89,83,LEGACY_BANK
104,FRENCH,,89,83,LEGACY_BANK
105,FRENCH,,89,83,LEGACY_BANK
106,FRENCH,,89,83,LEGACY_BANK
107,FRENCH,,89,83,LEGACY_BANK
108,FRENCH,,89,83,LEGACY_BANK
109,FRENCH,,89,83,LEGACY_BANK
110,FRENCH,,89,83,LEGACY_BANK
111,FRENCH,,89,83,LEGACY_BANK
112,FRENCH,,89,83,LEGACY_BANK
113,FRENCH,,89,83,LEGACY_BANK
114,FRENCH,,84,81,LEGACY_BANK
115,FRENCH,,84,81,LEGACY_BANK
116,FRENCH,,84,81,LEGACY_BANK
117,FRENCH,,84,81,LEGACY_BANK
118,FRENCH,,84,81,LEGACY_BANK
119,FRENCH,,84,81,ARCHIVE_DERIVED
120,FRENCH,,84,81,ARCHIVE_DERIVED
121,FRENCH,,84,81,LEGACY_BANK
122,FRENCH,,84,81,ARCHIVE_DERIVED
123,FRENCH,,84,81,LEGACY_BANK
124,FRENCH,,84,81,ARCHIVE_DERIVED
125,FRENCH,,84,81,LEGACY_BANK
126,FRENCH,,84,81,ARCHIVE_DERIVED
127,FRENCH,,84,81,LEGACY_BANK
128,FRENCH,,84,81,LEGACY_BANK
129,FRENCH,,84,81,LEGACY_BANK
130,FRENCH,,84,81,LEGACY_BANK
131,FRENCH,,84,81,LEGACY_BANK
132,FRENCH,,84,81,LEGACY_BANK
133,FRENCH,,103,89,ARCHIVE_DERIVED
134,FRENCH,,103,89,ARCHIVE_DERIVED
135,FRENCH,,103,89,ARCHIVE_DERIVED
136,FRENCH,,103,89,ARCHIVE_DERIVED
137,FRENCH,,103,89,LEGACY_BANK
138,FRENCH,,103,89,ARCHIVE_DERIVED
139,FRENCH,,103,89,ARCHIVE_DERIVED
140,FRENCH,,103,89,LEGACY_BANK
141,FRENCH,,103,89,ARCHIVE_DERIVED
142,FRENCH,,103,89,LEGACY_BANK
143,FRENCH,,103,89,LEGACY_BANK
144,FRENCH,,103,89,ARCHIVE_DERIVED
145,FRENCH,,103,89,LEGACY_BANK
146,FRENCH,,103,89,LEGACY_BANK
147,FRENCH,,103,89,ARCHIVE_DERIVED
148,FRENCH,,103,89,ARCHIVE_DERIVED
149,FRENCH,,103,89,LEGACY_BANK
150,FRENCH,,103,89,LEGACY_BANK
151,FRENCH,,103,89,LEGACY_BANK
152,FRENCH,,103,89,LEGACY_BANK
153,FRENCH,,103,89,LEGACY_BANK
154,FRENCH,,103,89,LEGACY_BANK
155,FRENCH,,103,89,LEGACY_BANK
156,FRENCH,,103,89,LEGACY_BANK
157,FRENCH,,103,89,LEGACY_BANK
158,FRENCH,,103,89,LEGACY_BANK
159,FRENCH,,103,89,LEGACY_BANK
160,FRENCH,,103,89,LEGACY_BANK
161,FRENCH,,103,89,LEGACY_BANK
162,FRENCH,,103,89,LEGACY_BANK
163,FRENCH,,103,89,LEGACY_BANK
164,FRENCH,,103,89,LEGACY_BANK
165,FRENCH,,103,89,LEGACY_BANK
166,FRENCH,,103,89,LEGACY_BANK
167,FRENCH,,103,89,LEGACY_BANK
168,FRENCH,,103,89,LEGACY_BANK
169,FRENCH,,103,89,LEGACY_BANK
170,FRENCH,,103,89,LEGACY_BANK
171,FRENCH,,103,89,LEGACY_BANK
172,FRENCH,,103,89,LEGACY_BANK
173,FRENCH,,87,82,LEGACY_BANK
174,FRENCH,,87,82,LEGACY_BANK
175,FRENCH,,87,82,ARCHIVE_DERIVED
176,FRENCH,,87,82,LEGACY_BANK
177,FRENCH,,87,82,LEGACY_BANK
178,FRENCH,,87,82,LEGACY_BANK
179,FRENCH,,87,82,LEGACY_BANK
180,FRENCH,,87,82,ARCHIVE_DERIVED
181,FRENCH,,87,82,LEGACY_BANK
182,FRENCH,,87,82,LEGACY_BANK
183,FRENCH,,87,82,ARCHIVE_DERIVED
184,FRENCH,,87,82,LEGACY_BANK
185,FRENCH,,87,82,LEGACY_BANK
186,FRENCH,,87,82,ARCHIVE_DERIVED
187,FRENCH,,87,82,LEGACY_BANK
188,FRENCH,,87,82,LEGACY_BANK
189,FRENCH,,87,82,LEGACY_BANK
190,FRENCH,,87,82,LEGACY_BANK
191,FRENCH,,87,82,LEGACY_BANK
192,FRENCH,,87,82,LEGACY_BANK
193,FRENCH,,87,82,ARCHIVE_DERIVED
194,FRENCH,,87,82,LEGACY_BANK
195,FRENCH,,87,82,LEGACY_BANK
196,FRENCH,,87,82,LEGACY_BANK
197,FRENCH,,105,90,LEGACY_BANK
198,FRENCH,,105,90,LEGACY_BANK
199,FRENCH,,105,90,LEGACY_BANK
200,FRENCH,,105,90,LEGACY_BANK
201,FRENCH,,105,90,LEGACY_BANK
202,FRENCH,,105,90,LEGACY_BANK
203,FRENCH,,105,90,LEGACY_BANK
204,FRENCH,,105,90,ARCHIVE_DERIVED
205,FRENCH,,105,90,LEGACY_BANK
206,FRENCH,,105,90,LEGACY_BANK
207,FRENCH,,105,90,ARCHIVE_DERIVED
208,FRENCH,,105,90,ARCHIVE_DERIVED
209,FRENCH,,105,90,LEGACY_BANK
210,FRENCH,,105,90,LEGACY_BANK
211,FRENCH,,105,90,LEGACY_BANK
212,FRENCH,,105,90,LEGACY_BANK
213,FRENCH,,105,90,LEGACY_BANK
214,FRENCH,,105,90,LEGACY_BANK
215,FRENCH,,105,90,ARCHIVE_DERIVED
216,FRENCH,,105,90,LEGACY_BANK
217,FRENCH,,105,90,LEGACY_BANK
218,FRENCH,,105,90,LEGACY_BANK
219,FRENCH,,105,90,ARCHIVE_DERIVED
220,FRENCH,,105,90,LEGACY_BANK
221,FRENCH,,105,90,ARCHIVE_DERIVED
222,FRENCH,,105,90,ARCHIVE_DERIVED
223,FRENCH,,105,90,LEGACY_BANK
224,FRENCH,,105,90,ARCHIVE_DERIVED
225,FRENCH,,105,90,ARCHIVE_DERIVED
226,FRENCH,,105,90,ARCHIVE_DERIVED
227,FRENCH,,105,90,LEGACY_BANK
228,FRENCH,,105,90,LEGACY_BANK
229,FRENCH,,105,90,LEGACY_BANK
230,FRENCH,,105,90,LEGACY_BANK
231,FRENCH,,105,90,LEGACY_BANK
232,FRENCH,,82,80,ARCHIVE_DERIVED
233,FRENCH,,82,80,ARCHIVE_DERIVED
234,FRENCH,,82,80,LEGACY_BANK
235,FRENCH,,82,80,LEGACY_BANK
236,FRENCH,,82,80,LEGACY_BANK
237,FRENCH,,82,80,ARCHIVE_DERIVED
238,FRENCH,,82,80,ARCHIVE_DERIVED
239,FRENCH,,82,80,LEGACY_BANK
240,FRENCH,,82,80,ARCHIVE_DERIVED
241,FRENCH,,82,80,LEGACY_BANK
242,FRENCH,,82,80,LEGACY_BANK
243,FRENCH,,82,80,LEGACY_BANK
244,FRENCH,,82,80,LEGACY_BANK
245,FRENCH,,82,80,LEGACY_BANK
246,FRENCH,,82,80,LEGACY_BANK
247,FRENCH,,82,80,LEGACY_BANK
248,FRENCH,,82,80,LEGACY_BANK
249,FRENCH,,82,80,LEGACY_BANK
250,FRENCH,,82,80,LEGACY_BANK
251,FRENCH,,82,80,LEGACY_BANK
252,FRENCH,,84,81,LEGACY_BANK
253,FRENCH,,84,81,LEGACY_BANK
254,FRENCH,,84,81,LEGACY_BANK
255,FRENCH,,84,81,ARCHIVE_DERIVED
256,FRENCH,,84,81,LEGACY_BANK
257,FRENCH,,84,81,LEGACY_BANK
258,FRENCH,,84,81,ARCHIVE_DERIVED
259,FRENCH,,84,81,ARCHIVE_DERIVED
260,FRENCH,,84,81,LEGACY_BANK
261,FRENCH,,84,81,LEGACY_BANK
262,FRENCH,,84,81,LEGACY_BANK
263,FRENCH,,84,81,LEGACY_BANK
264,FRENCH,,84,81,LEGACY_BANK
265,FRENCH,,84,81,LEGACY_BANK
266,FRENCH,,84,81,ARCHIVE_DERIVED
267,FRENCH,,84,81,LEGACY_BANK
268,FRENCH,,84,81,LEGACY_BANK
269,FRENCH,,84,81,LEGACY_BANK
270,FRENCH,,84,81,ARCHIVE_DERIVED
271,FRENCH,,84,81,LEGACY_BANK
272,FRENCH,,89,83,LEGACY_BANK
273,FRENCH,,89,83,ARCHIVE_DERIVED
274,FRENCH,,89,83,LEGACY_BANK
275,FRENCH,,89,83,LEGACY_BANK
276,FRENCH,,89,83,LEGACY_BANK
277,FRENCH,,89,83,ARCHIVE_DERIVED
278,FRENCH,,89,83,LEGACY_BANK
279,FRENCH,,89,83,LEGACY_BANK
280,FRENCH,,89,83,LEGACY_BANK
281,FRENCH,,89,83,LEGACY_BANK
282,FRENCH,,89,83,ARCHIVE_DERIVED
283,FRENCH,,89,83,ARCHIVE_DERIVED
284,FRENCH,,89,83,ARCHIVE_DERIVED
285,FRENCH,,89,83,LEGACY_BANK
286,FRENCH,,89,83,LEGACY_BANK
287,FRENCH,,89,83,LEGACY_BANK
288,FRENCH,,89,83,LEGACY_BANK
289,FRENCH,,89,83,LEGACY_BANK
290,FRENCH,,89,83,LEGACY_BANK
291,FRENCH,,89,83,LEGACY_BANK
292,FRENCH,,89,83,LEGACY_BANK
293,FRENCH,,89,83,ARCHIVE_DERIVED
294,FRENCH,,89,83,ARCHIVE_DERIVED
295,FRENCH,,89,83,LEGACY_BANK
296,FRENCH,,89,83,LEGACY_BANK
297,FRENCH,,89,83,LEGACY_BANK
298,FRENCH,,89,83,ARCHIVE_DERIVED
299,FRENCH,,89,83,LEGACY_BANK
300,FRENCH,,89,83,LEGACY_BANK
301,FRENCH,,89,83,LEGACY_BANK
302,FRENCH,,89,83,LEGACY_BANK
303,FRENCH,,89,83,LEGACY_BANK
304,FRENCH,,89,83,ARCHIVE_DERIVED
305,FRENCH,,89,83,LEGACY_BANK
306,FRENCH,,89,83,LEGACY_BANK
307,FRENCH,,89,83,ARCHIVE_DERIVED
308,FRENCH,,89,83,LEGACY_BANK
309,FRENCH,,89,83,LEGACY_BANK
310,FRENCH,,89,83,LEGACY_BANK
311,FRENCH,,89,83,ARCHIVE_DERIVED
312,FRENCH,,89,83,LEGACY_BANK
313,FRENCH,,89,83,ARCHIVE_DERIVED
314,FRENCH,,89,83,LEGACY_BANK
315,FRENCH,,89,83,ARCHIVE_DERIVED
316,FRENCH,,89,83,LEGACY_BANK
317,FRENCH,,89,83,LEGACY_BANK
318,FRENCH,,89,83,ARCHIVE_DERIVED
319,FRENCH,,89,83,ARCHIVE_DERIVED
320,FRENCH,,89,83,LEGACY_BANK
321,FRENCH,,89,83,LEGACY_BANK
322,FRENCH,,89,83,ARCHIVE_DERIVED
323,FRENCH,,89,83,LEGACY_BANK
324,FRENCH,,89,83,LEGACY_BANK
325,FRENCH,,89,83,LEGACY_BANK
326,FRENCH,,89,83,LEGACY_BANK
327,FRENCH,,84,81,ARCHIVE_DERIVED
328,FRENCH,,84,81,ARCHIVE_DERIVED
329,FRENCH,,84,81,LEGACY_BANK
330,FRENCH,,84,81,LEGACY_BANK
331,FRENCH,,84,81,LEGACY_BANK
332,FRENCH,,84,81,LEGACY_BANK
333,FRENCH,,84,81,LEGACY_BANK
334,FRENCH,,84,81,ARCHIVE_DERIVED
335,FRENCH,,84,81,LEGACY_BANK
336,FRENCH,,84,81,ARCHIVE_DERIVED
337,FRENCH,,84,81,ARCHIVE_DERIVED
338,FRENCH,,84,81,LEGACY_BANK
339,FRENCH,,84,81,LEGACY_BANK
340,FRENCH,,84,81,LEGACY_BANK
341,FRENCH,,84,81,LEGACY_BANK
342,FRENCH,,84,81,LEGACY_BANK
343,FRENCH,,84,81,LEGACY_BANK
344,FRENCH,,84,81,LEGACY_BANK
345,FRENCH,,84,81,LEGACY_BANK
346,FRENCH,,84,81,LEGACY_BANK
347,FRENCH,,92,84,ARCHIVE_DERIVED
348,FRENCH,,92,84,LEGACY_BANK
349,FRENCH,,92,84,LEGACY_BANK
350,FRENCH,,92,84,ARCHIVE_DERIVED
351,FRENCH,,92,84,LEGACY_BANK
352,FRENCH,,92,84,LEGACY_BANK
353,FRENCH,,92,84,ARCHIVE_DERIVED
354,FRENCH,,92,84,LEGACY_BANK
355,FRENCH,,92,84,ARCHIVE_DERIVED
356,FRENCH,,92,84,ARCHIVE_DERIVED
357,FRENCH,,92,84,LEGACY_BANK
358,FRENCH,,92,84,LEGACY_BANK
359,FRENCH,,92,84,LEGACY_BANK
360,FRENCH,,92,84,LEGACY_BANK
361,FRENCH,,92,84,LEGACY_BANK
362,FRENCH,,92,84,LEGACY_BANK
363,FRENCH,,92,84,LEGACY_BANK
364,FRENCH,,92,84,LEGACY_BANK
365,FRENCH,,92,84,LEGACY_BANK
366,FRENCH,,92,84,LEGACY_BANK
367,MATHEMATICS,,146,106,LEGACY_BANK
368,MATHEMATICS,,146,106,LEGACY_BANK
369,MATHEMATICS,,146,106,LEGACY_BANK
370,MATHEMATICS,,146,106,ARCHIVE_DERIVED
371,MATHEMATICS,,146,106,LEGACY_BANK
372,MATHEMATICS,,146,106,LEGACY_BANK
373,MATHEMATICS,,146,106,LEGACY_BANK
374,MATHEMATICS,,146,106,LEGACY_BANK
375,MATHEMATICS,,146,106,LEGACY_BANK
376,MATHEMATICS,,146,106,ARCHIVE_DERIVED
377,MATHEMATICS,,146,106,LEGACY_BANK
378,MATHEMATICS,,146,106,LEGACY_BANK
379,MATHEMATICS,,146,106,ARCHIVE_DERIVED
380,MATHEMATICS,,146,106,ARCHIVE_DERIVED
381,MATHEMATICS,,146,106,LEGACY_BANK
382,MATHEMATICS,,146,106,LEGACY_BANK
383,MATHEMATICS,,146,106,LEGACY_BANK
384,MATHEMATICS,,146,106,ARCHIVE_DERIVED
385,MATHEMATICS,,146,106,LEGACY_BANK
386,MATHEMATICS,,170,116,LEGACY_BANK
387,MATHEMATICS,,170,116,LEGACY_BANK
388,MATHEMATICS,,170,116,LEGACY_BANK
389,MATHEMATICS,,170,116,ARCHIVE_DERIVED
390,MATHEMATICS,,170,116,LEGACY_BANK
391,MATHEMATICS,,170,116,ARCHIVE_DERIVED
392,MATHEMATICS,,170,116,ARCHIVE_DERIVED
393,MATHEMATICS,,170,116,ARCHIVE_DERIVED
394,MATHEMATICS,,170,116,ARCHIVE_DERIVED
395,MATHEMATICS,,170,116,LEGACY_BANK
396,MATHEMATICS,,170,116,LEGACY_BANK
397,MATHEMATICS,,170,116,LEGACY_BANK
398,MATHEMATICS,,170,116,LEGACY_BANK
399,MATHEMATICS,,170,116,LEGACY_BANK
400,MATHEMATICS,,170,116,LEGACY_BANK
401,MATHEMATICS,,170,116,LEGACY_BANK
402,MATHEMATICS,,170,116,LEGACY_BANK
403,MATHEMATICS,,170,116,LEGACY_BANK
404,MATHEMATICS,,170,116,LEGACY_BANK
405,MATHEMATICS,,170,116,LEGACY_BANK
406,MATHEMATICS,,121,96,ARCHIVE_DERIVED
407,MATHEMATICS,,121,96,LEGACY_BANK
408,MATHEMATICS,,121,96,LEGACY_BANK
409,MATHEMATICS,,121,96,LEGACY_BANK
410,MATHEMATICS,,121,96,LEGACY_BANK
411,MATHEMATICS,,121,96,LEGACY_BANK
412,MATHEMATICS,,121,96,LEGACY_BANK
413,MATHEMATICS,,121,96,ARCHIVE_DERIVED
414,MATHEMATICS,,121,96,LEGACY_BANK
415,MATHEMATICS,,121,96,ARCHIVE_DERIVED
416,MATHEMATICS,,121,96,ARCHIVE_DERIVED
417,MATHEMATICS,,121,96,LEGACY_BANK
418,MATHEMATICS,,121,96,LEGACY_BANK
419,MATHEMATICS,,121,96,LEGACY_BANK
420,MATHEMATICS,,121,96,LEGACY_BANK
421,MATHEMATICS,,121,96,LEGACY_BANK
422,MATHEMATICS,,121,96,ARCHIVE_DERIVED
423,MATHEMATICS,,121,96,LEGACY_BANK
424,MATHEMATICS,,121,96,LEGACY_BANK
425,MATHEMATICS,,121,96,ARCHIVE_DERIVED
426,MATHEMATICS,,121,96,ARCHIVE_DERIVED
427,MATHEMATICS,,121,96,LEGACY_BANK
428,MATHEMATICS,,121,96,ARCHIVE_DERIVED
429,MATHEMATICS,,121,96,LEGACY_BANK
430,MATHEMATICS,,121,96,LEGACY_BANK
431,MATHEMATICS,,144,105,LEGACY_BANK
432,MATHEMATICS,,144,105,LEGACY_BANK
433,MATHEMATICS,,144,105,LEGACY_BANK
434,MATHEMATICS,,144,105,ARCHIVE_DERIVED
435,MATHEMATICS,,144,105,LEGACY_BANK
436,MATHEMATICS,,144,105,LEGACY_BANK
437,MATHEMATICS,,144,105,ARCHIVE_DERIVED
438,MATHEMATICS,,144,105,LEGACY_BANK
439,MATHEMATICS,,144,105,ARCHIVE_DERIVED
440,MATHEMATICS,,144,105,LEGACY_BANK
441,MATHEMATICS,,144,105,LEGACY_BANK
442,MATHEMATICS,,144,105,LEGACY_BANK
443,MATHEMATICS,,144,105,ARCHIVE_DERIVED
444,MATHEMATICS,,144,105,LEGACY_BANK
445,MATHEMATICS,,144,105,LEGACY_BANK
446,MATHEMATICS,,144,105,LEGACY_BANK
447,MATHEMATICS,,144,105,ARCHIVE_DERIVED
448,MATHEMATICS,,144,105,LEGACY_BANK
449,MATHEMATICS,,144,105,LEGACY_BANK
450,MATHEMATICS,,141,104,ARCHIVE_DERIVED
451,MATHEMATICS,,141,104,LEGACY_BANK
452,MATHEMATICS,,141,104,LEGACY_BANK
453,MATHEMATICS,,141,104,LEGACY_BANK
454,MATHEMATICS,,141,104,LEGACY_BANK
455,MATHEMATICS,,141,104,LEGACY_BANK
456,MATHEMATICS,,141,104,LEGACY_BANK
457,MATHEMATICS,,141,104,LEGACY_BANK
458,MATHEMATICS,,141,104,LEGACY_BANK
459,MATHEMATICS,,141,104,LEGACY_BANK
460,MATHEMATICS,,141,104,ARCHIVE_DERIVED
461,MATHEMATICS,,141,104,LEGACY_BANK
462,MATHEMATICS,,141,104,LEGACY_BANK
463,MATHEMATICS,,141,104,LEGACY_BANK
464,MATHEMATICS,,141,104,LEGACY_BANK
465,MATHEMATICS,,141,104,LEGACY_BANK
466,MATHEMATICS,,141,104,ARCHIVE_DERIVED
467,MATHEMATICS,,141,104,ARCHIVE_DERIVED
468,MATHEMATICS,,141,104,ARCHIVE_DERIVED
469,MATHEMATICS,,141,104,LEGACY_BANK
470,MATHEMATICS,,141,104,ARCHIVE_DERIVED
471,MATHEMATICS,,141,104,ARCHIVE_DERIVED
472,MATHEMATICS,,141,104,LEGACY_BANK
473,MATHEMATICS,,141,104,LEGACY_BANK
474,MATHEMATICS,,141,104,LEGACY_BANK
475,MATHEMATICS,,141,104,ARCHIVE_DERIVED
476,MATHEMATICS,,141,104,ARCHIVE_DERIVED
477,MATHEMATICS,,141,104,ARCHIVE_DERIVED
478,MATHEMATICS,,141,104,LEGACY_BANK
479,MATHEMATICS,,141,104,LEGACY_BANK
480,MATHEMATICS,,141,104,LEGACY_BANK
481,MATHEMATICS,,141,104,LEGACY_BANK
482,MATHEMATICS,,141,104,LEGACY_BANK
483,MATHEMATICS,,141,104,LEGACY_BANK
484,MATHEMATICS,,141,104,LEGACY_BANK
485,MATHEMATICS,,141,104,LEGACY_BANK
486,MATHEMATICS,,141,104,LEGACY_BANK
487,MATHEMATICS,,141,104,LEGACY_BANK
488,MATHEMATICS,,141,104,LEGACY_BANK
489,MATHEMATICS,,141,104,LEGACY_BANK
490,MATHEMATICS,,110,92,LEGACY_BANK
491,MATHEMATICS,,110,92,ARCHIVE_DERIVED
492,MATHEMATICS,,110,92,LEGACY_BANK
493,MATHEMATICS,,110,92,ARCHIVE_DERIVED
494,MATHEMATICS,,110,92,ARCHIVE_DERIVED
495,MATHEMATICS,,110,92,LEGACY_BANK
496,MATHEMATICS,,110,92,ARCHIVE_DERIVED
497,MATHEMATICS,,110,92,LEGACY_BANK
498,MATHEMATICS,,110,92,LEGACY_BANK
499,MATHEMATICS,,110,92,ARCHIVE_DERIVED
500,MATHEMATICS,,110,92,ARCHIVE_DERIVED
501,MATHEMATICS,,110,92,ARCHIVE_DERIVED
502,MATHEMATICS,,110,92,ARCHIVE_DERIVED
503,MATHEMATICS,,110,92,ARCHIVE_DERIVED
504,MATHEMATICS,,110,92,LEGACY_BANK
505,MATHEMATICS,,110,92,LEGACY_BANK
506,MATHEMATICS,,110,92,LEGACY_BANK
507,MATHEMATICS,,110,92,LEGACY_BANK
508,MATHEMATICS,,110,92,LEGACY_BANK
509,MATHEMATICS,,110,92,LEGACY_BANK
510,MATHEMATICS,,110,92,LEGACY_BANK
511,MATHEMATICS,,110,92,LEGACY_BANK
512,MATHEMATICS,,110,92,ARCHIVE_DERIVED
513,MATHEMATICS,,110,92,LEGACY_BANK
514,MATHEMATICS,,110,92,LEGACY_BANK
515,MATHEMATICS,,110,92,LEGACY_BANK
516,MATHEMATICS,,110,92,LEGACY_BANK
517,MATHEMATICS,,110,92,LEGACY_BANK
518,MATHEMATICS,,110,92,LEGACY_BANK
519,MATHEMATICS,,110,92,LEGACY_BANK
520,MATHEMATICS,,110,92,LEGACY_BANK
521,MATHEMATICS,,110,92,LEGACY_BANK
522,MATHEMATICS,,110,92,LEGACY_BANK
523,MATHEMATICS,,110,92,LEGACY_BANK
524,MATHEMATICS,,110,92,LEGACY_BANK
525,MATHEMATICS,,110,92,LEGACY_BANK
526,MATHEMATICS,,110,92,LEGACY_BANK
527,MATHEMATICS,,110,92,LEGACY_BANK
528,MATHEMATICS,,110,92,LEGACY_BANK
529,MATHEMATICS,,131,100,LEGACY_BANK
530,MATHEMATICS,,131,100,LEGACY_BANK
531,MATHEMATICS,,131,100,LEGACY_BANK
532,MATHEMATICS,,131,100,LEGACY_BANK
533,MATHEMATICS,,131,100,LEGACY_BANK
534,MATHEMATICS,,131,100,ARCHIVE_DERIVED
535,MATHEMATICS,,131,100,ARCHIVE_DERIVED
536,MATHEMATICS,,131,100,LEGACY_BANK
537,MATHEMATICS,,131,100,LEGACY_BANK
538,MATHEMATICS,,131,100,ARCHIVE_DERIVED
539,MATHEMATICS,,131,100,LEGACY_BANK
540,MATHEMATICS,,131,100,LEGACY_BANK
541,MATHEMATICS,,131,100,ARCHIVE_DERIVED
542,MATHEMATICS,,131,100,LEGACY_BANK
543,MATHEMATICS,,131,100,ARCHIVE_DERIVED
544,MATHEMATICS,,131,100,LEGACY_BANK
545,MATHEMATICS,,131,100,ARCHIVE_DERIVED
546,MATHEMATICS,,131,100,ARCHIVE_DERIVED
547,MATHEMATICS,,131,100,ARCHIVE_DERIVED
548,MATHEMATICS,,131,100,LEGACY_BANK
549,MATHEMATICS,,131,100,LEGACY_BANK
550,MATHEMATICS,,131,100,LEGACY_BANK
551,MATHEMATICS,,131,100,LEGACY_BANK
552,MATHEMATICS,,131,100,LEGACY_BANK
553,MATHEMATICS,,131,100,LEGACY_BANK
554,MATHEMATICS,,131,100,LEGACY_BANK
555,MATHEMATICS,,131,100,LEGACY_BANK
556,MATHEMATICS,,131,100,LEGACY_BANK
557,MATHEMATICS,,136,102,ARCHIVE_DERIVED
558,MATHEMATICS,,136,102,LEGACY_BANK
559,MATHEMATICS,,136,102,LEGACY_BANK
560,MATHEMATICS,,136,102,LEGACY_BANK
561,MATHEMATICS,,136,102,LEGACY_BANK
562,MATHEMATICS,,136,102,ARCHIVE_DERIVED
563,MATHEMATICS,,136,102,LEGACY_BANK
564,MATHEMATICS,,136,102,LEGACY_BANK
565,MATHEMATICS,,136,102,LEGACY_BANK
566,MATHEMATICS,,136,102,LEGACY_BANK
567,MATHEMATICS,,136,102,LEGACY_BANK
568,MATHEMATICS,,136,102,LEGACY_BANK
569,MATHEMATICS,,136,102,ARCHIVE_DERIVED
570,MATHEMATICS,,136,102,ARCHIVE_DERIVED
571,MATHEMATICS,,136,102,LEGACY_BANK
572,MATHEMATICS,,136,102,LEGACY_BANK
573,MATHEMATICS,,136,102,ARCHIVE_DERIVED
574,MATHEMATICS,,136,102,ARCHIVE_DERIVED
575,MATHEMATICS,,136,102,LEGACY_BANK
576,MATHEMATICS,,136,102,LEGACY_BANK
577,MATHEMATICS,,136,102,ARCHIVE_DERIVED
578,MATHEMATICS,,136,102,ARCHIVE_DERIVED
579,MATHEMATICS,,136,102,LEGACY_BANK
580,MATHEMATICS,,136,102,LEGACY_BANK
581,MATHEMATICS,,136,102,LEGACY_BANK
582,MATHEMATICS,,136,102,LEGACY_BANK
583,MATHEMATICS,,136,102,LEGACY_BANK
584,MATHEMATICS,,136,102,LEGACY_BANK
585,MATHEMATICS,,136,102,LEGACY_BANK
586,MATHEMATICS,,136,102,LEGACY_BANK
587,MATHEMATICS,,129,99,LEGACY_BANK
588,MATHEMATICS,,129,99,LEGACY_BANK
589,MATHEMATICS,,129,99,LEGACY_BANK
590,MATHEMATICS,,129,99,LEGACY_BANK
591,MATHEMATICS,,129,99,LEGACY_BANK
592,MATHEMATICS,,129,99,LEGACY_BANK
593,MATHEMATICS,,129,99,ARCHIVE_DERIVED
594,MATHEMATICS,,129,99,LEGACY_BANK
595,MATHEMATICS,,129,99,ARCHIVE_DERIVED
596,MATHEMATICS,,129,99,LEGACY_BANK
597,MATHEMATICS,,129,99,ARCHIVE_DERIVED
598,MATHEMATICS,,129,99,LEGACY_BANK
599,MATHEMATICS,,129,99,LEGACY_BANK
600,MATHEMATICS,,129,99,LEGACY_BANK
601,MATHEMATICS,,129,99,LEGACY_BANK
602,MATHEMATICS,,129,99,ARCHIVE_DERIVED
603,MATHEMATICS,,129,99,LEGACY_BANK
604,MATHEMATICS,,129,99,ARCHIVE_DERIVED
605,MATHEMATICS,,129,99,LEGACY_BANK
606,MATHEMATICS,,129,99,LEGACY_BANK
607,MATHEMATICS,,129,99,ARCHIVE_DERIVED
608,MATHEMATICS,,129,99,LEGACY_BANK
609,MATHEMATICS,,129,99,LEGACY_BANK
610,MATHEMATICS,,129,99,LEGACY_BANK
611,MATHEMATICS,,129,99,LEGACY_BANK
612,MATHEMATICS,,129,99,ARCHIVE_DERIVED
613,MATHEMATICS,,129,99,LEGACY_BANK
614,MATHEMATICS,,129,99,LEGACY_BANK
615,MATHEMATICS,,129,99,ARCHIVE_DERIVED
616,MATHEMATICS,,129,99,LEGACY_BANK
617,MATHEMATICS,,129,99,LEGACY_BANK
618,MATHEMATICS,,129,99,LEGACY_BANK
619,MATHEMATICS,,129,99,LEGACY_BANK
620,MATHEMATICS,,129,99,ARCHIVE_DERIVED
621,MATHEMATICS,,129,99,LEGACY_BANK
622,MATHEMATICS,,129,99,ARCHIVE_DERIVED
623,MATHEMATICS,,129,99,LEGACY_BANK
624,MATHEMATICS,,129,99,LEGACY_BANK
625,MATHEMATICS,,113,93,ARCHIVE_DERIVED
626,MATHEMATICS,,113,93,LEGACY_BANK
627,MATHEMATICS,,113,93,ARCHIVE_DERIVED
628,MATHEMATICS,,113,93,ARCHIVE_DERIVED
629,MATHEMATICS,,113,93,LEGACY_BANK
630,MATHEMATICS,,113,93,LEGACY_BANK
631,MATHEMATICS,,113,93,LEGACY_BANK
632,MATHEMATICS,,113,93,LEGACY_BANK
633,MATHEMATICS,,113,93,ARCHIVE_DERIVED
634,MATHEMATICS,,113,93,LEGACY_BANK
635,MATHEMATICS,,113,93,ARCHIVE_DERIVED
636,MATHEMATICS,,113,93,LEGACY_BANK
637,MATHEMATICS,,113,93,LEGACY_BANK
638,MATHEMATICS,,113,93,LEGACY_BANK
639,MATHEMATICS,,113,93,LEGACY_BANK
640,MATHEMATICS,,113,93,LEGACY_BANK
641,MATHEMATICS,,113,93,LEGACY_BANK
642,MATHEMATICS,,113,93,LEGACY_BANK
643,MATHEMATICS,,113,93,LEGACY_BANK
644,MATHEMATICS,,152,109,ARCHIVE_DERIVED
645,MATHEMATICS,,152,109,LEGACY_BANK
646,MATHEMATICS,,152,109,LEGACY_BANK
647,MATHEMATICS,,152,109,ARCHIVE_DERIVED
648,MATHEMATICS,,152,109,ARCHIVE_DERIVED
649,MATHEMATICS,,152,109,LEGACY_BANK
650,MATHEMATICS,,152,109,LEGACY_BANK
651,MATHEMATICS,,152,109,ARCHIVE_DERIVED
652,MATHEMATICS,,152,109,ARCHIVE_DERIVED
653,MATHEMATICS,,152,109,LEGACY_BANK
654,MATHEMATICS,,152,109,ARCHIVE_DERIVED
655,MATHEMATICS,,152,109,LEGACY_BANK
656,MATHEMATICS,,152,109,ARCHIVE_DERIVED
657,MATHEMATICS,,152,109,ARCHIVE_DERIVED
658,MATHEMATICS,,152,109,LEGACY_BANK
659,MATHEMATICS,,152,109,LEGACY_BANK
660,MATHEMATICS,,152,109,LEGACY_BANK
661,MATHEMATICS,,152,109,LEGACY_BANK
662,MATHEMATICS,,152,109,LEGACY_BANK
663,MATHEMATICS,,152,109,LEGACY_BANK
664,MATHEMATICS,,152,109,LEGACY_BANK
665,MATHEMATICS,,152,109,LEGACY_BANK
666,MATHEMATICS,,152,109,ARCHIVE_DERIVED
667,MATHEMATICS,,152,109,LEGACY_BANK
668,MATHEMATICS,,152,109,ARCHIVE_DERIVED
669,MATHEMATICS,,152,109,LEGACY_BANK
670,MATHEMATICS,,152,109,LEGACY_BANK
671,MATHEMATICS,,152,109,LEGACY_BANK
672,MATHEMATICS,,152,109,LEGACY_BANK
673,MATHEMATICS,,152,109,LEGACY_BANK
674,MATHEMATICS,,152,109,LEGACY_BANK
675,MATHEMATICS,,152,109,LEGACY_BANK
676,MATHEMATICS,,152,109,LEGACY_BANK
677,MATHEMATICS,,152,109,LEGACY_BANK
678,MATHEMATICS,,152,109,LEGACY_BANK
679,MATHEMATICS,,152,109,LEGACY_BANK
680,MATHEMATICS,,152,109,LEGACY_BANK
681,MATHEMATICS,,152,109,LEGACY_BANK
682,MATHEMATICS,,152,109,LEGACY_BANK
683,MATHEMATICS,,152,109,LEGACY_BANK
684,MATHEMATICS,,133,101,LEGACY_BANK
685,MATHEMATICS,,133,101,ARCHIVE_DERIVED
686,MATHEMATICS,,133,101,LEGACY_BANK
687,MATHEMATICS,,133,101,LEGACY_BANK
688,MATHEMATICS,,133,101,LEGACY_BANK
689,MATHEMATICS,,133,101,ARCHIVE_DERIVED
690,MATHEMATICS,,133,101,LEGACY_BANK
691,MATHEMATICS,,133,101,LEGACY_BANK
692,MATHEMATICS,,133,101,LEGACY_BANK
693,MATHEMATICS,,133,101,LEGACY_BANK
694,MATHEMATICS,,133,101,LEGACY_BANK
695,MATHEMATICS,,133,101,LEGACY_BANK
696,MATHEMATICS,,133,101,LEGACY_BANK
697,MATHEMATICS,,133,101,ARCHIVE_DERIVED
698,MATHEMATICS,,133,101,LEGACY_BANK
699,MATHEMATICS,,133,101,LEGACY_BANK
700,MATHEMATICS,,133,101,ARCHIVE_DERIVED
701,MATHEMATICS,,133,101,LEGACY_BANK
702,MATHEMATICS,,133,101,ARCHIVE_DERIVED
703,MATHEMATICS,,133,101,ARCHIVE_DERIVED
704,MATHEMATICS,,133,101,LEGACY_BANK
705,MATHEMATICS,,133,101,ARCHIVE_DERIVED
706,MATHEMATICS,,133,101,LEGACY_BANK
707,MATHEMATICS,,133,101,ARCHIVE_DERIVED
708,MATHEMATICS,,133,101,LEGACY_BANK
709,MATHEMATICS,,133,101,LEGACY_BANK
710,MATHEMATICS,,133,101,LEGACY_BANK
711,MATHEMATICS,,133,101,LEGACY_BANK
712,MATHEMATICS,,133,101,LEGACY_BANK
713,MATHEMATICS,,133,101,LEGACY_BANK
714,MATHEMATICS,,155,110,LEGACY_BANK
715,MATHEMATICS,,155,110,LEGACY_BANK
716,MATHEMATICS,,155,110,LEGACY_BANK
717,MATHEMATICS,,155,110,LEGACY_BANK
718,MATHEMATICS,,155,110,LEGACY_BANK
719,MATHEMATICS,,155,110,LEGACY_BANK
720,MATHEMATICS,,155,110,ARCHIVE_DERIVED
721,MATHEMATICS,,155,110,LEGACY_BANK
722,MATHEMATICS,,155,110,LEGACY_BANK
723,MATHEMATICS,,155,110,LEGACY_BANK
724,MATHEMATICS,,155,110,ARCHIVE_DERIVED
725,MATHEMATICS,,155,110,LEGACY_BANK
726,MATHEMATICS,,155,110,ARCHIVE_DERIVED
727,MATHEMATICS,,155,110,LEGACY_BANK
728,MATHEMATICS,,155,110,ARCHIVE_DERIVED
729,MATHEMATICS,,155,110,LEGACY_BANK
730,MATHEMATICS,,155,110,ARCHIVE_DERIVED
731,MATHEMATICS,,155,110,LEGACY_BANK
732,MATHEMATICS,,155,110,ARCHIVE_DERIVED
733,MATHEMATICS,,155,110,LEGACY_BANK
734,MATHEMATICS,,155,110,ARCHIVE_DERIVED
735,MATHEMATICS,,155,110,ARCHIVE_DERIVED
736,MATHEMATICS,,155,110,LEGACY_BANK
737,MATHEMATICS,,155,110,ARCHIVE_DERIVED
738,MATHEMATICS,,155,110,ARCHIVE_DERIVED
739,MATHEMATICS,,155,110,LEGACY_BANK
740,MATHEMATICS,,155,110,LEGACY_BANK
741,MATHEMATICS,,155,110,LEGACY_BANK
742,MATHEMATICS,,155,110,LEGACY_BANK
743,MATHEMATICS,,155,110,LEGACY_BANK
744,MATHEMATICS,,155,110,LEGACY_BANK
745,MATHEMATICS,,155,110,LEGACY_BANK
746,MATHEMATICS,,155,110,LEGACY_BANK
747,MATHEMATICS,,155,110,LEGACY_BANK
748,MATHEMATICS,,155,110,LEGACY_BANK
749,MATHEMATICS,,155,110,LEGACY_BANK
750,MATHEMATICS,,155,110,LEGACY_BANK
751,MATHEMATICS,,155,110,LEGACY_BANK
752,MATHEMATICS,,155,110,LEGACY_BANK
753,MATHEMATICS,,155,110,LEGACY_BANK
754,MATHEMATICS,,124,97,LEGACY_BANK
755,MATHEMATICS,,124,97,ARCHIVE_DERIVED
756,MATHEMATICS,,124,97,LEGACY_BANK
757,MATHEMATICS,,124,97,ARCHIVE_DERIVED
758,MATHEMATICS,,124,97,LEGACY_BANK
759,MATHEMATICS,,124,97,LEGACY_BANK
760,MATHEMATICS,,124,97,ARCHIVE_DERIVED
761,MATHEMATICS,,124,97,LEGACY_BANK
762,MATHEMATICS,,124,97,ARCHIVE_DERIVED
763,MATHEMATICS,,124,97,ARCHIVE_DERIVED
764,MATHEMATICS,,124,97,LEGACY_BANK
765,MATHEMATICS,,124,97,LEGACY_BANK
766,MATHEMATICS,,124,97,LEGACY_BANK
767,MATHEMATICS,,124,97,LEGACY_BANK
768,MATHEMATICS,,124,97,LEGACY_BANK
769,MATHEMATICS,,124,97,ARCHIVE_DERIVED
770,MATHEMATICS,,124,97,LEGACY_BANK
771,MATHEMATICS,,124,97,LEGACY_BANK
772,MATHEMATICS,,124,97,ARCHIVE_DERIVED
773,MATHEMATICS,,124,97,LEGACY_BANK
774,MATHEMATICS,,124,97,LEGACY_BANK
775,MATHEMATICS,,124,97,LEGACY_BANK
776,MATHEMATICS,,124,97,LEGACY_BANK
777,MATHEMATICS,,124,97,LEGACY_BANK
778,MATHEMATICS,,124,97,LEGACY_BANK
779,MATHEMATICS,,124,97,LEGACY_BANK
780,MATHEMATICS,,124,97,LEGACY_BANK
781,MATHEMATICS,,124,97,LEGACY_BANK
782,MATHEMATICS,,124,97,LEGACY_BANK
783,MATHEMATICS,,124,97,LEGACY_BANK
784,MATHEMATICS,,124,97,LEGACY_BANK
785,MATHEMATICS,,124,97,LEGACY_BANK
786,MATHEMATICS,,124,97,ARCHIVE_DERIVED
787,MATHEMATICS,,124,97,ARCHIVE_DERIVED
788,MATHEMATICS,,124,97,LEGACY_BANK
789,MATHEMATICS,,124,97,ARCHIVE_DERIVED
790,MATHEMATICS,,124,97,LEGACY_BANK
791,MATHEMATICS,,124,97,LEGACY_BANK
792,MATHEMATICS,,124,97,LEGACY_BANK
793,HISTORY,,192,123,LEGACY_BANK
794,HISTORY,,192,123,ARCHIVE_DERIVED
795,HISTORY,,192,123,ARCHIVE_DERIVED
796,HISTORY,,192,123,LEGACY_BANK
797,HISTORY,,192,123,LEGACY_BANK
798,HISTORY,,192,123,ARCHIVE_DERIVED
799,HISTORY,,192,123,LEGACY_BANK
800,HISTORY,,192,123,LEGACY_BANK
801,HISTORY,,192,123,LEGACY_BANK
802,HISTORY,,192,123,LEGACY_BANK
803,HISTORY,,192,123,ARCHIVE_DERIVED
804,HISTORY,,192,123,LEGACY_BANK
805,HISTORY,,192,123,LEGACY_BANK
806,HISTORY,,192,123,LEGACY_BANK
807,HISTORY,,192,123,LEGACY_BANK
808,HISTORY,,192,123,ARCHIVE_DERIVED
809,HISTORY,,192,123,LEGACY_BANK
810,HISTORY,,192,123,LEGACY_BANK
811,HISTORY,,192,123,LEGACY_BANK
812,HISTORY,,192,123,LEGACY_BANK
813,HISTORY,,197,125,LEGACY_BANK
814,HISTORY,,197,125,LEGACY_BANK
815,HISTORY,,197,125,ARCHIVE_DERIVED
816,HISTORY,,197,125,LEGACY_BANK
817,HISTORY,,197,125,LEGACY_BANK
818,HISTORY,,197,125,LEGACY_BANK
819,HISTORY,,197,125,LEGACY_BANK
820,HISTORY,,197,125,LEGACY_BANK
821,HISTORY,,197,125,LEGACY_BANK
822,HISTORY,,197,125,LEGACY_BANK
823,HISTORY,,197,125,LEGACY_BANK
824,HISTORY,,197,125,ARCHIVE_DERIVED
825,HISTORY,,197,125,ARCHIVE_DERIVED
826,HISTORY,,197,125,LEGACY_BANK
827,HISTORY,,197,125,LEGACY_BANK
828,HISTORY,,197,125,LEGACY_BANK
829,HISTORY,,197,125,ARCHIVE_DERIVED
830,HISTORY,,197,125,ARCHIVE_DERIVED
831,HISTORY,,197,125,LEGACY_BANK
832,HISTORY,,197,125,LEGACY_BANK
833,HISTORY,,187,121,ARCHIVE_DERIVED
834,HISTORY,,187,121,ARCHIVE_DERIVED
835,HISTORY,,187,121,LEGACY_BANK
836,HISTORY,,187,121,ARCHIVE_DERIVED
837,HISTORY,,187,121,LEGACY_BANK
838,HISTORY,,181,119,LEGACY_BANK
839,HISTORY,,187,121,ARCHIVE_DERIVED
840,HISTORY,,187,121,LEGACY_BANK
841,HISTORY,,187,121,LEGACY_BANK
842,HISTORY,,187,121,LEGACY_BANK
843,HISTORY,,187,121,LEGACY_BANK
844,HISTORY,,187,121,LEGACY_BANK
845,HISTORY,,181,119,LEGACY_BANK
846,HISTORY,,181,119,LEGACY_BANK
847,HISTORY,,187,121,ARCHIVE_DERIVED
848,HISTORY,,181,119,LEGACY_BANK
849,HISTORY,,187,121,LEGACY_BANK
850,HISTORY,,187,121,LEGACY_BANK
851,HISTORY,,187,121,LEGACY_BANK
852,HISTORY,,187,121,LEGACY_BANK
853,HISTORY,,199,126,LEGACY_BANK
854,HISTORY,,199,126,LEGACY_BANK
855,HISTORY,,199,126,LEGACY_BANK
856,HISTORY,,199,126,LEGACY_BANK
857,HISTORY,,199,126,ARCHIVE_DERIVED
858,HISTORY,,199,126,ARCHIVE_DERIVED
859,HISTORY,,199,126,LEGACY_BANK
860,HISTORY,,199,126,LEGACY_BANK
861,HISTORY,,199,126,ARCHIVE_DERIVED
862,HISTORY,,199,126,LEGACY_BANK
863,HISTORY,,199,126,LEGACY_BANK
864,HISTORY,,199,126,LEGACY_BANK
865,HISTORY,,199,126,LEGACY_BANK
866,HISTORY,,199,126,LEGACY_BANK
867,HISTORY,,199,126,ARCHIVE_DERIVED
868,HISTORY,,199,126,ARCHIVE_DERIVED
869,HISTORY,,199,126,LEGACY_BANK
870,HISTORY,,199,126,ARCHIVE_DERIVED
871,HISTORY,,199,126,LEGACY_BANK
872,HISTORY,,199,126,LEGACY_BANK
873,HISTORY,,199,126,LEGACY_BANK
874,HISTORY,,199,126,LEGACY_BANK
875,HISTORY,,199,126,LEGACY_BANK
876,HISTORY,,199,126,ARCHIVE_DERIVED
877,HISTORY,,199,126,ARCHIVE_DERIVED
878,HISTORY,,199,126,ARCHIVE_DERIVED
879,HISTORY,,199,126,LEGACY_BANK
880,HISTORY,,199,126,LEGACY_BANK
881,HISTORY,,199,126,LEGACY_BANK
882,HISTORY,,199,126,ARCHIVE_DERIVED
883,HISTORY,,199,126,LEGACY_BANK
884,HISTORY,,199,126,LEGACY_BANK
885,HISTORY,,199,126,LEGACY_BANK
886,HISTORY,,199,126,LEGACY_BANK
887,HISTORY,,199,126,LEGACY_BANK
888,HISTORY,,199,126,LEGACY_BANK
889,HISTORY,,199,126,LEGACY_BANK
890,HISTORY,,199,126,LEGACY_BANK
891,HISTORY,,199,126,LEGACY_BANK
892,HISTORY,,199,126,LEGACY_BANK
893,HISTORY,,181,119,LEGACY_BANK
894,HISTORY,,181,119,ARCHIVE_DERIVED
895,HISTORY,,181,119,LEGACY_BANK
896,HISTORY,,181,119,LEGACY_BANK
897,HISTORY,,181,119,LEGACY_BANK
898,HISTORY,,181,119,LEGACY_BANK
899,HISTORY,,181,119,LEGACY_BANK
900,HISTORY,,181,119,LEGACY_BANK
901,HISTORY,,181,119,LEGACY_BANK
902,HISTORY,,181,119,LEGACY_BANK
903,HISTORY,,181,119,LEGACY_BANK
904,HISTORY,,181,119,ARCHIVE_DERIVED
905,HISTORY,,181,119,ARCHIVE_DERIVED
906,HISTORY,,181,119,LEGACY_BANK
907,HISTORY,,181,119,LEGACY_BANK
908,HISTORY,,181,119,ARCHIVE_DERIVED
909,HISTORY,,181,119,LEGACY_BANK
910,HISTORY,,181,119,LEGACY_BANK
911,HISTORY,,181,119,ARCHIVE_DERIVED
912,HISTORY,,181,119,LEGACY_BANK
913,HISTORY,,181,119,ARCHIVE_DERIVED
914,HISTORY,,181,119,LEGACY_BANK
915,HISTORY,,181,119,LEGACY_BANK
916,HISTORY,,181,119,LEGACY_BANK
917,HISTORY,,181,119,LEGACY_BANK
918,HISTORY,,181,119,LEGACY_BANK
919,HISTORY,,181,119,LEGACY_BANK
920,HISTORY,,181,119,ARCHIVE_DERIVED
921,HISTORY,,181,119,LEGACY_BANK
922,HISTORY,,181,119,LEGACY_BANK
923,HISTORY,,181,119,LEGACY_BANK
924,HISTORY,,181,119,ARCHIVE_DERIVED
925,HISTORY,,181,119,LEGACY_BANK
926,HISTORY,,181,119,LEGACY_BANK
927,HISTORY,,181,119,LEGACY_BANK
928,HISTORY,,181,119,LEGACY_BANK
929,HISTORY,,181,119,LEGACY_BANK
930,HISTORY,,181,119,LEGACY_BANK
931,HISTORY,,181,119,LEGACY_BANK
932,HISTORY,,187,121,ARCHIVE_DERIVED
933,HISTORY,,207,129,LEGACY_BANK
934,HISTORY,,187,121,ARCHIVE_DERIVED
935,HISTORY,,187,121,ARCHIVE_DERIVED
936,HISTORY,,187,121,ARCHIVE_DERIVED
937,HISTORY,,187,121,ARCHIVE_DERIVED
938,HISTORY,,187,121,LEGACY_BANK
939,HISTORY,,187,121,ARCHIVE_DERIVED
940,HISTORY,,187,121,ARCHIVE_DERIVED
941,HISTORY,,187,121,ARCHIVE_DERIVED
942,HISTORY,,207,129,LEGACY_BANK
943,HISTORY,,207,129,LEGACY_BANK
944,HISTORY,,207,129,LEGACY_BANK
945,HISTORY,,207,129,LEGACY_BANK
946,HISTORY,,207,129,LEGACY_BANK
947,HISTORY,,187,121,LEGACY_BANK
948,HISTORY,,207,129,LEGACY_BANK
949,HISTORY,,187,121,ARCHIVE_DERIVED
950,HISTORY,,187,121,ARCHIVE_DERIVED
951,HISTORY,,187,121,LEGACY_BANK
952,HISTORY,,207,129,LEGACY_BANK
953,HISTORY,,207,129,LEGACY_BANK
954,HISTORY,,187,121,LEGACY_BANK
955,HISTORY,,207,129,LEGACY_BANK
956,HISTORY,,207,129,LEGACY_BANK
957,HISTORY,,187,121,LEGACY_BANK
958,HISTORY,,187,121,LEGACY_BANK
959,HISTORY,,207,129,LEGACY_BANK
960,HISTORY,,207,129,LEGACY_BANK
961,HISTORY,,207,129,LEGACY_BANK
962,HISTORY,,207,129,LEGACY_BANK
963,HISTORY,,207,129,LEGACY_BANK
964,HISTORY,,207,129,LEGACY_BANK
965,HISTORY,,207,129,LEGACY_BANK
966,HISTORY,,207,129,LEGACY_BANK
967,HISTORY,,207,129,LEGACY_BANK
968,HISTORY,,187,121,LEGACY_BANK
969,HISTORY,,187,121,LEGACY_BANK
970,HISTORY,,207,129,LEGACY_BANK
971,HISTORY,,207,129,LEGACY_BANK
972,HISTORY,,189,122,LEGACY_BANK
973,HISTORY,,189,122,LEGACY_BANK
974,HISTORY,,189,122,LEGACY_BANK
975,HISTORY,,189,122,LEGACY_BANK
976,HISTORY,,189,122,ARCHIVE_DERIVED
977,HISTORY,,189,122,LEGACY_BANK
978,HISTORY,,189,122,ARCHIVE_DERIVED
979,HISTORY,,189,122,ARCHIVE_DERIVED
980,HISTORY,,189,122,LEGACY_BANK
981,HISTORY,,189,122,ARCHIVE_DERIVED
982,HISTORY,,189,122,LEGACY_BANK
983,HISTORY,,189,122,ARCHIVE_DERIVED
984,HISTORY,,189,122,ARCHIVE_DERIVED
985,HISTORY,,189,122,ARCHIVE_DERIVED
986,HISTORY,,189,122,LEGACY_BANK
987,HISTORY,,189,122,ARCHIVE_DERIVED
988,HISTORY,,189,122,LEGACY_BANK
989,HISTORY,,189,122,LEGACY_BANK
990,HISTORY,,189,122,LEGACY_BANK
991,HISTORY,,189,122,LEGACY_BANK
992,HISTORY,,189,122,LEGACY_BANK
993,HISTORY,,189,122,LEGACY_BANK
994,HISTORY,,189,122,ARCHIVE_DERIVED
995,HISTORY,,189,122,ARCHIVE_DERIVED
996,HISTORY,,189,122,LEGACY_BANK
997,HISTORY,,189,122,LEGACY_BANK
998,HISTORY,,189,122,LEGACY_BANK
999,HISTORY,,189,122,LEGACY_BANK
1000,HISTORY,,189,122,LEGACY_BANK
1001,HISTORY,,189,122,LEGACY_BANK
1002,HISTORY,,189,122,LEGACY_BANK
1003,HISTORY,,189,122,LEGACY_BANK
1004,HISTORY,,189,122,LEGACY_BANK
1005,HISTORY,,189,122,LEGACY_BANK
1006,HISTORY,,189,122,LEGACY_BANK
1007,HISTORY,,189,122,LEGACY_BANK
1008,HISTORY,,189,122,LEGACY_BANK
1009,HISTORY,,189,122,LEGACY_BANK
1010,HISTORY,,189,122,LEGACY_BANK
1011,HISTORY,,187,121,ARCHIVE_DERIVED
1012,HISTORY,,181,119,LEGACY_BANK
1013,HISTORY,,181,119,LEGACY_BANK
1014,HISTORY,,181,119,LEGACY_BANK
1015,HISTORY,,181,119,LEGACY_BANK
1016,HISTORY,,187,121,ARCHIVE_DERIVED
1017,HISTORY,,181,119,LEGACY_BANK
1018,HISTORY,,187,121,ARCHIVE_DERIVED
1019,HISTORY,,187,121,LEGACY_BANK
1020,HISTORY,,181,119,LEGACY_BANK
1021,HISTORY,,181,119,LEGACY_BANK
1022,HISTORY,,187,121,LEGACY_BANK
1023,HISTORY,,181,119,LEGACY_BANK
1024,HISTORY,,187,121,ARCHIVE_DERIVED
1025,HISTORY,,181,119,LEGACY_BANK
1026,HISTORY,,187,121,ARCHIVE_DERIVED
1027,HISTORY,,181,119,LEGACY_BANK
1028,HISTORY,,181,119,LEGACY_BANK
1029,HISTORY,,181,119,LEGACY_BANK
1030,HISTORY,,181,119,LEGACY_BANK
1031,HISTORY,,184,120,LEGACY_BANK
1032,HISTORY,,184,120,LEGACY_BANK
1033,HISTORY,,184,120,LEGACY_BANK
1034,HISTORY,,184,120,ARCHIVE_DERIVED
1035,HISTORY,,184,120,LEGACY_BANK
1036,HISTORY,,184,120,ARCHIVE_DERIVED
1037,HISTORY,,184,120,ARCHIVE_DERIVED
1038,HISTORY,,184,120,ARCHIVE_DERIVED
1039,HISTORY,,184,120,LEGACY_BANK
1040,HISTORY,,184,120,LEGACY_BANK
1041,HISTORY,,184,120,LEGACY_BANK
1042,HISTORY,,184,120,LEGACY_BANK
1043,HISTORY,,184,120,LEGACY_BANK
1044,HISTORY,,184,120,ARCHIVE_DERIVED
1045,HISTORY,,184,120,LEGACY_BANK
1046,HISTORY,,184,120,LEGACY_BANK
1047,HISTORY,,184,120,LEGACY_BANK
1048,HISTORY,,184,120,LEGACY_BANK
1049,HISTORY,,184,120,LEGACY_BANK
1050,HISTORY,,184,120,LEGACY_BANK
1051,GEOGRAPHY,,216,134,LEGACY_BANK
1052,GEOGRAPHY,,216,134,LEGACY_BANK
1053,GEOGRAPHY,,216,134,LEGACY_BANK
1054,GEOGRAPHY,,216,134,LEGACY_BANK
1055,GEOGRAPHY,,216,134,LEGACY_BANK
1056,GEOGRAPHY,,216,134,LEGACY_BANK
1057,GEOGRAPHY,,216,134,LEGACY_BANK
1058,GEOGRAPHY,,216,134,LEGACY_BANK
1059,GEOGRAPHY,,216,134,ARCHIVE_DERIVED
1060,GEOGRAPHY,,216,134,ARCHIVE_DERIVED
1061,GEOGRAPHY,,216,134,ARCHIVE_DERIVED
1062,GEOGRAPHY,,216,134,LEGACY_BANK
1063,GEOGRAPHY,,216,134,ARCHIVE_DERIVED
1064,GEOGRAPHY,,216,134,ARCHIVE_DERIVED
1065,GEOGRAPHY,,216,134,LEGACY_BANK
1066,GEOGRAPHY,,216,134,LEGACY_BANK
1067,GEOGRAPHY,,216,134,LEGACY_BANK
1068,GEOGRAPHY,,216,134,LEGACY_BANK
1069,GEOGRAPHY,,216,134,LEGACY_BANK
1070,GEOGRAPHY,,216,134,LEGACY_BANK
1071,GEOGRAPHY,,210,131,ARCHIVE_DERIVED
1072,GEOGRAPHY,,210,131,LEGACY_BANK
1073,GEOGRAPHY,,210,131,ARCHIVE_DERIVED
1074,GEOGRAPHY,,210,131,LEGACY_BANK
1075,GEOGRAPHY,,210,131,LEGACY_BANK
1076,GEOGRAPHY,,210,131,LEGACY_BANK
1077,GEOGRAPHY,,210,131,LEGACY_BANK
1078,GEOGRAPHY,,210,131,ARCHIVE_DERIVED
1079,GEOGRAPHY,,210,131,ARCHIVE_DERIVED
1080,GEOGRAPHY,,210,131,LEGACY_BANK
1081,GEOGRAPHY,,210,131,LEGACY_BANK
1082,GEOGRAPHY,,210,131,LEGACY_BANK
1083,GEOGRAPHY,,210,131,ARCHIVE_DERIVED
1084,GEOGRAPHY,,210,131,LEGACY_BANK
1085,GEOGRAPHY,,210,131,LEGACY_BANK
1086,GEOGRAPHY,,210,131,LEGACY_BANK
1087,GEOGRAPHY,,210,131,LEGACY_BANK
1088,GEOGRAPHY,,210,131,LEGACY_BANK
1089,GEOGRAPHY,,210,131,LEGACY_BANK
1090,GEOGRAPHY,,210,131,LEGACY_BANK
1091,GEOGRAPHY,,220,136,ARCHIVE_DERIVED
1092,GEOGRAPHY,,220,136,LEGACY_BANK
1093,GEOGRAPHY,,220,136,LEGACY_BANK
1094,GEOGRAPHY,,220,136,LEGACY_BANK
1095,GEOGRAPHY,,220,136,LEGACY_BANK
1096,GEOGRAPHY,,220,136,LEGACY_BANK
1097,GEOGRAPHY,,220,136,LEGACY_BANK
1098,GEOGRAPHY,,220,136,LEGACY_BANK
1099,GEOGRAPHY,,220,136,ARCHIVE_DERIVED
1100,GEOGRAPHY,,220,136,LEGACY_BANK
1101,GEOGRAPHY,,220,136,ARCHIVE_DERIVED
1102,GEOGRAPHY,,220,136,LEGACY_BANK
1103,GEOGRAPHY,,220,136,ARCHIVE_DERIVED
1104,GEOGRAPHY,,220,136,ARCHIVE_DERIVED
1105,GEOGRAPHY,,220,136,LEGACY_BANK
1106,GEOGRAPHY,,220,136,LEGACY_BANK
1107,GEOGRAPHY,,220,136,LEGACY_BANK
1108,GEOGRAPHY,,220,136,LEGACY_BANK
1109,GEOGRAPHY,,220,136,LEGACY_BANK
1110,GEOGRAPHY,,212,132,LEGACY_BANK
1111,GEOGRAPHY,,212,132,ARCHIVE_DERIVED
1112,GEOGRAPHY,,212,132,LEGACY_BANK
1113,GEOGRAPHY,,212,132,LEGACY_BANK
1114,GEOGRAPHY,,212,132,LEGACY_BANK
1115,GEOGRAPHY,,212,132,LEGACY_BANK
1116,GEOGRAPHY,,212,132,LEGACY_BANK
1117,GEOGRAPHY,,212,132,LEGACY_BANK
1118,GEOGRAPHY,,212,132,LEGACY_BANK
1119,GEOGRAPHY,,212,132,LEGACY_BANK
1120,GEOGRAPHY,,212,132,LEGACY_BANK
1121,GEOGRAPHY,,212,132,ARCHIVE_DERIVED
1122,GEOGRAPHY,,212,132,ARCHIVE_DERIVED
1123,GEOGRAPHY,,212,132,LEGACY_BANK
1124,GEOGRAPHY,,212,132,LEGACY_BANK
1125,GEOGRAPHY,,212,132,ARCHIVE_DERIVED
1126,GEOGRAPHY,,212,132,ARCHIVE_DERIVED
1127,GEOGRAPHY,,212,132,LEGACY_BANK
1128,GEOGRAPHY,,212,132,LEGACY_BANK
1129,GEOGRAPHY,,212,132,LEGACY_BANK
1130,GEOGRAPHY,,208,130,ARCHIVE_DERIVED
1131,GEOGRAPHY,,208,130,LEGACY_BANK
1132,GEOGRAPHY,,208,130,LEGACY_BANK
1133,GEOGRAPHY,,208,130,LEGACY_BANK
1134,GEOGRAPHY,,208,130,LEGACY_BANK
1135,GEOGRAPHY,,208,130,ARCHIVE_DERIVED
1136,GEOGRAPHY,,208,130,LEGACY_BANK
1137,GEOGRAPHY,,208,130,LEGACY_BANK
1138,GEOGRAPHY,,208,130,LEGACY_BANK
1139,GEOGRAPHY,,208,130,LEGACY_BANK
1140,GEOGRAPHY,,208,130,ARCHIVE_DERIVED
1141,GEOGRAPHY,,208,130,LEGACY_BANK
1142,GEOGRAPHY,,208,130,ARCHIVE_DERIVED
1143,GEOGRAPHY,,208,130,LEGACY_BANK
1144,GEOGRAPHY,,208,130,ARCHIVE_DERIVED
1145,GEOGRAPHY,,208,130,LEGACY_BANK
1146,GEOGRAPHY,,208,130,LEGACY_BANK
1147,GEOGRAPHY,,208,130,LEGACY_BANK
1148,GEOGRAPHY,,208,130,LEGACY_BANK
1149,GEOGRAPHY,,208,130,LEGACY_BANK
1150,GEOGRAPHY,,220,136,LEGACY_BANK
1151,GEOGRAPHY,,220,136,LEGACY_BANK
1152,GEOGRAPHY,,220,136,ARCHIVE_DERIVED
1153,GEOGRAPHY,,220,136,ARCHIVE_DERIVED
1154,GEOGRAPHY,,220,136,LEGACY_BANK
1155,GEOGRAPHY,,220,136,LEGACY_BANK
1156,GEOGRAPHY,,220,136,LEGACY_BANK
1157,GEOGRAPHY,,220,136,LEGACY_BANK
1158,GEOGRAPHY,,220,136,LEGACY_BANK
1159,GEOGRAPHY,,220,136,LEGACY_BANK
1160,GEOGRAPHY,,220,136,LEGACY_BANK
1161,GEOGRAPHY,,220,136,LEGACY_BANK
1162,GEOGRAPHY,,220,136,ARCHIVE_DERIVED
1163,GEOGRAPHY,,220,136,ARCHIVE_DERIVED
1164,GEOGRAPHY,,220,136,LEGACY_BANK
1165,GEOGRAPHY,,220,136,LEGACY_BANK
1166,GEOGRAPHY,,220,136,LEGACY_BANK
1167,GEOGRAPHY,,220,136,ARCHIVE_DERIVED
1168,GEOGRAPHY,,220,136,LEGACY_BANK
1169,GEOGRAPHY,,216,134,LEGACY_BANK
1170,GEOGRAPHY,,216,134,LEGACY_BANK
1171,GEOGRAPHY,,216,134,ARCHIVE_DERIVED
1172,GEOGRAPHY,,216,134,ARCHIVE_DERIVED
1173,GEOGRAPHY,,216,134,LEGACY_BANK
1174,GEOGRAPHY,,216,134,ARCHIVE_DERIVED
1175,GEOGRAPHY,,216,134,LEGACY_BANK
1176,GEOGRAPHY,,216,134,ARCHIVE_DERIVED
1177,GEOGRAPHY,,216,134,ARCHIVE_DERIVED
1178,GEOGRAPHY,,216,134,LEGACY_BANK
1179,GEOGRAPHY,,216,134,LEGACY_BANK
1180,GEOGRAPHY,,216,134,LEGACY_BANK
1181,GEOGRAPHY,,216,134,LEGACY_BANK
1182,GEOGRAPHY,,216,134,LEGACY_BANK
1183,GEOGRAPHY,,216,134,LEGACY_BANK
1184,GEOGRAPHY,,216,134,LEGACY_BANK
1185,GEOGRAPHY,,216,134,LEGACY_BANK
1186,GEOGRAPHY,,216,134,LEGACY_BANK
1187,GEOGRAPHY,,216,134,LEGACY_BANK
1188,GEOGRAPHY,,216,134,LEGACY_BANK
1189,GEOGRAPHY,,218,135,ARCHIVE_DERIVED
1190,GEOGRAPHY,,218,135,LEGACY_BANK
1191,GEOGRAPHY,,218,135,LEGACY_BANK
1192,GEOGRAPHY,,218,135,LEGACY_BANK
1193,GEOGRAPHY,,218,135,ARCHIVE_DERIVED
1194,GEOGRAPHY,,218,135,LEGACY_BANK
1195,GEOGRAPHY,,218,135,LEGACY_BANK
1196,GEOGRAPHY,,218,135,LEGACY_BANK
1197,GEOGRAPHY,,218,135,LEGACY_BANK
1198,GEOGRAPHY,,218,135,LEGACY_BANK
1199,GEOGRAPHY,,218,135,ARCHIVE_DERIVED
1200,GEOGRAPHY,,218,135,LEGACY_BANK
1201,GEOGRAPHY,,218,135,LEGACY_BANK
1202,GEOGRAPHY,,218,135,LEGACY_BANK
1203,GEOGRAPHY,,218,135,ARCHIVE_DERIVED
1204,GEOGRAPHY,,218,135,ARCHIVE_DERIVED
1205,GEOGRAPHY,,218,135,LEGACY_BANK
1206,GEOGRAPHY,,218,135,LEGACY_BANK
1207,GEOGRAPHY,,218,135,LEGACY_BANK
1208,GEOGRAPHY,,218,135,LEGACY_BANK
1209,GEOGRAPHY,,208,130,LEGACY_BANK
1210,GEOGRAPHY,,208,130,ARCHIVE_DERIVED
1211,GEOGRAPHY,,208,130,ARCHIVE_DERIVED
1212,GEOGRAPHY,,208,130,LEGACY_BANK
1213,GEOGRAPHY,,208,130,LEGACY_BANK
1214,GEOGRAPHY,,208,130,ARCHIVE_DERIVED
1215,GEOGRAPHY,,208,130,LEGACY_BANK
1216,GEOGRAPHY,,208,130,LEGACY_BANK
1217,GEOGRAPHY,,208,130,ARCHIVE_DERIVED
1218,GEOGRAPHY,,208,130,LEGACY_BANK
1219,GEOGRAPHY,,208,130,LEGACY_BANK
1220,GEOGRAPHY,,208,130,ARCHIVE_DERIVED
1221,GEOGRAPHY,,208,130,LEGACY_BANK
1222,GEOGRAPHY,,208,130,LEGACY_BANK
1223,GEOGRAPHY,,208,130,LEGACY_BANK
1224,GEOGRAPHY,,208,130,LEGACY_BANK
1225,GEOGRAPHY,,208,130,LEGACY_BANK
1226,GEOGRAPHY,,208,130,LEGACY_BANK
1227,GEOGRAPHY,,208,130,LEGACY_BANK
1228,EMC,,232,142,LEGACY_BANK
1229,EMC,,232,142,ARCHIVE_DERIVED
1230,EMC,,232,142,ARCHIVE_DERIVED
1231,EMC,,232,142,ARCHIVE_DERIVED
1232,EMC,,232,142,LEGACY_BANK
1233,EMC,,232,142,ARCHIVE_DERIVED
1234,EMC,,232,142,LEGACY_BANK
1235,EMC,,232,142,LEGACY_BANK
1236,EMC,,232,142,ARCHIVE_DERIVED
1237,EMC,,232,142,LEGACY_BANK
1238,EMC,,232,142,LEGACY_BANK
1239,EMC,,232,142,LEGACY_BANK
1240,EMC,,232,142,LEGACY_BANK
1241,EMC,,232,142,LEGACY_BANK
1242,EMC,,232,142,LEGACY_BANK
1243,EMC,,232,142,LEGACY_BANK
1244,EMC,,232,142,LEGACY_BANK
1245,EMC,,232,142,LEGACY_BANK
1246,EMC,,232,142,LEGACY_BANK
1247,EMC,,232,142,LEGACY_BANK
1248,EMC,,228,140,LEGACY_BANK
1249,EMC,,228,140,LEGACY_BANK
1250,EMC,,228,140,LEGACY_BANK
1251,EMC,,228,140,ARCHIVE_DERIVED
1252,EMC,,228,140,LEGACY_BANK
1253,EMC,,228,140,ARCHIVE_DERIVED
1254,EMC,,228,140,ARCHIVE_DERIVED
1255,EMC,,228,140,LEGACY_BANK
1256,EMC,,228,140,ARCHIVE_DERIVED
1257,EMC,,228,140,LEGACY_BANK
1258,EMC,,228,140,LEGACY_BANK
1259,EMC,,228,140,ARCHIVE_DERIVED
1260,EMC,,228,140,LEGACY_BANK
1261,EMC,,228,140,LEGACY_BANK
1262,EMC,,228,140,LEGACY_BANK
1263,EMC,,228,140,LEGACY_BANK
1264,EMC,,228,140,LEGACY_BANK
1265,EMC,,228,140,LEGACY_BANK
1266,EMC,,228,140,LEGACY_BANK
1267,EMC,,228,140,LEGACY_BANK
1268,EMC,,224,138,ARCHIVE_DERIVED
1269,EMC,,224,138,LEGACY_BANK
1270,EMC,,224,138,LEGACY_BANK
1271,EMC,,224,138,LEGACY_BANK
1272,EMC,,224,138,LEGACY_BANK
1273,EMC,,224,138,LEGACY_BANK
1274,EMC,,224,138,LEGACY_BANK
1275,EMC,,224,138,LEGACY_BANK
1276,EMC,,224,138,ARCHIVE_DERIVED
1277,EMC,,224,138,ARCHIVE_DERIVED
1278,EMC,,224,138,ARCHIVE_DERIVED
1279,EMC,,224,138,ARCHIVE_DERIVED
1280,EMC,,224,138,LEGACY_BANK
1281,EMC,,224,138,LEGACY_BANK
1282,EMC,,224,138,LEGACY_BANK
1283,EMC,,224,138,LEGACY_BANK
1284,EMC,,224,138,LEGACY_BANK
1285,EMC,,224,138,LEGACY_BANK
1286,EMC,,224,138,LEGACY_BANK
1287,EMC,,224,138,LEGACY_BANK
1288,EMC,,230,141,ARCHIVE_DERIVED
1289,EMC,,230,141,LEGACY_BANK
1290,EMC,,230,141,LEGACY_BANK
1291,EMC,,230,141,ARCHIVE_DERIVED
1292,EMC,,230,141,ARCHIVE_DERIVED
1293,EMC,,230,141,LEGACY_BANK
1294,EMC,,230,141,ARCHIVE_DERIVED
1295,EMC,,230,141,ARCHIVE_DERIVED
1296,EMC,,230,141,LEGACY_BANK
1297,EMC,,230,141,LEGACY_BANK
1298,EMC,,230,141,LEGACY_BANK
1299,EMC,,230,141,LEGACY_BANK
1300,EMC,,230,141,LEGACY_BANK
1301,EMC,,230,141,LEGACY_BANK
1302,EMC,,230,141,LEGACY_BANK
1303,EMC,,230,141,LEGACY_BANK
1304,EMC,,230,141,LEGACY_BANK
1305,EMC,,230,141,LEGACY_BANK
1306,EMC,,230,141,LEGACY_BANK
1307,EMC,,230,141,LEGACY_BANK
1308,EMC,,238,145,LEGACY_BANK
1309,EMC,,238,145,LEGACY_BANK
1310,EMC,,238,145,LEGACY_BANK
1311,EMC,,238,145,LEGACY_BANK
1312,EMC,,238,145,LEGACY_BANK
1313,EMC,,238,145,LEGACY_BANK
1314,EMC,,238,145,LEGACY_BANK
1315,EMC,,238,145,LEGACY_BANK
1316,EMC,,238,145,LEGACY_BANK
1317,EMC,,238,145,LEGACY_BANK
1318,EMC,,238,145,LEGACY_BANK
1319,EMC,,238,145,LEGACY_BANK
1320,EMC,,238,145,LEGACY_BANK
1321,EMC,,238,145,ARCHIVE_DERIVED
1322,EMC,,238,145,LEGACY_BANK
1323,EMC,,238,145,ARCHIVE_DERIVED
1324,EMC,,238,145,LEGACY_BANK
1325,EMC,,238,145,LEGACY_BANK
1326,EMC,,238,145,ARCHIVE_DERIVED
1327,EMC,,238,145,ARCHIVE_DERIVED
1328,EMC,,222,137,LEGACY_BANK
1329,EMC,,222,137,LEGACY_BANK
1330,EMC,,222,137,LEGACY_BANK
1331,EMC,,222,137,LEGACY_BANK
1332,EMC,,222,137,LEGACY_BANK
1333,EMC,,222,137,ARCHIVE_DERIVED
1334,EMC,,222,137,LEGACY_BANK
1335,EMC,,222,137,LEGACY_BANK
1336,EMC,,222,137,ARCHIVE_DERIVED
1337,EMC,,222,137,LEGACY_BANK
1338,EMC,,222,137,LEGACY_BANK
1339,EMC,,222,137,LEGACY_BANK
1340,EMC,,222,137,ARCHIVE_DERIVED
1341,EMC,,222,137,ARCHIVE_DERIVED
1342,EMC,,222,137,LEGACY_BANK
1343,EMC,,222,137,LEGACY_BANK
1344,EMC,,222,137,LEGACY_BANK
1345,EMC,,222,137,LEGACY_BANK
1346,EMC,,222,137,LEGACY_BANK
1347,EMC,,222,137,LEGACY_BANK
1348,PHYSICS_CHEMISTRY,,242,147,LEGACY_BANK
1349,PHYSICS_CHEMISTRY,,242,147,ARCHIVE_DERIVED
1350,PHYSICS_CHEMISTRY,,242,147,LEGACY_BANK
1351,PHYSICS_CHEMISTRY,,242,147,LEGACY_BANK
1352,PHYSICS_CHEMISTRY,,242,147,LEGACY_BANK
1353,PHYSICS_CHEMISTRY,,242,147,LEGACY_BANK
1354,PHYSICS_CHEMISTRY,,242,147,LEGACY_BANK
1355,PHYSICS_CHEMISTRY,,242,147,LEGACY_BANK
1356,PHYSICS_CHEMISTRY,,242,147,LEGACY_BANK
1357,PHYSICS_CHEMISTRY,,242,147,LEGACY_BANK
1358,PHYSICS_CHEMISTRY,,242,147,ARCHIVE_DERIVED
1359,PHYSICS_CHEMISTRY,,242,147,ARCHIVE_DERIVED
1360,PHYSICS_CHEMISTRY,,242,147,LEGACY_BANK
1361,PHYSICS_CHEMISTRY,,242,147,ARCHIVE_DERIVED
1362,PHYSICS_CHEMISTRY,,242,147,LEGACY_BANK
1363,PHYSICS_CHEMISTRY,,242,147,LEGACY_BANK
1364,PHYSICS_CHEMISTRY,,242,147,LEGACY_BANK
1365,PHYSICS_CHEMISTRY,,242,147,ARCHIVE_DERIVED
1366,PHYSICS_CHEMISTRY,,242,147,LEGACY_BANK
1367,PHYSICS_CHEMISTRY,,242,147,LEGACY_BANK
1368,PHYSICS_CHEMISTRY,,240,146,ARCHIVE_DERIVED
1369,PHYSICS_CHEMISTRY,,240,146,ARCHIVE_DERIVED
1370,PHYSICS_CHEMISTRY,,240,146,LEGACY_BANK
1371,PHYSICS_CHEMISTRY,,240,146,LEGACY_BANK
1372,PHYSICS_CHEMISTRY,,240,146,LEGACY_BANK
1373,PHYSICS_CHEMISTRY,,240,146,LEGACY_BANK
1374,PHYSICS_CHEMISTRY,,240,146,ARCHIVE_DERIVED
1375,PHYSICS_CHEMISTRY,,240,146,LEGACY_BANK
1376,PHYSICS_CHEMISTRY,,240,146,LEGACY_BANK
1377,PHYSICS_CHEMISTRY,,240,146,LEGACY_BANK
1378,PHYSICS_CHEMISTRY,,240,146,LEGACY_BANK
1379,PHYSICS_CHEMISTRY,,240,146,LEGACY_BANK
1380,PHYSICS_CHEMISTRY,,240,146,LEGACY_BANK
1381,PHYSICS_CHEMISTRY,,240,146,LEGACY_BANK
1382,PHYSICS_CHEMISTRY,,240,146,ARCHIVE_DERIVED
1383,PHYSICS_CHEMISTRY,,240,146,ARCHIVE_DERIVED
1384,PHYSICS_CHEMISTRY,,240,146,LEGACY_BANK
1385,PHYSICS_CHEMISTRY,,240,146,LEGACY_BANK
1386,PHYSICS_CHEMISTRY,,240,146,LEGACY_BANK
1387,PHYSICS_CHEMISTRY,,240,146,LEGACY_BANK
1388,PHYSICS_CHEMISTRY,,248,150,LEGACY_BANK
1389,PHYSICS_CHEMISTRY,,248,150,LEGACY_BANK
1390,PHYSICS_CHEMISTRY,,248,150,LEGACY_BANK
1391,PHYSICS_CHEMISTRY,,248,150,ARCHIVE_DERIVED
1392,PHYSICS_CHEMISTRY,,248,150,LEGACY_BANK
1393,PHYSICS_CHEMISTRY,,248,150,LEGACY_BANK
1394,PHYSICS_CHEMISTRY,,248,150,ARCHIVE_DERIVED
1395,PHYSICS_CHEMISTRY,,248,150,ARCHIVE_DERIVED
1396,PHYSICS_CHEMISTRY,,248,150,LEGACY_BANK
1397,PHYSICS_CHEMISTRY,,248,150,ARCHIVE_DERIVED
1398,PHYSICS_CHEMISTRY,,248,150,LEGACY_BANK
1399,PHYSICS_CHEMISTRY,,248,150,LEGACY_BANK
1400,PHYSICS_CHEMISTRY,,248,150,ARCHIVE_DERIVED
1401,PHYSICS_CHEMISTRY,,248,150,LEGACY_BANK
1402,PHYSICS_CHEMISTRY,,248,150,LEGACY_BANK
1403,PHYSICS_CHEMISTRY,,248,150,LEGACY_BANK
1404,PHYSICS_CHEMISTRY,,248,150,LEGACY_BANK
1405,PHYSICS_CHEMISTRY,,248,150,LEGACY_BANK
1406,PHYSICS_CHEMISTRY,,248,150,LEGACY_BANK
1407,PHYSICS_CHEMISTRY,,248,150,LEGACY_BANK
1408,PHYSICS_CHEMISTRY,,248,150,LEGACY_BANK
1409,PHYSICS_CHEMISTRY,,248,150,LEGACY_BANK
1410,PHYSICS_CHEMISTRY,,248,150,LEGACY_BANK
1411,PHYSICS_CHEMISTRY,,248,150,ARCHIVE_DERIVED
1412,PHYSICS_CHEMISTRY,,248,150,LEGACY_BANK
1413,PHYSICS_CHEMISTRY,,248,150,ARCHIVE_DERIVED
1414,PHYSICS_CHEMISTRY,,248,150,LEGACY_BANK
1415,PHYSICS_CHEMISTRY,,248,150,ARCHIVE_DERIVED
1416,PHYSICS_CHEMISTRY,,248,150,LEGACY_BANK
1417,PHYSICS_CHEMISTRY,,248,150,LEGACY_BANK
1418,PHYSICS_CHEMISTRY,,254,153,LEGACY_BANK
1419,PHYSICS_CHEMISTRY,,254,153,LEGACY_BANK
1420,PHYSICS_CHEMISTRY,,254,153,LEGACY_BANK
1421,PHYSICS_CHEMISTRY,,254,153,ARCHIVE_DERIVED
1422,PHYSICS_CHEMISTRY,,254,153,ARCHIVE_DERIVED
1423,PHYSICS_CHEMISTRY,,254,153,ARCHIVE_DERIVED
1424,PHYSICS_CHEMISTRY,,254,153,ARCHIVE_DERIVED
1425,PHYSICS_CHEMISTRY,,254,153,LEGACY_BANK
1426,PHYSICS_CHEMISTRY,,254,153,LEGACY_BANK
1427,PHYSICS_CHEMISTRY,,254,153,LEGACY_BANK
1428,PHYSICS_CHEMISTRY,,254,153,ARCHIVE_DERIVED
1429,PHYSICS_CHEMISTRY,,254,153,LEGACY_BANK
1430,PHYSICS_CHEMISTRY,,254,153,LEGACY_BANK
1431,PHYSICS_CHEMISTRY,,254,153,LEGACY_BANK
1432,PHYSICS_CHEMISTRY,,254,153,LEGACY_BANK
1433,PHYSICS_CHEMISTRY,,254,153,LEGACY_BANK
1434,PHYSICS_CHEMISTRY,,254,153,LEGACY_BANK
1435,PHYSICS_CHEMISTRY,,254,153,LEGACY_BANK
1436,PHYSICS_CHEMISTRY,,254,153,LEGACY_BANK
1437,PHYSICS_CHEMISTRY,,254,153,LEGACY_BANK
1438,PHYSICS_CHEMISTRY,,244,148,ARCHIVE_DERIVED
1439,PHYSICS_CHEMISTRY,,244,148,LEGACY_BANK
1440,PHYSICS_CHEMISTRY,,244,148,LEGACY_BANK
1441,PHYSICS_CHEMISTRY,,244,148,ARCHIVE_DERIVED
1442,PHYSICS_CHEMISTRY,,244,148,LEGACY_BANK
1443,PHYSICS_CHEMISTRY,,244,148,ARCHIVE_DERIVED
1444,PHYSICS_CHEMISTRY,,244,148,ARCHIVE_DERIVED
1445,PHYSICS_CHEMISTRY,,244,148,LEGACY_BANK
1446,PHYSICS_CHEMISTRY,,244,148,LEGACY_BANK
1447,PHYSICS_CHEMISTRY,,244,148,ARCHIVE_DERIVED
1448,PHYSICS_CHEMISTRY,,244,148,LEGACY_BANK
1449,PHYSICS_CHEMISTRY,,244,148,LEGACY_BANK
1450,PHYSICS_CHEMISTRY,,244,148,LEGACY_BANK
1451,PHYSICS_CHEMISTRY,,244,148,LEGACY_BANK
1452,PHYSICS_CHEMISTRY,,244,148,LEGACY_BANK
1453,PHYSICS_CHEMISTRY,,244,148,LEGACY_BANK
1454,PHYSICS_CHEMISTRY,,244,148,LEGACY_BANK
1455,PHYSICS_CHEMISTRY,,244,148,LEGACY_BANK
1456,PHYSICS_CHEMISTRY,,244,148,LEGACY_BANK
1457,PHYSICS_CHEMISTRY,,244,148,LEGACY_BANK
1458,PHYSICS_CHEMISTRY,,246,149,ARCHIVE_DERIVED
1459,PHYSICS_CHEMISTRY,,246,149,LEGACY_BANK
1460,PHYSICS_CHEMISTRY,,246,149,LEGACY_BANK
1461,PHYSICS_CHEMISTRY,,246,149,ARCHIVE_DERIVED
1462,PHYSICS_CHEMISTRY,,246,149,LEGACY_BANK
1463,PHYSICS_CHEMISTRY,,246,149,ARCHIVE_DERIVED
1464,PHYSICS_CHEMISTRY,,246,149,LEGACY_BANK
1465,PHYSICS_CHEMISTRY,,246,149,LEGACY_BANK
1466,PHYSICS_CHEMISTRY,,246,149,LEGACY_BANK
1467,PHYSICS_CHEMISTRY,,246,149,ARCHIVE_DERIVED
1468,PHYSICS_CHEMISTRY,,246,149,ARCHIVE_DERIVED
1469,PHYSICS_CHEMISTRY,,246,149,LEGACY_BANK
1470,PHYSICS_CHEMISTRY,,246,149,LEGACY_BANK
1471,PHYSICS_CHEMISTRY,,246,149,LEGACY_BANK
1472,PHYSICS_CHEMISTRY,,246,149,LEGACY_BANK
1473,PHYSICS_CHEMISTRY,,246,149,LEGACY_BANK
1474,PHYSICS_CHEMISTRY,,246,149,LEGACY_BANK
1475,PHYSICS_CHEMISTRY,,246,149,LEGACY_BANK
1476,PHYSICS_CHEMISTRY,,246,149,LEGACY_BANK
1477,PHYSICS_CHEMISTRY,,246,149,LEGACY_BANK
1478,PHYSICS_CHEMISTRY,,242,147,ARCHIVE_DERIVED
1479,PHYSICS_CHEMISTRY,,242,147,LEGACY_BANK
1480,PHYSICS_CHEMISTRY,,242,147,LEGACY_BANK
1481,PHYSICS_CHEMISTRY,,242,147,LEGACY_BANK
1482,PHYSICS_CHEMISTRY,,242,147,ARCHIVE_DERIVED
1483,PHYSICS_CHEMISTRY,,242,147,LEGACY_BANK
1484,PHYSICS_CHEMISTRY,,242,147,LEGACY_BANK
1485,PHYSICS_CHEMISTRY,,242,147,ARCHIVE_DERIVED
1486,PHYSICS_CHEMISTRY,,242,147,ARCHIVE_DERIVED
1487,PHYSICS_CHEMISTRY,,242,147,ARCHIVE_DERIVED
1488,PHYSICS_CHEMISTRY,,242,147,LEGACY_BANK
1489,PHYSICS_CHEMISTRY,,242,147,LEGACY_BANK
1490,PHYSICS_CHEMISTRY,,242,147,LEGACY_BANK
1491,PHYSICS_CHEMISTRY,,242,147,LEGACY_BANK
1492,PHYSICS_CHEMISTRY,,242,147,LEGACY_BANK
1493,PHYSICS_CHEMISTRY,,242,147,LEGACY_BANK
1494,PHYSICS_CHEMISTRY,,242,147,LEGACY_BANK
1495,PHYSICS_CHEMISTRY,,242,147,LEGACY_BANK
1496,PHYSICS_CHEMISTRY,,242,147,LEGACY_BANK
1497,PHYSICS_CHEMISTRY,,242,147,LEGACY_BANK
1498,PHYSICS_CHEMISTRY,,256,154,ARCHIVE_DERIVED
1499,PHYSICS_CHEMISTRY,,256,154,LEGACY_BANK
1500,PHYSICS_CHEMISTRY,,256,154,ARCHIVE_DERIVED
1501,PHYSICS_CHEMISTRY,,256,154,LEGACY_BANK
1502,PHYSICS_CHEMISTRY,,256,154,ARCHIVE_DERIVED
1503,PHYSICS_CHEMISTRY,,256,154,LEGACY_BANK
1504,PHYSICS_CHEMISTRY,,256,154,LEGACY_BANK
1505,PHYSICS_CHEMISTRY,,256,154,ARCHIVE_DERIVED
1506,PHYSICS_CHEMISTRY,,256,154,LEGACY_BANK
1507,PHYSICS_CHEMISTRY,,256,154,ARCHIVE_DERIVED
1508,PHYSICS_CHEMISTRY,,256,154,LEGACY_BANK
1509,PHYSICS_CHEMISTRY,,256,154,LEGACY_BANK
1510,PHYSICS_CHEMISTRY,,256,154,LEGACY_BANK
1511,PHYSICS_CHEMISTRY,,256,154,LEGACY_BANK
1512,PHYSICS_CHEMISTRY,,256,154,LEGACY_BANK
1513,PHYSICS_CHEMISTRY,,256,154,LEGACY_BANK
1514,PHYSICS_CHEMISTRY,,256,154,LEGACY_BANK
1515,PHYSICS_CHEMISTRY,,256,154,LEGACY_BANK
1516,PHYSICS_CHEMISTRY,,256,154,LEGACY_BANK
1517,PHYSICS_CHEMISTRY,,256,154,LEGACY_BANK
1518,PHYSICS_CHEMISTRY,,252,152,LEGACY_BANK
1519,PHYSICS_CHEMISTRY,,252,152,ARCHIVE_DERIVED
1520,PHYSICS_CHEMISTRY,,252,152,LEGACY_BANK
1521,PHYSICS_CHEMISTRY,,252,152,LEGACY_BANK
1522,PHYSICS_CHEMISTRY,,252,152,ARCHIVE_DERIVED
1523,PHYSICS_CHEMISTRY,,252,152,LEGACY_BANK
1524,PHYSICS_CHEMISTRY,,252,152,ARCHIVE_DERIVED
1525,PHYSICS_CHEMISTRY,,252,152,ARCHIVE_DERIVED
1526,PHYSICS_CHEMISTRY,,252,152,LEGACY_BANK
1527,PHYSICS_CHEMISTRY,,252,152,ARCHIVE_DERIVED
1528,PHYSICS_CHEMISTRY,,252,152,LEGACY_BANK
1529,PHYSICS_CHEMISTRY,,252,152,ARCHIVE_DERIVED
1530,PHYSICS_CHEMISTRY,,252,152,ARCHIVE_DERIVED
1531,PHYSICS_CHEMISTRY,,252,152,LEGACY_BANK
1532,PHYSICS_CHEMISTRY,,252,152,ARCHIVE_DERIVED
1533,PHYSICS_CHEMISTRY,,252,152,LEGACY_BANK
1534,PHYSICS_CHEMISTRY,,252,152,LEGACY_BANK
1535,PHYSICS_CHEMISTRY,,252,152,LEGACY_BANK
1536,PHYSICS_CHEMISTRY,,252,152,LEGACY_BANK
1537,PHYSICS_CHEMISTRY,,252,152,LEGACY_BANK
1538,PHYSICS_CHEMISTRY,,252,152,LEGACY_BANK
1539,PHYSICS_CHEMISTRY,,252,152,LEGACY_BANK
1540,PHYSICS_CHEMISTRY,,252,152,LEGACY_BANK
1541,PHYSICS_CHEMISTRY,,252,152,LEGACY_BANK
1542,PHYSICS_CHEMISTRY,,252,152,LEGACY_BANK
1543,PHYSICS_CHEMISTRY,,252,152,LEGACY_BANK
1544,PHYSICS_CHEMISTRY,,252,152,LEGACY_BANK
1545,PHYSICS_CHEMISTRY,,252,152,LEGACY_BANK
1546,PHYSICS_CHEMISTRY,,252,152,LEGACY_BANK
1547,PHYSICS_CHEMISTRY,,252,152,LEGACY_BANK
1548,PHYSICS_CHEMISTRY,,250,151,LEGACY_BANK
1549,PHYSICS_CHEMISTRY,,250,151,LEGACY_BANK
1550,PHYSICS_CHEMISTRY,,250,151,LEGACY_BANK
1551,PHYSICS_CHEMISTRY,,250,151,LEGACY_BANK
1552,PHYSICS_CHEMISTRY,,250,151,ARCHIVE_DERIVED
1553,PHYSICS_CHEMISTRY,,250,151,ARCHIVE_DERIVED
1554,PHYSICS_CHEMISTRY,,250,151,LEGACY_BANK
1555,PHYSICS_CHEMISTRY,,250,151,LEGACY_BANK
1556,PHYSICS_CHEMISTRY,,250,151,LEGACY_BANK
1557,PHYSICS_CHEMISTRY,,250,151,LEGACY_BANK
1558,PHYSICS_CHEMISTRY,,250,151,LEGACY_BANK
1559,PHYSICS_CHEMISTRY,,250,151,LEGACY_BANK
1560,PHYSICS_CHEMISTRY,,250,151,LEGACY_BANK
1561,PHYSICS_CHEMISTRY,,250,151,ARCHIVE_DERIVED
1562,PHYSICS_CHEMISTRY,,250,151,LEGACY_BANK
1563,PHYSICS_CHEMISTRY,,250,151,ARCHIVE_DERIVED
1564,PHYSICS_CHEMISTRY,,250,151,LEGACY_BANK
1565,PHYSICS_CHEMISTRY,,250,151,LEGACY_BANK
1566,PHYSICS_CHEMISTRY,,250,151,LEGACY_BANK
1567,PHYSICS_CHEMISTRY,,250,151,LEGACY_BANK
1568,PHYSICS_CHEMISTRY,,250,151,LEGACY_BANK
1569,PHYSICS_CHEMISTRY,,250,151,LEGACY_BANK
1570,PHYSICS_CHEMISTRY,,250,151,ARCHIVE_DERIVED
1571,PHYSICS_CHEMISTRY,,250,151,LEGACY_BANK
1572,PHYSICS_CHEMISTRY,,250,151,LEGACY_BANK
1573,PHYSICS_CHEMISTRY,,250,151,LEGACY_BANK
1574,PHYSICS_CHEMISTRY,,250,151,ARCHIVE_DERIVED
1575,PHYSICS_CHEMISTRY,,250,151,LEGACY_BANK
1576,PHYSICS_CHEMISTRY,,250,151,LEGACY_BANK
1577,PHYSICS_CHEMISTRY,,250,151,LEGACY_BANK
1578,SVT,,266,159,LEGACY_BANK
1579,SVT,,266,159,LEGACY_BANK
1580,SVT,,266,159,LEGACY_BANK
1581,SVT,,266,159,LEGACY_BANK
1582,SVT,,266,159,ARCHIVE_DERIVED
1583,SVT,,266,159,LEGACY_BANK
1584,SVT,,266,159,LEGACY_BANK
1585,SVT,,266,159,ARCHIVE_DERIVED
1586,SVT,,266,159,LEGACY_BANK
1587,SVT,,266,159,ARCHIVE_DERIVED
1588,SVT,,266,159,LEGACY_BANK
1589,SVT,,266,159,LEGACY_BANK
1590,SVT,,266,159,ARCHIVE_DERIVED
1591,SVT,,266,159,LEGACY_BANK
1592,SVT,,266,159,LEGACY_BANK
1593,SVT,,266,159,ARCHIVE_DERIVED
1594,SVT,,266,159,ARCHIVE_DERIVED
1595,SVT,,266,159,ARCHIVE_DERIVED
1596,SVT,,266,159,ARCHIVE_DERIVED
1597,SVT,,266,159,LEGACY_BANK
1598,SVT,,266,159,LEGACY_BANK
1599,SVT,,266,159,LEGACY_BANK
1600,SVT,,266,159,LEGACY_BANK
1601,SVT,,266,159,LEGACY_BANK
1602,SVT,,266,159,LEGACY_BANK
1603,SVT,,266,159,LEGACY_BANK
1604,SVT,,266,159,LEGACY_BANK
1605,SVT,,266,159,LEGACY_BANK
1606,SVT,,266,159,LEGACY_BANK
1607,SVT,,266,159,LEGACY_BANK
1608,SVT,,264,158,ARCHIVE_DERIVED
1609,SVT,,264,158,ARCHIVE_DERIVED
1610,SVT,,264,158,LEGACY_BANK
1611,SVT,,264,158,LEGACY_BANK
1612,SVT,,264,158,ARCHIVE_DERIVED
1613,SVT,,264,158,LEGACY_BANK
1614,SVT,,264,158,LEGACY_BANK
1615,SVT,,264,158,ARCHIVE_DERIVED
1616,SVT,,264,158,ARCHIVE_DERIVED
1617,SVT,,264,158,LEGACY_BANK
1618,SVT,,264,158,LEGACY_BANK
1619,SVT,,264,158,LEGACY_BANK
1620,SVT,,264,158,LEGACY_BANK
1621,SVT,,264,158,LEGACY_BANK
1622,SVT,,264,158,LEGACY_BANK
1623,SVT,,264,158,LEGACY_BANK
1624,SVT,,264,158,LEGACY_BANK
1625,SVT,,264,158,LEGACY_BANK
1626,SVT,,264,158,LEGACY_BANK
1627,SVT,,264,158,LEGACY_BANK
1628,SVT,,262,157,LEGACY_BANK
1629,SVT,,262,157,LEGACY_BANK
1630,SVT,,262,157,ARCHIVE_DERIVED
1631,SVT,,262,157,LEGACY_BANK
1632,SVT,,262,157,ARCHIVE_DERIVED
1633,SVT,,262,157,LEGACY_BANK
1634,SVT,,262,157,LEGACY_BANK
1635,SVT,,262,157,ARCHIVE_DERIVED
1636,SVT,,262,157,LEGACY_BANK
1637,SVT,,262,157,LEGACY_BANK
1638,SVT,,262,157,LEGACY_BANK
1639,SVT,,262,157,LEGACY_BANK
1640,SVT,,262,157,ARCHIVE_DERIVED
1641,SVT,,262,157,ARCHIVE_DERIVED
1642,SVT,,262,157,LEGACY_BANK
1643,SVT,,262,157,LEGACY_BANK
1644,SVT,,262,157,LEGACY_BANK
1645,SVT,,262,157,LEGACY_BANK
1646,SVT,,262,157,LEGACY_BANK
1647,SVT,,262,157,LEGACY_BANK
1648,SVT,,258,155,ARCHIVE_DERIVED
1649,SVT,,258,155,LEGACY_BANK
1650,SVT,,258,155,ARCHIVE_DERIVED
1651,SVT,,258,155,LEGACY_BANK
1652,SVT,,258,155,LEGACY_BANK
1653,SVT,,258,155,ARCHIVE_DERIVED
1654,SVT,,258,155,LEGACY_BANK
1655,SVT,,258,155,LEGACY_BANK
1656,SVT,,258,155,ARCHIVE_DERIVED
1657,SVT,,258,155,LEGACY_BANK
1658,SVT,,258,155,LEGACY_BANK
1659,SVT,,258,155,ARCHIVE_DERIVED
1660,SVT,,258,155,LEGACY_BANK
1661,SVT,,258,155,LEGACY_BANK
1662,SVT,,258,155,LEGACY_BANK
1663,SVT,,258,155,LEGACY_BANK
1664,SVT,,258,155,LEGACY_BANK
1665,SVT,,258,155,LEGACY_BANK
1666,SVT,,258,155,LEGACY_BANK
1667,SVT,,258,155,LEGACY_BANK
1668,SVT,,276,164,LEGACY_BANK
1669,SVT,,276,164,LEGACY_BANK
1670,SVT,,276,164,LEGACY_BANK
1671,SVT,,276,164,LEGACY_BANK
1672,SVT,,276,164,LEGACY_BANK
1673,SVT,,276,164,LEGACY_BANK
1674,SVT,,276,164,LEGACY_BANK
1675,SVT,,276,164,LEGACY_BANK
1676,SVT,,276,164,LEGACY_BANK
1677,SVT,,276,164,LEGACY_BANK
1678,SVT,,276,164,ARCHIVE_DERIVED
1679,SVT,,276,164,ARCHIVE_DERIVED
1680,SVT,,276,164,LEGACY_BANK
1681,SVT,,276,164,LEGACY_BANK
1682,SVT,,276,164,LEGACY_BANK
1683,SVT,,276,164,LEGACY_BANK
1684,SVT,,276,164,LEGACY_BANK
1685,SVT,,276,164,LEGACY_BANK
1686,SVT,,276,164,LEGACY_BANK
1687,SVT,,276,164,ARCHIVE_DERIVED
1688,SVT,,276,164,LEGACY_BANK
1689,SVT,,276,164,LEGACY_BANK
1690,SVT,,276,164,ARCHIVE_DERIVED
1691,SVT,,276,164,LEGACY_BANK
1692,SVT,,276,164,ARCHIVE_DERIVED
1693,SVT,,276,164,LEGACY_BANK
1694,SVT,,276,164,LEGACY_BANK
1695,SVT,,276,164,LEGACY_BANK
1696,SVT,,276,164,LEGACY_BANK
1697,SVT,,276,164,LEGACY_BANK
1698,SVT,,272,162,LEGACY_BANK
1699,SVT,,272,162,LEGACY_BANK
1700,SVT,,272,162,ARCHIVE_DERIVED
1701,SVT,,272,162,LEGACY_BANK
1702,SVT,,272,162,LEGACY_BANK
1703,SVT,,272,162,LEGACY_BANK
1704,SVT,,272,162,LEGACY_BANK
1705,SVT,,272,162,LEGACY_BANK
1706,SVT,,272,162,ARCHIVE_DERIVED
1707,SVT,,272,162,LEGACY_BANK
1708,SVT,,272,162,LEGACY_BANK
1709,SVT,,272,162,LEGACY_BANK
1710,SVT,,272,162,ARCHIVE_DERIVED
1711,SVT,,272,162,ARCHIVE_DERIVED
1712,SVT,,272,162,LEGACY_BANK
1713,SVT,,272,162,ARCHIVE_DERIVED
1714,SVT,,272,162,LEGACY_BANK
1715,SVT,,272,162,LEGACY_BANK
1716,SVT,,272,162,LEGACY_BANK
1717,SVT,,272,162,LEGACY_BANK
1718,SVT,,270,161,LEGACY_BANK
1719,SVT,,270,161,LEGACY_BANK
1720,SVT,,270,161,ARCHIVE_DERIVED
1721,SVT,,270,161,ARCHIVE_DERIVED
1722,SVT,,270,161,LEGACY_BANK
1723,SVT,,270,161,LEGACY_BANK
1724,SVT,,270,161,LEGACY_BANK
1725,SVT,,270,161,ARCHIVE_DERIVED
1726,SVT,,270,161,LEGACY_BANK
1727,SVT,,270,161,ARCHIVE_DERIVED
1728,SVT,,270,161,LEGACY_BANK
1729,SVT,,270,161,LEGACY_BANK
1730,SVT,,270,161,ARCHIVE_DERIVED
1731,SVT,,270,161,LEGACY_BANK
1732,SVT,,270,161,LEGACY_BANK
1733,SVT,,270,161,LEGACY_BANK
1734,SVT,,270,161,LEGACY_BANK
1735,SVT,,270,161,LEGACY_BANK
1736,SVT,,270,161,LEGACY_BANK
1737,SVT,,270,161,LEGACY_BANK
1738,SVT,,274,163,LEGACY_BANK
1739,SVT,,274,163,LEGACY_BANK
1740,SVT,,274,163,ARCHIVE_DERIVED
1741,SVT,,274,163,ARCHIVE_DERIVED
1742,SVT,,274,163,LEGACY_BANK
1743,SVT,,274,163,ARCHIVE_DERIVED
1744,SVT,,274,163,LEGACY_BANK
1745,SVT,,274,163,LEGACY_BANK
1746,SVT,,274,163,LEGACY_BANK
1747,SVT,,274,163,LEGACY_BANK
1748,SVT,,274,163,ARCHIVE_DERIVED
1749,SVT,,274,163,LEGACY_BANK
1750,SVT,,274,163,ARCHIVE_DERIVED
1751,SVT,,274,163,LEGACY_BANK
1752,SVT,,274,163,LEGACY_BANK
1753,SVT,,274,163,LEGACY_BANK
1754,SVT,,274,163,LEGACY_BANK
1755,SVT,,274,163,LEGACY_BANK
1756,SVT,,274,163,LEGACY_BANK
1757,SVT,,274,163,LEGACY_BANK
1758,SVT,,260,156,ARCHIVE_DERIVED
1759,SVT,,260,156,ARCHIVE_DERIVED
1760,SVT,,260,156,LEGACY_BANK
1761,SVT,,260,156,ARCHIVE_DERIVED
1762,SVT,,260,156,LEGACY_BANK
1763,SVT,,260,156,LEGACY_BANK
1764,SVT,,260,156,ARCHIVE_DERIVED
1765,SVT,,260,156,ARCHIVE_DERIVED
1766,SVT,,260,156,LEGACY_BANK
1767,SVT,,260,156,LEGACY_BANK
1768,SVT,,260,156,LEGACY_BANK
1769,SVT,,260,156,LEGACY_BANK
1770,SVT,,260,156,LEGACY_BANK
1771,SVT,,260,156,LEGACY_BANK
1772,SVT,,260,156,LEGACY_BANK
1773,SVT,,260,156,LEGACY_BANK
1774,SVT,,260,156,LEGACY_BANK
1775,SVT,,260,156,LEGACY_BANK
1776,SVT,,260,156,LEGACY_BANK
1777,SVT,,260,156,LEGACY_BANK
1778,SVT,,268,160,LEGACY_BANK
1779,SVT,,268,160,LEGACY_BANK
1780,SVT,,268,160,LEGACY_BANK
1781,SVT,,268,160,LEGACY_BANK
1782,SVT,,268,160,LEGACY_BANK
1783,SVT,,268,160,LEGACY_BANK
1784,SVT,,268,160,LEGACY_BANK
1785,SVT,,268,160,ARCHIVE_DERIVED
1786,SVT,,268,160,LEGACY_BANK
1787,SVT,,268,160,LEGACY_BANK
1788,SVT,,268,160,ARCHIVE_DERIVED
1789,SVT,,268,160,ARCHIVE_DERIVED
1790,SVT,,268,160,LEGACY_BANK
1791,SVT,,268,160,LEGACY_BANK
1792,SVT,,268,160,LEGACY_BANK
1793,SVT,,268,160,ARCHIVE_DERIVED
1794,SVT,,268,160,LEGACY_BANK
1795,SVT,,268,160,LEGACY_BANK
1796,SVT,,268,160,ARCHIVE_DERIVED
1797,SVT,,268,160,LEGACY_BANK
1798,SVT,,268,160,LEGACY_BANK
1799,SVT,,268,160,ARCHIVE_DERIVED
1800,SVT,,268,160,LEGACY_BANK
1801,SVT,,268,160,ARCHIVE_DERIVED
1802,SVT,,268,160,ARCHIVE_DERIVED
1803,SVT,,268,160,LEGACY_BANK
1804,SVT,,268,160,LEGACY_BANK
1805,SVT,,268,160,LEGACY_BANK
1806,SVT,,268,160,LEGACY_BANK
1807,SVT,,268,160,LEGACY_BANK
1808,TECHNOLOGY,,280,166,ARCHIVE_DERIVED
1809,TECHNOLOGY,,280,166,ARCHIVE_DERIVED
1810,TECHNOLOGY,,280,166,LEGACY_BANK
1811,TECHNOLOGY,,280,166,ARCHIVE_DERIVED
1812,TECHNOLOGY,,280,166,ARCHIVE_DERIVED
1813,TECHNOLOGY,,280,166,LEGACY_BANK
1814,TECHNOLOGY,,280,166,ARCHIVE_DERIVED
1815,TECHNOLOGY,,280,166,LEGACY_BANK
1816,TECHNOLOGY,,280,166,LEGACY_BANK
1817,TECHNOLOGY,,280,166,LEGACY_BANK
1818,TECHNOLOGY,,280,166,LEGACY_BANK
1819,TECHNOLOGY,,280,166,LEGACY_BANK
1820,TECHNOLOGY,,280,166,LEGACY_BANK
1821,TECHNOLOGY,,280,166,LEGACY_BANK
1822,TECHNOLOGY,,280,166,LEGACY_BANK
1823,TECHNOLOGY,,280,166,LEGACY_BANK
1824,TECHNOLOGY,,280,166,LEGACY_BANK
1825,TECHNOLOGY,,280,166,LEGACY_BANK
1826,TECHNOLOGY,,280,166,LEGACY_BANK
1827,TECHNOLOGY,,280,166,LEGACY_BANK
1828,TECHNOLOGY,,282,167,ARCHIVE_DERIVED
1829,TECHNOLOGY,,282,167,LEGACY_BANK
1830,TECHNOLOGY,,282,167,LEGACY_BANK
1831,TECHNOLOGY,,282,167,LEGACY_BANK
1832,TECHNOLOGY,,282,167,LEGACY_BANK
1833,TECHNOLOGY,,282,167,ARCHIVE_DERIVED
1834,TECHNOLOGY,,282,167,LEGACY_BANK
1835,TECHNOLOGY,,282,167,LEGACY_BANK
1836,TECHNOLOGY,,282,167,LEGACY_BANK
1837,TECHNOLOGY,,282,167,ARCHIVE_DERIVED
1838,TECHNOLOGY,,282,167,LEGACY_BANK
1839,TECHNOLOGY,,282,167,LEGACY_BANK
1840,TECHNOLOGY,,282,167,LEGACY_BANK
1841,TECHNOLOGY,,282,167,LEGACY_BANK
1842,TECHNOLOGY,,282,167,LEGACY_BANK
1843,TECHNOLOGY,,282,167,LEGACY_BANK
1844,TECHNOLOGY,,282,167,LEGACY_BANK
1845,TECHNOLOGY,,282,167,LEGACY_BANK
1846,TECHNOLOGY,,282,167,LEGACY_BANK
1847,TECHNOLOGY,,282,167,LEGACY_BANK
1848,TECHNOLOGY,,290,171,ARCHIVE_DERIVED
1849,TECHNOLOGY,,290,171,ARCHIVE_DERIVED
1850,TECHNOLOGY,,290,171,LEGACY_BANK
1851,TECHNOLOGY,,290,171,ARCHIVE_DERIVED
1852,TECHNOLOGY,,290,171,LEGACY_BANK
1853,TECHNOLOGY,,290,171,ARCHIVE_DERIVED
1854,TECHNOLOGY,,290,171,LEGACY_BANK
1855,TECHNOLOGY,,290,171,ARCHIVE_DERIVED
1856,TECHNOLOGY,,290,171,LEGACY_BANK
1857,TECHNOLOGY,,290,171,LEGACY_BANK
1858,TECHNOLOGY,,290,171,LEGACY_BANK
1859,TECHNOLOGY,,290,171,LEGACY_BANK
1860,TECHNOLOGY,,290,171,LEGACY_BANK
1861,TECHNOLOGY,,290,171,LEGACY_BANK
1862,TECHNOLOGY,,290,171,LEGACY_BANK
1863,TECHNOLOGY,,290,171,LEGACY_BANK
1864,TECHNOLOGY,,290,171,LEGACY_BANK
1865,TECHNOLOGY,,290,171,LEGACY_BANK
1866,TECHNOLOGY,,290,171,LEGACY_BANK
1867,TECHNOLOGY,,290,171,LEGACY_BANK
1868,TECHNOLOGY,,284,168,LEGACY_BANK
1869,TECHNOLOGY,,284,168,LEGACY_BANK
1870,TECHNOLOGY,,284,168,LEGACY_BANK
1871,TECHNOLOGY,,284,168,LEGACY_BANK
1872,TECHNOLOGY,,284,168,LEGACY_BANK
1873,TECHNOLOGY,,284,168,LEGACY_BANK
1874,TECHNOLOGY,,284,168,LEGACY_BANK
1875,TECHNOLOGY,,284,168,ARCHIVE_DERIVED
1876,TECHNOLOGY,,284,168,LEGACY_BANK
1877,TECHNOLOGY,,284,168,LEGACY_BANK
1878,TECHNOLOGY,,284,168,LEGACY_BANK
1879,TECHNOLOGY,,284,168,LEGACY_BANK
1880,TECHNOLOGY,,284,168,LEGACY_BANK
1881,TECHNOLOGY,,284,168,LEGACY_BANK
1882,TECHNOLOGY,,284,168,LEGACY_BANK
1883,TECHNOLOGY,,284,168,LEGACY_BANK
1884,TECHNOLOGY,,284,168,ARCHIVE_DERIVED
1885,TECHNOLOGY,,284,168,ARCHIVE_DERIVED
1886,TECHNOLOGY,,284,168,LEGACY_BANK
1887,TECHNOLOGY,,284,168,LEGACY_BANK
1888,TECHNOLOGY,,286,169,ARCHIVE_DERIVED
1889,TECHNOLOGY,,286,169,ARCHIVE_DERIVED
1890,TECHNOLOGY,,286,169,LEGACY_BANK
1891,TECHNOLOGY,,286,169,LEGACY_BANK
1892,TECHNOLOGY,,286,169,ARCHIVE_DERIVED
1893,TECHNOLOGY,,286,169,LEGACY_BANK
1894,TECHNOLOGY,,286,169,LEGACY_BANK
1895,TECHNOLOGY,,286,169,ARCHIVE_DERIVED
1896,TECHNOLOGY,,286,169,ARCHIVE_DERIVED
1897,TECHNOLOGY,,286,169,LEGACY_BANK
1898,TECHNOLOGY,,286,169,LEGACY_BANK
1899,TECHNOLOGY,,286,169,LEGACY_BANK
1900,TECHNOLOGY,,286,169,LEGACY_BANK
1901,TECHNOLOGY,,286,169,LEGACY_BANK
1902,TECHNOLOGY,,286,169,LEGACY_BANK
1903,TECHNOLOGY,,286,169,LEGACY_BANK
1904,TECHNOLOGY,,286,169,LEGACY_BANK
1905,TECHNOLOGY,,286,169,LEGACY_BANK
1906,TECHNOLOGY,,286,169,LEGACY_BANK
1907,TECHNOLOGY,,286,169,LEGACY_BANK
1908,TECHNOLOGY,,288,170,LEGACY_BANK
1909,TECHNOLOGY,,288,170,ARCHIVE_DERIVED
1910,TECHNOLOGY,,288,170,LEGACY_BANK
1911,TECHNOLOGY,,288,170,LEGACY_BANK
1912,TECHNOLOGY,,288,170,LEGACY_BANK
1913,TECHNOLOGY,,288,170,LEGACY_BANK
1914,TECHNOLOGY,,288,170,LEGACY_BANK
1915,TECHNOLOGY,,288,170,ARCHIVE_DERIVED
1916,TECHNOLOGY,,288,170,LEGACY_BANK
1917,TECHNOLOGY,,288,170,ARCHIVE_DERIVED
1918,TECHNOLOGY,,288,170,ARCHIVE_DERIVED
1919,TECHNOLOGY,,288,170,LEGACY_BANK
1920,TECHNOLOGY,,288,170,ARCHIVE_DERIVED
1921,TECHNOLOGY,,288,170,LEGACY_BANK
1922,TECHNOLOGY,,288,170,LEGACY_BANK
1923,TECHNOLOGY,,288,170,LEGACY_BANK
1924,TECHNOLOGY,,288,170,LEGACY_BANK
1925,TECHNOLOGY,,288,170,LEGACY_BANK
1926,TECHNOLOGY,,288,170,LEGACY_BANK
1927,TECHNOLOGY,,288,170,LEGACY_BANK
1954,FRENCH,,87,82,ARCHIVE_DERIVED
1955,FRENCH,,87,82,ARCHIVE_DERIVED
1956,FRENCH,,87,82,ARCHIVE_DERIVED
1957,MATHEMATICS,,107,91,ARCHIVE_DERIVED
1958,MATHEMATICS,,107,91,ARCHIVE_DERIVED
1959,MATHEMATICS,,107,91,ARCHIVE_DERIVED
1960,MATHEMATICS,,107,91,ARCHIVE_DERIVED
1961,MATHEMATICS,,107,91,ARCHIVE_DERIVED
1962,HISTORY,,181,119,ARCHIVE_DERIVED
1963,HISTORY,,181,119,ARCHIVE_DERIVED
1964,EMC,,238,145,ARCHIVE_DERIVED
1965,EMC,,222,137,ARCHIVE_DERIVED
1966,PHYSICS_CHEMISTRY,,250,151,ARCHIVE_DERIVED
1967,PHYSICS_CHEMISTRY,,250,151,ARCHIVE_DERIVED
1968,SVT,,276,164,ARCHIVE_DERIVED
1969,SVT,,276,164,ARCHIVE_DERIVED
1970,SVT,,276,164,ARCHIVE_DERIVED
1971,TECHNOLOGY,,282,167,ARCHIVE_DERIVED
1972,TECHNOLOGY,,282,167,ARCHIVE_DERIVED
1973,TECHNOLOGY,,284,168,ARCHIVE_DERIVED
1974,TECHNOLOGY,,284,168,ARCHIVE_DERIVED
1979,MATHEMATICS,,107,91,OFFICIAL_ARCHIVE
1980,MATHEMATICS,,107,91,OFFICIAL_ARCHIVE
1981,MATHEMATICS,,107,91,OFFICIAL_ARCHIVE
1982,MATHEMATICS,,107,91,ARCHIVE_DERIVED
1983,MATHEMATICS,,107,91,ARCHIVE_DERIVED
1984,MATHEMATICS,,107,91,ARCHIVE_DERIVED
1985,MATHEMATICS,,107,91,ARCHIVE_DERIVED
1986,MATHEMATICS,,107,91,ARCHIVE_DERIVED
1987,MATHEMATICS,,107,91,ARCHIVE_DERIVED
1988,PHYSICS_CHEMISTRY,,244,148,OFFICIAL_ARCHIVE
1989,FRENCH,,92,84,OFFICIAL_ARCHIVE
1990,FRENCH,,92,84,OFFICIAL_ARCHIVE
1991,FRENCH,,92,84,OFFICIAL_ARCHIVE
1992,FRENCH,,92,84,OFFICIAL_ARCHIVE
1993,FRENCH,,92,84,OFFICIAL_ARCHIVE
1994,FRENCH,,92,84,OFFICIAL_ARCHIVE
1995,FRENCH,,92,84,OFFICIAL_ARCHIVE
1996,FRENCH,,79,79,OFFICIAL_ARCHIVE
1997,FRENCH,,79,79,OFFICIAL_ARCHIVE
1998,FRENCH,,79,79,OFFICIAL_ARCHIVE
1999,FRENCH,,103,89,OFFICIAL_ARCHIVE
2000,FRENCH,,93,84,OFFICIAL_ARCHIVE
2001,FRENCH,,103,89,OFFICIAL_ARCHIVE
2002,FRENCH,,103,89,OFFICIAL_ARCHIVE
2003,FRENCH,,103,89,OFFICIAL_ARCHIVE
2004,FRENCH,,92,84,OFFICIAL_ARCHIVE
2005,FRENCH,,92,84,OFFICIAL_ARCHIVE
2006,FRENCH,,92,84,OFFICIAL_ARCHIVE
2007,FRENCH,,92,84,OFFICIAL_ARCHIVE
2008,FRENCH,,79,79,OFFICIAL_ARCHIVE
2009,FRENCH,,92,84,OFFICIAL_ARCHIVE
2010,FRENCH,,92,84,OFFICIAL_ARCHIVE
2011,FRENCH,,92,84,OFFICIAL_ARCHIVE
2012,FRENCH,,92,84,OFFICIAL_ARCHIVE
2013,FRENCH,,92,84,OFFICIAL_ARCHIVE
2014,FRENCH,,92,84,OFFICIAL_ARCHIVE
2015,FRENCH,,92,84,OFFICIAL_ARCHIVE
2016,FRENCH,,92,84,OFFICIAL_ARCHIVE
2017,FRENCH,,92,84,OFFICIAL_ARCHIVE
2018,FRENCH,,92,84,OFFICIAL_ARCHIVE
2019,FRENCH,,84,81,OFFICIAL_ARCHIVE
2020,FRENCH,,84,81,OFFICIAL_ARCHIVE
2021,FRENCH,,84,81,OFFICIAL_ARCHIVE
2022,FRENCH,,92,84,OFFICIAL_ARCHIVE
2023,FRENCH,,92,84,OFFICIAL_ARCHIVE
2024,FRENCH,,92,84,OFFICIAL_ARCHIVE
2025,FRENCH,,92,84,OFFICIAL_ARCHIVE
2026,FRENCH,,92,84,OFFICIAL_ARCHIVE
2027,FRENCH,,92,84,OFFICIAL_ARCHIVE
2028,FRENCH,,92,84,OFFICIAL_ARCHIVE
2029,FRENCH,,92,84,OFFICIAL_ARCHIVE
2030,FRENCH,,92,84,OFFICIAL_ARCHIVE
2031,FRENCH,,92,84,OFFICIAL_ARCHIVE
2032,FRENCH,,92,84,OFFICIAL_ARCHIVE
2033,FRENCH,,92,84,OFFICIAL_ARCHIVE
2034,FRENCH,,92,84,OFFICIAL_ARCHIVE
2035,FRENCH,,92,84,OFFICIAL_ARCHIVE
2036,PHYSICS_CHEMISTRY,,248,150,OFFICIAL_ARCHIVE
2037,MATHEMATICS,,146,106,OFFICIAL_ARCHIVE
2038,MATHEMATICS,,146,106,OFFICIAL_ARCHIVE
2039,MATHEMATICS,,146,106,OFFICIAL_ARCHIVE
2040,MATHEMATICS,,146,106,OFFICIAL_ARCHIVE
2041,MATHEMATICS,,146,106,OFFICIAL_ARCHIVE
2042,MATHEMATICS,,136,102,OFFICIAL_ARCHIVE
2043,MATHEMATICS,,146,106,OFFICIAL_ARCHIVE
2044,MATHEMATICS,,146,106,OFFICIAL_ARCHIVE
2045,MATHEMATICS,,141,104,OFFICIAL_ARCHIVE
2046,MATHEMATICS,,146,106,OFFICIAL_ARCHIVE
2047,MATHEMATICS,,146,106,OFFICIAL_ARCHIVE
2048,MATHEMATICS,,121,96,OFFICIAL_ARCHIVE
1988,PHYSICS_CHEMISTRY,,256,154,OFFICIAL_ARCHIVE
1989,FRENCH,,84,81,OFFICIAL_ARCHIVE
1990,FRENCH,,84,81,OFFICIAL_ARCHIVE
1991,FRENCH,,84,81,OFFICIAL_ARCHIVE
1992,FRENCH,,84,81,OFFICIAL_ARCHIVE
1993,FRENCH,,84,81,OFFICIAL_ARCHIVE
1994,FRENCH,,84,81,OFFICIAL_ARCHIVE
2005,FRENCH,,89,83,OFFICIAL_ARCHIVE
2009,FRENCH,,84,81,OFFICIAL_ARCHIVE
2026,FRENCH,,84,81,OFFICIAL_ARCHIVE
2027,FRENCH,,84,81,OFFICIAL_ARCHIVE
2028,FRENCH,,84,81,OFFICIAL_ARCHIVE
2029,FRENCH,,84,81,OFFICIAL_ARCHIVE
2030,FRENCH,,84,81,OFFICIAL_ARCHIVE
2035,FRENCH,,84,81,OFFICIAL_ARCHIVE
2036,PHYSICS_CHEMISTRY,,250,151,OFFICIAL_ARCHIVE
2038,MATHEMATICS,,121,96,OFFICIAL_ARCHIVE
2042,MATHEMATICS,,146,106,OFFICIAL_ARCHIVE
2045,MATHEMATICS,,146,106,OFFICIAL_ARCHIVE
2049,MATHEMATICS,,121,96,OFFICIAL_ARCHIVE
2050,MATHEMATICS,,121,96,OFFICIAL_ARCHIVE
2051,MATHEMATICS,,121,96,OFFICIAL_ARCHIVE
2052,MATHEMATICS,,121,96,OFFICIAL_ARCHIVE
2053,MATHEMATICS,,121,96,OFFICIAL_ARCHIVE
2054,MATHEMATICS,,121,96,OFFICIAL_ARCHIVE
2055,MATHEMATICS,,121,96,OFFICIAL_ARCHIVE
2056,MATHEMATICS,,107,91,OFFICIAL_ARCHIVE
2057,MATHEMATICS,,107,91,OFFICIAL_ARCHIVE
2058,MATHEMATICS,,107,91,OFFICIAL_ARCHIVE
2059,MATHEMATICS,,107,91,OFFICIAL_ARCHIVE
2060,MATHEMATICS,,107,91,OFFICIAL_ARCHIVE
2061,MATHEMATICS,,107,91,OFFICIAL_ARCHIVE
2062,MATHEMATICS,,121,96,OFFICIAL_ARCHIVE
2063,MATHEMATICS,,121,96,OFFICIAL_ARCHIVE
2064,MATHEMATICS,,107,91,OFFICIAL_ARCHIVE
2065,MATHEMATICS,,146,106,OFFICIAL_ARCHIVE
2066,MATHEMATICS,,146,106,OFFICIAL_ARCHIVE
2067,FRENCH,,92,84,OFFICIAL_ARCHIVE
2068,FRENCH,,83,80,OFFICIAL_ARCHIVE
2069,FRENCH,,83,80,OFFICIAL_ARCHIVE
2070,FRENCH,,83,80,OFFICIAL_ARCHIVE
2071,FRENCH,,83,80,OFFICIAL_ARCHIVE
2072,FRENCH,,79,79,OFFICIAL_ARCHIVE
2073,FRENCH,,79,79,OFFICIAL_ARCHIVE
2074,FRENCH,,92,84,OFFICIAL_ARCHIVE
2075,FRENCH,,92,84,OFFICIAL_ARCHIVE
2076,FRENCH,,92,84,OFFICIAL_ARCHIVE
2077,FRENCH,,92,84,OFFICIAL_ARCHIVE
2078,FRENCH,,92,84,OFFICIAL_ARCHIVE
2079,FRENCH,,103,89,OFFICIAL_ARCHIVE
2080,FRENCH,,103,89,OFFICIAL_ARCHIVE
2081,FRENCH,,103,89,OFFICIAL_ARCHIVE
2082,FRENCH,,103,89,OFFICIAL_ARCHIVE
2083,FRENCH,,103,89,OFFICIAL_ARCHIVE
2084,FRENCH,,103,89,OFFICIAL_ARCHIVE
2085,FRENCH,,103,89,OFFICIAL_ARCHIVE
2086,FRENCH,,103,89,OFFICIAL_ARCHIVE
2087,FRENCH,,103,89,OFFICIAL_ARCHIVE
2088,FRENCH,,103,89,OFFICIAL_ARCHIVE
2089,FRENCH,,103,89,OFFICIAL_ARCHIVE
2090,FRENCH,,103,89,OFFICIAL_ARCHIVE
2091,FRENCH,,103,89,OFFICIAL_ARCHIVE
2092,FRENCH,,103,89,OFFICIAL_ARCHIVE
2093,FRENCH,,103,89,OFFICIAL_ARCHIVE
2094,FRENCH,,103,89,OFFICIAL_ARCHIVE
2095,FRENCH,,89,83,OFFICIAL_ARCHIVE
2096,FRENCH,,89,83,OFFICIAL_ARCHIVE
2097,FRENCH,,89,83,OFFICIAL_ARCHIVE
2098,FRENCH,,89,83,OFFICIAL_ARCHIVE
2099,FRENCH,,89,83,OFFICIAL_ARCHIVE
2100,FRENCH,,89,83,OFFICIAL_ARCHIVE
2101,FRENCH,,89,83,OFFICIAL_ARCHIVE
2102,FRENCH,,89,83,OFFICIAL_ARCHIVE
2103,FRENCH,,89,83,OFFICIAL_ARCHIVE
2104,FRENCH,,89,83,OFFICIAL_ARCHIVE
2105,FRENCH,,89,83,OFFICIAL_ARCHIVE
2106,FRENCH,,89,83,OFFICIAL_ARCHIVE
2107,FRENCH,,89,83,OFFICIAL_ARCHIVE
2108,FRENCH,,89,83,OFFICIAL_ARCHIVE
2109,FRENCH,,79,79,OFFICIAL_ARCHIVE
2110,FRENCH,,79,79,OFFICIAL_ARCHIVE
2111,FRENCH,,79,79,OFFICIAL_ARCHIVE
2112,FRENCH,,79,79,OFFICIAL_ARCHIVE
2113,FRENCH,,79,79,OFFICIAL_ARCHIVE
2114,FRENCH,,79,79,OFFICIAL_ARCHIVE
2115,FRENCH,,92,84,OFFICIAL_ARCHIVE
2116,FRENCH,,79,79,OFFICIAL_ARCHIVE
2117,FRENCH,,103,89,OFFICIAL_ARCHIVE
2118,FRENCH,,79,79,OFFICIAL_ARCHIVE
2119,FRENCH,,79,79,OFFICIAL_ARCHIVE
2120,FRENCH,,92,84,OFFICIAL_ARCHIVE
2121,MATHEMATICS,,131,100,OFFICIAL_ARCHIVE
2122,MATHEMATICS,,107,91,OFFICIAL_ARCHIVE
2123,MATHEMATICS,,107,91,OFFICIAL_ARCHIVE
2124,MATHEMATICS,,107,91,OFFICIAL_ARCHIVE
2125,MATHEMATICS,,107,91,OFFICIAL_ARCHIVE
2126,MATHEMATICS,,146,106,OFFICIAL_ARCHIVE
2127,MATHEMATICS,,107,91,OFFICIAL_ARCHIVE
2128,MATHEMATICS,,121,96,OFFICIAL_ARCHIVE
2129,MATHEMATICS,,121,96,OFFICIAL_ARCHIVE
2130,MATHEMATICS,,121,96,OFFICIAL_ARCHIVE
2131,MATHEMATICS,,121,96,OFFICIAL_ARCHIVE
2132,MATHEMATICS,,121,96,OFFICIAL_ARCHIVE
2133,MATHEMATICS,,107,91,OFFICIAL_ARCHIVE
2134,MATHEMATICS,,107,91,OFFICIAL_ARCHIVE
2135,MATHEMATICS,,107,91,OFFICIAL_ARCHIVE
2136,MATHEMATICS,,141,104,OFFICIAL_ARCHIVE
2137,MATHEMATICS,,141,104,OFFICIAL_ARCHIVE
2138,MATHEMATICS,,107,91,OFFICIAL_ARCHIVE
2139,MATHEMATICS,,121,96,OFFICIAL_ARCHIVE
2140,MATHEMATICS,,141,104,OFFICIAL_ARCHIVE
2141,MATHEMATICS,,141,104,OFFICIAL_ARCHIVE
2142,MATHEMATICS,,107,91,OFFICIAL_ARCHIVE
2143,MATHEMATICS,,107,91,OFFICIAL_ARCHIVE
2144,MATHEMATICS,,121,96,OFFICIAL_ARCHIVE
2145,MATHEMATICS,,107,91,OFFICIAL_ARCHIVE
2146,MATHEMATICS,,107,91,OFFICIAL_ARCHIVE
2147,MATHEMATICS,,107,91,OFFICIAL_ARCHIVE
2148,MATHEMATICS,,107,91,OFFICIAL_ARCHIVE
2149,MATHEMATICS,,107,91,OFFICIAL_ARCHIVE
2150,MATHEMATICS,,107,91,OFFICIAL_ARCHIVE
2151,MATHEMATICS,,107,91,OFFICIAL_ARCHIVE
2152,MATHEMATICS,,107,91,OFFICIAL_ARCHIVE
2153,PHYSICS_CHEMISTRY,,252,152,OFFICIAL_ARCHIVE
2154,FRENCH,,89,83,OFFICIAL_ARCHIVE
2155,FRENCH,,89,83,OFFICIAL_ARCHIVE
2156,FRENCH,,89,83,OFFICIAL_ARCHIVE
2157,FRENCH,,89,83,OFFICIAL_ARCHIVE
2158,FRENCH,,89,83,OFFICIAL_ARCHIVE
2159,FRENCH,,89,83,OFFICIAL_ARCHIVE
2160,FRENCH,,89,83,OFFICIAL_ARCHIVE
2161,FRENCH,,89,83,OFFICIAL_ARCHIVE
2162,FRENCH,,89,83,OFFICIAL_ARCHIVE
2163,FRENCH,,89,83,OFFICIAL_ARCHIVE
2164,FRENCH,,89,83,OFFICIAL_ARCHIVE
2165,HISTORY,,206,129,OFFICIAL_ARCHIVE
2166,HISTORY,,206,129,OFFICIAL_ARCHIVE
2167,HISTORY,,206,129,OFFICIAL_ARCHIVE
2168,HISTORY,,206,129,OFFICIAL_ARCHIVE
2169,HISTORY,,206,129,OFFICIAL_ARCHIVE
2170,HISTORY,,206,129,OFFICIAL_ARCHIVE
2171,HISTORY,,189,122,OFFICIAL_ARCHIVE
2172,HISTORY,,189,122,OFFICIAL_ARCHIVE
2173,HISTORY,,186,120,OFFICIAL_ARCHIVE
2174,HISTORY,,186,120,OFFICIAL_ARCHIVE
2175,HISTORY,,186,120,OFFICIAL_ARCHIVE
2176,HISTORY,,186,120,OFFICIAL_ARCHIVE
2177,HISTORY,,181,119,OFFICIAL_ARCHIVE
2178,MATHEMATICS,,146,106,OFFICIAL_ARCHIVE
2179,MATHEMATICS,,146,106,OFFICIAL_ARCHIVE
2180,MATHEMATICS,,113,93,OFFICIAL_ARCHIVE
2181,MATHEMATICS,,141,104,OFFICIAL_ARCHIVE
2182,MATHEMATICS,,107,91,OFFICIAL_ARCHIVE
2183,MATHEMATICS,,121,96,OFFICIAL_ARCHIVE
2184,MATHEMATICS,,146,106,OFFICIAL_ARCHIVE
2185,MATHEMATICS,,146,106,OFFICIAL_ARCHIVE
2186,MATHEMATICS,,146,106,OFFICIAL_ARCHIVE
2187,MATHEMATICS,,113,93,OFFICIAL_ARCHIVE
2188,MATHEMATICS,,146,106,OFFICIAL_ARCHIVE
2189,MATHEMATICS,,146,106,OFFICIAL_ARCHIVE
2190,MATHEMATICS,,113,93,OFFICIAL_ARCHIVE
2191,MATHEMATICS,,113,93,OFFICIAL_ARCHIVE
2192,MATHEMATICS,,146,106,OFFICIAL_ARCHIVE
2193,MATHEMATICS,,146,106,OFFICIAL_ARCHIVE
2194,MATHEMATICS,,107,91,OFFICIAL_ARCHIVE
2195,MATHEMATICS,,136,102,OFFICIAL_ARCHIVE
2196,MATHEMATICS,,136,102,OFFICIAL_ARCHIVE
2197,MATHEMATICS,,107,91,OFFICIAL_ARCHIVE
2198,MATHEMATICS,,141,104,OFFICIAL_ARCHIVE
2199,MATHEMATICS,,170,116,OFFICIAL_ARCHIVE
2200,MATHEMATICS,,170,116,OFFICIAL_ARCHIVE
2201,MATHEMATICS,,170,116,OFFICIAL_ARCHIVE
2202,HISTORY,,181,119,OFFICIAL_ARCHIVE
2203,HISTORY,,181,119,OFFICIAL_ARCHIVE
2204,HISTORY,,181,119,OFFICIAL_ARCHIVE
2205,HISTORY,,181,119,OFFICIAL_ARCHIVE
2206,HISTORY,,181,119,OFFICIAL_ARCHIVE
2207,HISTORY,,181,119,OFFICIAL_ARCHIVE
2208,HISTORY,,188,121,OFFICIAL_ARCHIVE
2209,HISTORY,,188,121,OFFICIAL_ARCHIVE
2210,HISTORY,,205,129,OFFICIAL_ARCHIVE
2211,HISTORY,,205,129,OFFICIAL_ARCHIVE
2212,HISTORY,,207,129,OFFICIAL_ARCHIVE
2213,HISTORY,,205,129,OFFICIAL_ARCHIVE
2214,HISTORY,,205,129,OFFICIAL_ARCHIVE
2215,FRENCH,,92,84,OFFICIAL_ARCHIVE
2216,MATHEMATICS,,107,91,OFFICIAL_ARCHIVE
2217,MATHEMATICS,,107,91,OFFICIAL_ARCHIVE
2218,MATHEMATICS,,136,102,OFFICIAL_ARCHIVE
2219,MATHEMATICS,,146,106,OFFICIAL_ARCHIVE
2220,MATHEMATICS,,121,96,OFFICIAL_ARCHIVE
2221,MATHEMATICS,,121,96,OFFICIAL_ARCHIVE
2222,MATHEMATICS,,121,96,OFFICIAL_ARCHIVE
2223,MATHEMATICS,,107,91,OFFICIAL_ARCHIVE
2224,MATHEMATICS,,121,96,OFFICIAL_ARCHIVE
2225,MATHEMATICS,,107,91,OFFICIAL_ARCHIVE
2226,MATHEMATICS,,107,91,OFFICIAL_ARCHIVE
2227,MATHEMATICS,,141,104,OFFICIAL_ARCHIVE
2228,MATHEMATICS,,129,99,OFFICIAL_ARCHIVE
2229,MATHEMATICS,,107,91,OFFICIAL_ARCHIVE
2230,MATHEMATICS,,107,91,OFFICIAL_ARCHIVE
2231,MATHEMATICS,,107,91,OFFICIAL_ARCHIVE
2232,MATHEMATICS,,107,91,OFFICIAL_ARCHIVE
2233,MATHEMATICS,,107,91,OFFICIAL_ARCHIVE
2234,MATHEMATICS,,107,91,OFFICIAL_ARCHIVE
2235,MATHEMATICS,,107,91,OFFICIAL_ARCHIVE
2236,MATHEMATICS,,146,106,OFFICIAL_ARCHIVE
2237,MATHEMATICS,,146,106,OFFICIAL_ARCHIVE
2238,MATHEMATICS,,146,106,OFFICIAL_ARCHIVE
2239,MATHEMATICS,,146,106,OFFICIAL_ARCHIVE
2240,MATHEMATICS,,107,91,OFFICIAL_ARCHIVE
2241,MATHEMATICS,,107,91,OFFICIAL_ARCHIVE
2242,MATHEMATICS,,107,91,OFFICIAL_ARCHIVE
2243,MATHEMATICS,,107,91,OFFICIAL_ARCHIVE
2244,MATHEMATICS,,107,91,OFFICIAL_ARCHIVE
2245,MATHEMATICS,,107,91,OFFICIAL_ARCHIVE
2246,PHYSICS_CHEMISTRY,,256,154,OFFICIAL_ARCHIVE
2247,FRENCH,,103,89,OFFICIAL_ARCHIVE
2248,FRENCH,,103,89,OFFICIAL_ARCHIVE
2249,FRENCH,,103,89,OFFICIAL_ARCHIVE
2250,FRENCH,,103,89,OFFICIAL_ARCHIVE
2251,FRENCH,,103,89,OFFICIAL_ARCHIVE
2252,FRENCH,,103,89,OFFICIAL_ARCHIVE
2253,FRENCH,,103,89,OFFICIAL_ARCHIVE
2254,FRENCH,,103,89,OFFICIAL_ARCHIVE
2255,FRENCH,,103,89,OFFICIAL_ARCHIVE
2256,FRENCH,,103,89,OFFICIAL_ARCHIVE
2257,FRENCH,,103,89,OFFICIAL_ARCHIVE
2258,FRENCH,,103,89,OFFICIAL_ARCHIVE
2259,FRENCH,,103,89,OFFICIAL_ARCHIVE
2260,FRENCH,,103,89,OFFICIAL_ARCHIVE
2261,FRENCH,,103,89,OFFICIAL_ARCHIVE
2262,FRENCH,,103,89,OFFICIAL_ARCHIVE
2263,FRENCH,,103,89,OFFICIAL_ARCHIVE
2264,FRENCH,,89,83,OFFICIAL_ARCHIVE
2265,FRENCH,,103,89,OFFICIAL_ARCHIVE
2266,FRENCH,,103,89,OFFICIAL_ARCHIVE
2267,FRENCH,,103,89,OFFICIAL_ARCHIVE
2268,FRENCH,,103,89,OFFICIAL_ARCHIVE
2269,FRENCH,,103,89,OFFICIAL_ARCHIVE
2270,FRENCH,,103,89,OFFICIAL_ARCHIVE
2271,FRENCH,,103,89,OFFICIAL_ARCHIVE
2272,FRENCH,,103,89,OFFICIAL_ARCHIVE
2273,FRENCH,,103,89,OFFICIAL_ARCHIVE
2274,FRENCH,,103,89,OFFICIAL_ARCHIVE
2275,FRENCH,,103,89,OFFICIAL_ARCHIVE
2276,FRENCH,,103,89,OFFICIAL_ARCHIVE
2277,FRENCH,,103,89,OFFICIAL_ARCHIVE
2278,FRENCH,,92,84,OFFICIAL_ARCHIVE
2279,MATHEMATICS,,136,102,OFFICIAL_ARCHIVE
2280,MATHEMATICS,,146,106,OFFICIAL_ARCHIVE
2281,MATHEMATICS,,146,106,OFFICIAL_ARCHIVE
2282,MATHEMATICS,,146,106,OFFICIAL_ARCHIVE
2283,MATHEMATICS,,146,106,OFFICIAL_ARCHIVE
2284,MATHEMATICS,,141,104,OFFICIAL_ARCHIVE
2285,MATHEMATICS,,121,96,OFFICIAL_ARCHIVE
2286,MATHEMATICS,,141,104,OFFICIAL_ARCHIVE
2287,MATHEMATICS,,141,104,OFFICIAL_ARCHIVE
2288,MATHEMATICS,,141,104,OFFICIAL_ARCHIVE
2289,MATHEMATICS,,141,104,OFFICIAL_ARCHIVE
2290,MATHEMATICS,,124,97,OFFICIAL_ARCHIVE
2291,MATHEMATICS,,136,102,OFFICIAL_ARCHIVE
2292,MATHEMATICS,,107,91,OFFICIAL_ARCHIVE
2293,MATHEMATICS,,107,91,OFFICIAL_ARCHIVE
2294,MATHEMATICS,,107,91,OFFICIAL_ARCHIVE
2295,MATHEMATICS,,107,91,OFFICIAL_ARCHIVE
2296,MATHEMATICS,,107,91,OFFICIAL_ARCHIVE
2297,MATHEMATICS,,146,106,OFFICIAL_ARCHIVE
2298,MATHEMATICS,,107,91,OFFICIAL_ARCHIVE
2299,MATHEMATICS,,107,91,OFFICIAL_ARCHIVE
2300,MATHEMATICS,,107,91,OFFICIAL_ARCHIVE
2301,FRENCH,,89,83,OFFICIAL_ARCHIVE
2302,FRENCH,,89,83,OFFICIAL_ARCHIVE
2303,FRENCH,,89,83,OFFICIAL_ARCHIVE
2304,FRENCH,,89,83,OFFICIAL_ARCHIVE
2305,FRENCH,,89,83,OFFICIAL_ARCHIVE
2306,FRENCH,,89,83,OFFICIAL_ARCHIVE
2307,FRENCH,,89,83,OFFICIAL_ARCHIVE
2308,FRENCH,,89,83,OFFICIAL_ARCHIVE
2309,FRENCH,,103,89,OFFICIAL_ARCHIVE
2310,FRENCH,,89,83,OFFICIAL_ARCHIVE
2311,FRENCH,,89,83,OFFICIAL_ARCHIVE
2312,FRENCH,,89,83,OFFICIAL_ARCHIVE
2313,FRENCH,,89,83,OFFICIAL_ARCHIVE
2314,FRENCH,,89,83,OFFICIAL_ARCHIVE
2315,FRENCH,,89,83,OFFICIAL_ARCHIVE
2316,FRENCH,,89,83,OFFICIAL_ARCHIVE
2317,FRENCH,,89,83,OFFICIAL_ARCHIVE
2318,FRENCH,,92,84,OFFICIAL_ARCHIVE
2319,FRENCH,,103,89,OFFICIAL_ARCHIVE
2320,FRENCH,,103,89,OFFICIAL_ARCHIVE
2321,FRENCH,,103,89,OFFICIAL_ARCHIVE
2322,FRENCH,,103,89,OFFICIAL_ARCHIVE
2323,FRENCH,,103,89,OFFICIAL_ARCHIVE
2324,FRENCH,,103,89,OFFICIAL_ARCHIVE
2325,FRENCH,,79,79,OFFICIAL_ARCHIVE
2326,FRENCH,,79,79,OFFICIAL_ARCHIVE
2327,FRENCH,,92,84,OFFICIAL_ARCHIVE
2328,FRENCH,,92,84,OFFICIAL_ARCHIVE
2329,FRENCH,,92,84,OFFICIAL_ARCHIVE
2330,FRENCH,,92,84,OFFICIAL_ARCHIVE
2331,FRENCH,,92,84,OFFICIAL_ARCHIVE
2332,FRENCH,,92,84,OFFICIAL_ARCHIVE
2333,FRENCH,,92,84,OFFICIAL_ARCHIVE
2334,MATHEMATICS,,107,91,OFFICIAL_ARCHIVE
2335,MATHEMATICS,,107,91,OFFICIAL_ARCHIVE
2336,MATHEMATICS,,107,91,OFFICIAL_ARCHIVE
2337,MATHEMATICS,,136,102,OFFICIAL_ARCHIVE
2338,MATHEMATICS,,146,106,OFFICIAL_ARCHIVE
2339,MATHEMATICS,,146,106,OFFICIAL_ARCHIVE
2340,MATHEMATICS,,146,106,OFFICIAL_ARCHIVE
2341,MATHEMATICS,,146,106,OFFICIAL_ARCHIVE
2342,MATHEMATICS,,146,106,OFFICIAL_ARCHIVE
2343,MATHEMATICS,,146,106,OFFICIAL_ARCHIVE
2344,MATHEMATICS,,107,91,OFFICIAL_ARCHIVE
2345,MATHEMATICS,,107,91,OFFICIAL_ARCHIVE
2346,MATHEMATICS,,107,91,OFFICIAL_ARCHIVE
2347,MATHEMATICS,,107,91,OFFICIAL_ARCHIVE
2348,MATHEMATICS,,141,104,OFFICIAL_ARCHIVE
2349,MATHEMATICS,,141,104,OFFICIAL_ARCHIVE
2350,MATHEMATICS,,124,97,OFFICIAL_ARCHIVE
2351,MATHEMATICS,,107,91,OFFICIAL_ARCHIVE
2352,MATHEMATICS,,107,91,OFFICIAL_ARCHIVE
2353,MATHEMATICS,,141,104,OFFICIAL_ARCHIVE
2354,MATHEMATICS,,107,91,OFFICIAL_ARCHIVE
2355,MATHEMATICS,,107,91,OFFICIAL_ARCHIVE
2356,MATHEMATICS,,107,91,OFFICIAL_ARCHIVE
2357,MATHEMATICS,,107,91,OFFICIAL_ARCHIVE
2358,MATHEMATICS,,107,91,OFFICIAL_ARCHIVE
2359,MATHEMATICS,,107,91,OFFICIAL_ARCHIVE
2360,FRENCH,,92,84,OFFICIAL_ARCHIVE
2361,FRENCH,,103,89,OFFICIAL_ARCHIVE
2362,FRENCH,,103,89,OFFICIAL_ARCHIVE
2363,FRENCH,,103,89,OFFICIAL_ARCHIVE
2364,FRENCH,,103,89,OFFICIAL_ARCHIVE
2365,FRENCH,,103,89,OFFICIAL_ARCHIVE
2366,FRENCH,,103,89,OFFICIAL_ARCHIVE
2367,FRENCH,,103,89,OFFICIAL_ARCHIVE
2368,FRENCH,,103,89,OFFICIAL_ARCHIVE
2369,FRENCH,,103,89,OFFICIAL_ARCHIVE
2370,FRENCH,,103,89,OFFICIAL_ARCHIVE
2371,FRENCH,,103,89,OFFICIAL_ARCHIVE
2372,FRENCH,,103,89,OFFICIAL_ARCHIVE
2373,FRENCH,,103,89,OFFICIAL_ARCHIVE
2374,FRENCH,,103,89,OFFICIAL_ARCHIVE
2375,FRENCH,,89,83,OFFICIAL_ARCHIVE
2376,FRENCH,,103,89,OFFICIAL_ARCHIVE
2377,FRENCH,,103,89,OFFICIAL_ARCHIVE
2378,FRENCH,,103,89,OFFICIAL_ARCHIVE
2379,FRENCH,,103,89,OFFICIAL_ARCHIVE
2380,FRENCH,,89,83,OFFICIAL_ARCHIVE
2381,FRENCH,,89,83,OFFICIAL_ARCHIVE
2382,FRENCH,,89,83,OFFICIAL_ARCHIVE
2383,FRENCH,,89,83,OFFICIAL_ARCHIVE
2384,FRENCH,,89,83,OFFICIAL_ARCHIVE
2385,FRENCH,,89,83,OFFICIAL_ARCHIVE
2386,FRENCH,,89,83,OFFICIAL_ARCHIVE
2387,FRENCH,,89,83,OFFICIAL_ARCHIVE
2388,FRENCH,,89,83,OFFICIAL_ARCHIVE
2389,FRENCH,,89,83,OFFICIAL_ARCHIVE
2390,FRENCH,,89,83,OFFICIAL_ARCHIVE
2391,FRENCH,,89,83,OFFICIAL_ARCHIVE
2392,FRENCH,,89,83,OFFICIAL_ARCHIVE
2393,FRENCH,,92,84,OFFICIAL_ARCHIVE
2394,FRENCH,,92,84,OFFICIAL_ARCHIVE
2395,FRENCH,,84,81,OFFICIAL_ARCHIVE
2396,FRENCH,,92,84,OFFICIAL_ARCHIVE
2397,FRENCH,,84,81,OFFICIAL_ARCHIVE
2398,FRENCH,,84,81,OFFICIAL_ARCHIVE
2399,FRENCH,,84,81,OFFICIAL_ARCHIVE
2400,FRENCH,,92,84,OFFICIAL_ARCHIVE
2401,FRENCH,,84,81,OFFICIAL_ARCHIVE
2402,FRENCH,,92,84,OFFICIAL_ARCHIVE
2403,FRENCH,,92,84,OFFICIAL_ARCHIVE
2404,FRENCH,,92,84,OFFICIAL_ARCHIVE
2405,FRENCH,,92,84,OFFICIAL_ARCHIVE
2406,FRENCH,,92,84,OFFICIAL_ARCHIVE
2407,FRENCH,,79,79,OFFICIAL_ARCHIVE
2408,FRENCH,,79,79,OFFICIAL_ARCHIVE
2409,FRENCH,,79,79,OFFICIAL_ARCHIVE
2410,FRENCH,,79,79,OFFICIAL_ARCHIVE
2411,FRENCH,,79,79,OFFICIAL_ARCHIVE
2412,FRENCH,,79,79,OFFICIAL_ARCHIVE
2413,FRENCH,,79,79,OFFICIAL_ARCHIVE
2414,FRENCH,,92,84,OFFICIAL_ARCHIVE
2415,FRENCH,,92,84,OFFICIAL_ARCHIVE
2416,FRENCH,,92,84,OFFICIAL_ARCHIVE
2417,FRENCH,,92,84,OFFICIAL_ARCHIVE
2418,FRENCH,,103,89,OFFICIAL_ARCHIVE
2419,FRENCH,,103,89,OFFICIAL_ARCHIVE
2420,FRENCH,,103,89,OFFICIAL_ARCHIVE
2421,FRENCH,,103,89,OFFICIAL_ARCHIVE
2422,FRENCH,,103,89,OFFICIAL_ARCHIVE
2423,FRENCH,,103,89,OFFICIAL_ARCHIVE
2424,FRENCH,,103,89,OFFICIAL_ARCHIVE
2425,FRENCH,,103,89,OFFICIAL_ARCHIVE
2426,FRENCH,,103,89,OFFICIAL_ARCHIVE
2427,FRENCH,,103,89,OFFICIAL_ARCHIVE
2428,FRENCH,,103,89,OFFICIAL_ARCHIVE
2429,FRENCH,,103,89,OFFICIAL_ARCHIVE
2430,FRENCH,,103,89,OFFICIAL_ARCHIVE
2431,FRENCH,,103,89,OFFICIAL_ARCHIVE
2432,FRENCH,,103,89,OFFICIAL_ARCHIVE
2433,FRENCH,,103,89,OFFICIAL_ARCHIVE
2434,FRENCH,,103,89,OFFICIAL_ARCHIVE
2435,FRENCH,,103,89,OFFICIAL_ARCHIVE
2436,FRENCH,,103,89,OFFICIAL_ARCHIVE
2437,FRENCH,,103,89,OFFICIAL_ARCHIVE
2438,FRENCH,,103,89,OFFICIAL_ARCHIVE
2439,FRENCH,,103,89,OFFICIAL_ARCHIVE
2440,FRENCH,,103,89,OFFICIAL_ARCHIVE
2441,FRENCH,,103,89,OFFICIAL_ARCHIVE
2442,FRENCH,,92,84,OFFICIAL_ARCHIVE
2443,FRENCH,,89,83,OFFICIAL_ARCHIVE
2444,FRENCH,,103,89,OFFICIAL_ARCHIVE
2445,FRENCH,,103,89,OFFICIAL_ARCHIVE
2446,FRENCH,,103,89,OFFICIAL_ARCHIVE
2447,FRENCH,,103,89,OFFICIAL_ARCHIVE
2448,FRENCH,,103,89,OFFICIAL_ARCHIVE
2449,FRENCH,,103,89,OFFICIAL_ARCHIVE
2450,FRENCH,,92,84,OFFICIAL_ARCHIVE
2451,FRENCH,,89,83,OFFICIAL_ARCHIVE
2452,FRENCH,,89,83,OFFICIAL_ARCHIVE
2453,FRENCH,,89,83,OFFICIAL_ARCHIVE
2454,FRENCH,,89,83,OFFICIAL_ARCHIVE
2455,FRENCH,,89,83,OFFICIAL_ARCHIVE
2456,FRENCH,,89,83,OFFICIAL_ARCHIVE
2457,FRENCH,,82,80,OFFICIAL_ARCHIVE
2458,FRENCH,,82,80,OFFICIAL_ARCHIVE
2459,FRENCH,,89,83,OFFICIAL_ARCHIVE
2460,FRENCH,,89,83,OFFICIAL_ARCHIVE
2461,FRENCH,,89,83,OFFICIAL_ARCHIVE
2462,FRENCH,,89,83,OFFICIAL_ARCHIVE
2463,FRENCH,,89,83,OFFICIAL_ARCHIVE
2464,FRENCH,,89,83,OFFICIAL_ARCHIVE
2465,FRENCH,,89,83,OFFICIAL_ARCHIVE
2466,FRENCH,,89,83,OFFICIAL_ARCHIVE
2467,FRENCH,,89,83,OFFICIAL_ARCHIVE
2468,FRENCH,,89,83,OFFICIAL_ARCHIVE
2469,FRENCH,,89,83,OFFICIAL_ARCHIVE
2470,FRENCH,,89,83,OFFICIAL_ARCHIVE
2471,FRENCH,,89,83,OFFICIAL_ARCHIVE
2472,FRENCH,,89,83,OFFICIAL_ARCHIVE
2473,FRENCH,,89,83,OFFICIAL_ARCHIVE
2474,FRENCH,,89,83,OFFICIAL_ARCHIVE
2475,MATHEMATICS,,121,96,OFFICIAL_ARCHIVE
2476,MATHEMATICS,,121,96,OFFICIAL_ARCHIVE
2477,MATHEMATICS,,121,96,OFFICIAL_ARCHIVE
2478,MATHEMATICS,,121,96,OFFICIAL_ARCHIVE
2479,MATHEMATICS,,121,96,OFFICIAL_ARCHIVE
2480,MATHEMATICS,,121,96,OFFICIAL_ARCHIVE
2481,MATHEMATICS,,121,96,OFFICIAL_ARCHIVE
2482,MATHEMATICS,,121,96,OFFICIAL_ARCHIVE
2483,FRENCH,,92,84,OFFICIAL_ARCHIVE
2484,FRENCH,,92,84,OFFICIAL_ARCHIVE
2485,FRENCH,,92,84,OFFICIAL_ARCHIVE
2486,FRENCH,,92,84,OFFICIAL_ARCHIVE
2487,FRENCH,,92,84,OFFICIAL_ARCHIVE
2488,FRENCH,,92,84,OFFICIAL_ARCHIVE
2489,FRENCH,,92,84,OFFICIAL_ARCHIVE
2490,FRENCH,,92,84,OFFICIAL_ARCHIVE
2491,FRENCH,,92,84,OFFICIAL_ARCHIVE
2492,FRENCH,,92,84,OFFICIAL_ARCHIVE
2493,FRENCH,,92,84,OFFICIAL_ARCHIVE
2494,FRENCH,,92,84,OFFICIAL_ARCHIVE
2495,FRENCH,,92,84,OFFICIAL_ARCHIVE
2496,MATHEMATICS,,146,106,OFFICIAL_ARCHIVE
2497,MATHEMATICS,,146,106,OFFICIAL_ARCHIVE
2498,MATHEMATICS,,136,102,OFFICIAL_ARCHIVE
2499,MATHEMATICS,,146,106,OFFICIAL_ARCHIVE
2500,MATHEMATICS,,141,104,OFFICIAL_ARCHIVE
2501,MATHEMATICS,,146,106,OFFICIAL_ARCHIVE
2502,MATHEMATICS,,146,106,OFFICIAL_ARCHIVE
2503,MATHEMATICS,,121,96,OFFICIAL_ARCHIVE
2504,MATHEMATICS,,121,96,OFFICIAL_ARCHIVE
2505,MATHEMATICS,,146,106,OFFICIAL_ARCHIVE
2506,MATHEMATICS,,121,96,OFFICIAL_ARCHIVE
2507,MATHEMATICS,,121,96,OFFICIAL_ARCHIVE
2508,MATHEMATICS,,121,96,OFFICIAL_ARCHIVE
2509,MATHEMATICS,,146,106,OFFICIAL_ARCHIVE
2510,MATHEMATICS,,121,96,OFFICIAL_ARCHIVE
2511,MATHEMATICS,,146,106,OFFICIAL_ARCHIVE
2512,MATHEMATICS,,146,106,OFFICIAL_ARCHIVE
2513,MATHEMATICS,,146,106,OFFICIAL_ARCHIVE
2514,MATHEMATICS,,121,96,OFFICIAL_ARCHIVE
2515,MATHEMATICS,,170,116,OFFICIAL_ARCHIVE
2516,MATHEMATICS,,107,91,OFFICIAL_ARCHIVE
2517,PHYSICS_CHEMISTRY,,246,149,OFFICIAL_ARCHIVE
2518,PHYSICS_CHEMISTRY,,256,154,OFFICIAL_ARCHIVE
2519,FRENCH,,92,84,OFFICIAL_ARCHIVE
2520,FRENCH,,93,84,OFFICIAL_ARCHIVE
2521,FRENCH,,93,84,OFFICIAL_ARCHIVE
2522,FRENCH,,93,84,OFFICIAL_ARCHIVE
2523,FRENCH,,93,84,OFFICIAL_ARCHIVE
2524,FRENCH,,93,84,OFFICIAL_ARCHIVE
2525,FRENCH,,79,79,OFFICIAL_ARCHIVE
2526,FRENCH,,92,84,OFFICIAL_ARCHIVE
2527,FRENCH,,92,84,OFFICIAL_ARCHIVE
2528,FRENCH,,92,84,OFFICIAL_ARCHIVE
2529,FRENCH,,92,84,OFFICIAL_ARCHIVE
2530,FRENCH,,92,84,OFFICIAL_ARCHIVE
2531,MATHEMATICS,,136,102,OFFICIAL_ARCHIVE
2532,MATHEMATICS,,121,96,OFFICIAL_ARCHIVE
2533,MATHEMATICS,,107,91,OFFICIAL_ARCHIVE
2534,MATHEMATICS,,107,91,OFFICIAL_ARCHIVE
2535,MATHEMATICS,,107,91,OFFICIAL_ARCHIVE
2536,MATHEMATICS,,146,106,OFFICIAL_ARCHIVE
2537,MATHEMATICS,,121,96,OFFICIAL_ARCHIVE
2538,MATHEMATICS,,121,96,OFFICIAL_ARCHIVE
2539,MATHEMATICS,,121,96,OFFICIAL_ARCHIVE
2540,MATHEMATICS,,121,96,OFFICIAL_ARCHIVE
2541,MATHEMATICS,,121,96,OFFICIAL_ARCHIVE
2542,MATHEMATICS,,129,99,OFFICIAL_ARCHIVE
2543,MATHEMATICS,,141,104,OFFICIAL_ARCHIVE
2544,MATHEMATICS,,141,104,OFFICIAL_ARCHIVE
2545,MATHEMATICS,,141,104,OFFICIAL_ARCHIVE
2546,MATHEMATICS,,141,104,OFFICIAL_ARCHIVE
2547,MATHEMATICS,,141,104,OFFICIAL_ARCHIVE
2548,MATHEMATICS,,141,104,OFFICIAL_ARCHIVE
2549,MATHEMATICS,,107,91,OFFICIAL_ARCHIVE
2550,MATHEMATICS,,107,91,OFFICIAL_ARCHIVE
2551,MATHEMATICS,,107,91,OFFICIAL_ARCHIVE
2552,MATHEMATICS,,107,91,OFFICIAL_ARCHIVE
2553,MATHEMATICS,,107,91,OFFICIAL_ARCHIVE
2554,MATHEMATICS,,136,102,OFFICIAL_ARCHIVE
2555,MATHEMATICS,,107,91,OFFICIAL_ARCHIVE
2556,MATHEMATICS,,121,96,OFFICIAL_ARCHIVE
2557,MATHEMATICS,,107,91,OFFICIAL_ARCHIVE
2558,FRENCH,,103,89,OFFICIAL_ARCHIVE
2559,FRENCH,,103,89,OFFICIAL_ARCHIVE
2560,FRENCH,,103,89,OFFICIAL_ARCHIVE
2561,FRENCH,,103,89,OFFICIAL_ARCHIVE
2562,FRENCH,,103,89,OFFICIAL_ARCHIVE
2563,FRENCH,,103,89,OFFICIAL_ARCHIVE
2564,FRENCH,,103,89,OFFICIAL_ARCHIVE
2565,FRENCH,,103,89,OFFICIAL_ARCHIVE
2566,FRENCH,,103,89,OFFICIAL_ARCHIVE
2567,FRENCH,,103,89,OFFICIAL_ARCHIVE
2568,FRENCH,,103,89,OFFICIAL_ARCHIVE
2569,FRENCH,,103,89,OFFICIAL_ARCHIVE
2570,FRENCH,,103,89,OFFICIAL_ARCHIVE
2571,FRENCH,,103,89,OFFICIAL_ARCHIVE
2572,FRENCH,,103,89,OFFICIAL_ARCHIVE
2573,FRENCH,,103,89,OFFICIAL_ARCHIVE
2574,FRENCH,,103,89,OFFICIAL_ARCHIVE
2575,FRENCH,,103,89,OFFICIAL_ARCHIVE
2576,PHYSICS_CHEMISTRY,,252,152,OFFICIAL_ARCHIVE
2577,MATHEMATICS,,141,104,OFFICIAL_ARCHIVE
2578,MATHEMATICS,,107,91,OFFICIAL_ARCHIVE
2579,MATHEMATICS,,121,96,OFFICIAL_ARCHIVE
2580,MATHEMATICS,,121,96,OFFICIAL_ARCHIVE
2581,MATHEMATICS,,146,106,OFFICIAL_ARCHIVE
2582,MATHEMATICS,,146,106,OFFICIAL_ARCHIVE
2583,MATHEMATICS,,107,91,OFFICIAL_ARCHIVE
2584,MATHEMATICS,,121,96,OFFICIAL_ARCHIVE
2585,MATHEMATICS,,107,91,OFFICIAL_ARCHIVE
2586,MATHEMATICS,,107,91,OFFICIAL_ARCHIVE
2587,MATHEMATICS,,121,96,OFFICIAL_ARCHIVE
2588,MATHEMATICS,,107,91,OFFICIAL_ARCHIVE
2589,MATHEMATICS,,107,91,OFFICIAL_ARCHIVE
2590,MATHEMATICS,,107,91,OFFICIAL_ARCHIVE
2591,MATHEMATICS,,124,97,OFFICIAL_ARCHIVE
2592,MATHEMATICS,,107,91,OFFICIAL_ARCHIVE
2593,MATHEMATICS,,107,91,OFFICIAL_ARCHIVE
2594,MATHEMATICS,,107,91,OFFICIAL_ARCHIVE
2595,MATHEMATICS,,107,91,OFFICIAL_ARCHIVE
2596,MATHEMATICS,,107,91,OFFICIAL_ARCHIVE
2597,MATHEMATICS,,107,91,OFFICIAL_ARCHIVE
2598,MATHEMATICS,,107,91,OFFICIAL_ARCHIVE
2599,MATHEMATICS,,146,106,OFFICIAL_ARCHIVE
2600,MATHEMATICS,,107,91,OFFICIAL_ARCHIVE
2601,FRENCH,,92,84,OFFICIAL_ARCHIVE
2602,FRENCH,,92,84,OFFICIAL_ARCHIVE
2603,FRENCH,,92,84,OFFICIAL_ARCHIVE
2604,FRENCH,,92,84,OFFICIAL_ARCHIVE
2605,FRENCH,,92,84,OFFICIAL_ARCHIVE
2606,FRENCH,,92,84,OFFICIAL_ARCHIVE
2607,FRENCH,,79,79,OFFICIAL_ARCHIVE
2608,FRENCH,,79,79,OFFICIAL_ARCHIVE
2609,FRENCH,,79,79,OFFICIAL_ARCHIVE
2610,FRENCH,,79,79,OFFICIAL_ARCHIVE
2611,FRENCH,,79,79,OFFICIAL_ARCHIVE
2612,FRENCH,,103,89,OFFICIAL_ARCHIVE
2613,FRENCH,,103,89,OFFICIAL_ARCHIVE
2614,FRENCH,,103,89,OFFICIAL_ARCHIVE
2615,FRENCH,,103,89,OFFICIAL_ARCHIVE
2616,FRENCH,,103,89,OFFICIAL_ARCHIVE
2617,FRENCH,,103,89,OFFICIAL_ARCHIVE
2618,FRENCH,,103,89,OFFICIAL_ARCHIVE
2619,FRENCH,,103,89,OFFICIAL_ARCHIVE
2620,FRENCH,,103,89,OFFICIAL_ARCHIVE
2621,FRENCH,,103,89,OFFICIAL_ARCHIVE
2622,FRENCH,,103,89,OFFICIAL_ARCHIVE
2623,FRENCH,,103,89,OFFICIAL_ARCHIVE
2624,FRENCH,,89,83,OFFICIAL_ARCHIVE
2625,FRENCH,,89,83,OFFICIAL_ARCHIVE
2626,FRENCH,,89,83,OFFICIAL_ARCHIVE
2627,FRENCH,,89,83,OFFICIAL_ARCHIVE
2628,FRENCH,,89,83,OFFICIAL_ARCHIVE
2629,FRENCH,,89,83,OFFICIAL_ARCHIVE
2630,FRENCH,,89,83,OFFICIAL_ARCHIVE
2631,FRENCH,,89,83,OFFICIAL_ARCHIVE
2632,FRENCH,,89,83,OFFICIAL_ARCHIVE
2633,FRENCH,,89,83,OFFICIAL_ARCHIVE
2634,FRENCH,,89,83,OFFICIAL_ARCHIVE
2635,FRENCH,,89,83,OFFICIAL_ARCHIVE
2636,FRENCH,,89,83,OFFICIAL_ARCHIVE
2637,FRENCH,,89,83,OFFICIAL_ARCHIVE
2638,FRENCH,,89,83,OFFICIAL_ARCHIVE
2639,FRENCH,,89,83,OFFICIAL_ARCHIVE
2640,FRENCH,,89,83,OFFICIAL_ARCHIVE
2641,MATHEMATICS,,146,106,OFFICIAL_ARCHIVE
2642,MATHEMATICS,,146,106,OFFICIAL_ARCHIVE
2643,MATHEMATICS,,121,96,OFFICIAL_ARCHIVE
2644,MATHEMATICS,,107,91,OFFICIAL_ARCHIVE
2645,MATHEMATICS,,121,96,OFFICIAL_ARCHIVE
2646,MATHEMATICS,,146,106,OFFICIAL_ARCHIVE
2647,MATHEMATICS,,121,96,OFFICIAL_ARCHIVE
2648,MATHEMATICS,,107,91,OFFICIAL_ARCHIVE
2649,MATHEMATICS,,121,96,OFFICIAL_ARCHIVE
2650,MATHEMATICS,,121,96,OFFICIAL_ARCHIVE
2651,MATHEMATICS,,121,96,OFFICIAL_ARCHIVE
2652,MATHEMATICS,,121,96,OFFICIAL_ARCHIVE
2653,MATHEMATICS,,121,96,OFFICIAL_ARCHIVE
2654,MATHEMATICS,,121,96,OFFICIAL_ARCHIVE
2655,MATHEMATICS,,107,91,OFFICIAL_ARCHIVE
2656,MATHEMATICS,,107,91,OFFICIAL_ARCHIVE
2657,MATHEMATICS,,107,91,OFFICIAL_ARCHIVE
2658,MATHEMATICS,,146,106,OFFICIAL_ARCHIVE
2659,MATHEMATICS,,107,91,OFFICIAL_ARCHIVE
2660,MATHEMATICS,,121,96,OFFICIAL_ARCHIVE
2661,MATHEMATICS,,121,96,OFFICIAL_ARCHIVE
2662,MATHEMATICS,,107,91,OFFICIAL_ARCHIVE
2663,MATHEMATICS,,136,102,OFFICIAL_ARCHIVE
2664,MATHEMATICS,,136,102,OFFICIAL_ARCHIVE
2665,MATHEMATICS,,107,91,OFFICIAL_ARCHIVE
2666,MATHEMATICS,,107,91,OFFICIAL_ARCHIVE
2667,MATHEMATICS,,107,91,OFFICIAL_ARCHIVE
2668,MATHEMATICS,,107,91,OFFICIAL_ARCHIVE
2669,MATHEMATICS,,107,91,OFFICIAL_ARCHIVE
2670,MATHEMATICS,,107,91,OFFICIAL_ARCHIVE
2671,FRENCH,,92,84,OFFICIAL_ARCHIVE
2672,PHYSICS_CHEMISTRY,,246,149,OFFICIAL_ARCHIVE
2673,PHYSICS_CHEMISTRY,,240,146,OFFICIAL_ARCHIVE
2674,PHYSICS_CHEMISTRY,,244,148,OFFICIAL_ARCHIVE
2675,PHYSICS_CHEMISTRY,,246,149,OFFICIAL_ARCHIVE
2676,PHYSICS_CHEMISTRY,,244,148,OFFICIAL_ARCHIVE
2677,PHYSICS_CHEMISTRY,,246,149,OFFICIAL_ARCHIVE
2678,PHYSICS_CHEMISTRY,,246,149,OFFICIAL_ARCHIVE
2679,PHYSICS_CHEMISTRY,,256,154,OFFICIAL_ARCHIVE
2680,HISTORY,,194,124,OFFICIAL_ARCHIVE
2681,HISTORY,,189,122,OFFICIAL_ARCHIVE
2682,HISTORY,,189,122,OFFICIAL_ARCHIVE
2683,HISTORY,,189,122,OFFICIAL_ARCHIVE
2684,HISTORY,,189,122,OFFICIAL_ARCHIVE
2685,HISTORY,,189,122,OFFICIAL_ARCHIVE
2686,HISTORY,,188,121,OFFICIAL_ARCHIVE
2687,HISTORY,,181,119,OFFICIAL_ARCHIVE
2688,HISTORY,,181,119,OFFICIAL_ARCHIVE
2689,HISTORY,,181,119,OFFICIAL_ARCHIVE
2690,HISTORY,,181,119,OFFICIAL_ARCHIVE
2691,HISTORY,,181,119,OFFICIAL_ARCHIVE
2692,HISTORY,,181,119,OFFICIAL_ARCHIVE
2693,FRENCH,,103,89,OFFICIAL_ARCHIVE
2694,FRENCH,,103,89,OFFICIAL_ARCHIVE
2695,FRENCH,,103,89,OFFICIAL_ARCHIVE
2696,FRENCH,,103,89,OFFICIAL_ARCHIVE
2697,FRENCH,,103,89,OFFICIAL_ARCHIVE
2698,FRENCH,,103,89,OFFICIAL_ARCHIVE
2699,FRENCH,,103,89,OFFICIAL_ARCHIVE
2700,FRENCH,,103,89,OFFICIAL_ARCHIVE
2701,FRENCH,,103,89,OFFICIAL_ARCHIVE
2702,FRENCH,,103,89,OFFICIAL_ARCHIVE
2703,FRENCH,,103,89,OFFICIAL_ARCHIVE
2704,FRENCH,,103,89,OFFICIAL_ARCHIVE
2705,FRENCH,,103,89,OFFICIAL_ARCHIVE
2706,FRENCH,,103,89,OFFICIAL_ARCHIVE
2707,FRENCH,,103,89,OFFICIAL_ARCHIVE
2708,FRENCH,,103,89,OFFICIAL_ARCHIVE
2709,FRENCH,,103,89,OFFICIAL_ARCHIVE
2710,FRENCH,,103,89,OFFICIAL_ARCHIVE
2711,FRENCH,,103,89,OFFICIAL_ARCHIVE
2712,FRENCH,,103,89,OFFICIAL_ARCHIVE
2713,FRENCH,,103,89,OFFICIAL_ARCHIVE
2714,FRENCH,,103,89,OFFICIAL_ARCHIVE
2715,FRENCH,,103,89,OFFICIAL_ARCHIVE
2716,FRENCH,,103,89,OFFICIAL_ARCHIVE
2717,FRENCH,,103,89,OFFICIAL_ARCHIVE
2718,FRENCH,,103,89,OFFICIAL_ARCHIVE
2719,FRENCH,,103,89,OFFICIAL_ARCHIVE
2720,FRENCH,,103,89,OFFICIAL_ARCHIVE
2721,FRENCH,,103,89,OFFICIAL_ARCHIVE
2722,FRENCH,,103,89,OFFICIAL_ARCHIVE
2723,FRENCH,,103,89,OFFICIAL_ARCHIVE
2724,FRENCH,,103,89,OFFICIAL_ARCHIVE
2725,FRENCH,,103,89,OFFICIAL_ARCHIVE
2726,FRENCH,,103,89,OFFICIAL_ARCHIVE
2727,FRENCH,,103,89,OFFICIAL_ARCHIVE
2728,FRENCH,,103,89,OFFICIAL_ARCHIVE
2729,FRENCH,,103,89,OFFICIAL_ARCHIVE
2730,FRENCH,,103,89,OFFICIAL_ARCHIVE
2731,FRENCH,,103,89,OFFICIAL_ARCHIVE
2732,FRENCH,,103,89,OFFICIAL_ARCHIVE
2733,FRENCH,,103,89,OFFICIAL_ARCHIVE
2734,MATHEMATICS,,121,96,OFFICIAL_ARCHIVE
2735,MATHEMATICS,,121,96,OFFICIAL_ARCHIVE
2736,MATHEMATICS,,121,96,OFFICIAL_ARCHIVE
2737,MATHEMATICS,,146,106,OFFICIAL_ARCHIVE
2738,MATHEMATICS,,107,91,OFFICIAL_ARCHIVE
2739,MATHEMATICS,,121,96,OFFICIAL_ARCHIVE
2740,MATHEMATICS,,107,91,OFFICIAL_ARCHIVE
2741,MATHEMATICS,,121,96,OFFICIAL_ARCHIVE
2742,MATHEMATICS,,107,91,OFFICIAL_ARCHIVE
2743,MATHEMATICS,,121,96,OFFICIAL_ARCHIVE
2744,MATHEMATICS,,141,104,OFFICIAL_ARCHIVE
2745,MATHEMATICS,,107,91,OFFICIAL_ARCHIVE
2746,MATHEMATICS,,141,104,OFFICIAL_ARCHIVE
2747,MATHEMATICS,,124,97,OFFICIAL_ARCHIVE
2748,MATHEMATICS,,141,104,OFFICIAL_ARCHIVE
2749,MATHEMATICS,,141,104,OFFICIAL_ARCHIVE
2750,MATHEMATICS,,124,97,OFFICIAL_ARCHIVE
2751,MATHEMATICS,,124,97,OFFICIAL_ARCHIVE
2752,MATHEMATICS,,107,91,OFFICIAL_ARCHIVE
2753,MATHEMATICS,,121,96,OFFICIAL_ARCHIVE
2754,MATHEMATICS,,131,100,OFFICIAL_ARCHIVE
2755,MATHEMATICS,,136,102,OFFICIAL_ARCHIVE
2756,MATHEMATICS,,107,91,OFFICIAL_ARCHIVE
2757,MATHEMATICS,,107,91,OFFICIAL_ARCHIVE
2758,MATHEMATICS,,107,91,OFFICIAL_ARCHIVE
2759,MATHEMATICS,,107,91,OFFICIAL_ARCHIVE
2760,MATHEMATICS,,107,91,OFFICIAL_ARCHIVE
2761,MATHEMATICS,,107,91,OFFICIAL_ARCHIVE
2762,FRENCH,,103,89,OFFICIAL_ARCHIVE
2763,FRENCH,,103,89,OFFICIAL_ARCHIVE
2764,FRENCH,,103,89,OFFICIAL_ARCHIVE
2765,FRENCH,,103,89,OFFICIAL_ARCHIVE
2766,FRENCH,,103,89,OFFICIAL_ARCHIVE
2767,FRENCH,,103,89,OFFICIAL_ARCHIVE
2768,FRENCH,,103,89,OFFICIAL_ARCHIVE
2769,FRENCH,,103,89,OFFICIAL_ARCHIVE
2770,FRENCH,,103,89,OFFICIAL_ARCHIVE
2771,FRENCH,,103,89,OFFICIAL_ARCHIVE
2772,FRENCH,,103,89,OFFICIAL_ARCHIVE
2773,FRENCH,,103,89,OFFICIAL_ARCHIVE
2774,FRENCH,,103,89,OFFICIAL_ARCHIVE
2775,FRENCH,,103,89,OFFICIAL_ARCHIVE
2776,FRENCH,,103,89,OFFICIAL_ARCHIVE
2777,FRENCH,,103,89,OFFICIAL_ARCHIVE
2778,FRENCH,,103,89,OFFICIAL_ARCHIVE
2779,HISTORY,,207,129,OFFICIAL_ARCHIVE
2780,HISTORY,,207,129,OFFICIAL_ARCHIVE
2781,HISTORY,,207,129,OFFICIAL_ARCHIVE
2782,HISTORY,,207,129,OFFICIAL_ARCHIVE
2783,HISTORY,,207,129,OFFICIAL_ARCHIVE
2784,HISTORY,,181,119,OFFICIAL_ARCHIVE
2785,HISTORY,,181,119,OFFICIAL_ARCHIVE
2786,HISTORY,,181,119,OFFICIAL_ARCHIVE
2787,HISTORY,,181,119,OFFICIAL_ARCHIVE
2788,HISTORY,,181,119,OFFICIAL_ARCHIVE
2789,HISTORY,,181,119,OFFICIAL_ARCHIVE
2790,HISTORY,,181,119,OFFICIAL_ARCHIVE
2791,HISTORY,,181,119,OFFICIAL_ARCHIVE
2792,HISTORY,,189,122,OFFICIAL_ARCHIVE
2793,HISTORY,,181,119,OFFICIAL_ARCHIVE
2794,PHYSICS_CHEMISTRY,,252,152,OFFICIAL_ARCHIVE
2795,HISTORY,,207,129,OFFICIAL_ARCHIVE
2796,HISTORY,,207,129,OFFICIAL_ARCHIVE
2797,HISTORY,,207,129,OFFICIAL_ARCHIVE
2798,HISTORY,,207,129,OFFICIAL_ARCHIVE
2799,HISTORY,,207,129,OFFICIAL_ARCHIVE
2800,HISTORY,,181,119,OFFICIAL_ARCHIVE
2801,HISTORY,,181,119,OFFICIAL_ARCHIVE
2802,HISTORY,,205,129,OFFICIAL_ARCHIVE
2803,HISTORY,,205,129,OFFICIAL_ARCHIVE
2804,HISTORY,,205,129,OFFICIAL_ARCHIVE
2805,HISTORY,,205,129,OFFICIAL_ARCHIVE
2806,HISTORY,,205,129,OFFICIAL_ARCHIVE
2807,PHYSICS_CHEMISTRY,,256,154,OFFICIAL_ARCHIVE
2808,HISTORY,,205,129,OFFICIAL_ARCHIVE
2809,HISTORY,,205,129,OFFICIAL_ARCHIVE
2810,HISTORY,,205,129,OFFICIAL_ARCHIVE
2811,HISTORY,,205,129,OFFICIAL_ARCHIVE
2812,HISTORY,,205,129,OFFICIAL_ARCHIVE
2813,HISTORY,,181,119,OFFICIAL_ARCHIVE
2814,HISTORY,,205,129,OFFICIAL_ARCHIVE
2815,HISTORY,,181,119,OFFICIAL_ARCHIVE
2816,HISTORY,,181,119,OFFICIAL_ARCHIVE
2817,HISTORY,,184,120,OFFICIAL_ARCHIVE
2818,HISTORY,,184,120,OFFICIAL_ARCHIVE
2819,HISTORY,,205,129,OFFICIAL_ARCHIVE
2820,HISTORY,,205,129,OFFICIAL_ARCHIVE
2821,HISTORY,,188,121,OFFICIAL_ARCHIVE
2822,HISTORY,,181,119,OFFICIAL_ARCHIVE
2823,HISTORY,,181,119,OFFICIAL_ARCHIVE
2824,HISTORY,,181,119,OFFICIAL_ARCHIVE
2825,HISTORY,,188,121,OFFICIAL_ARCHIVE
2826,HISTORY,,181,119,OFFICIAL_ARCHIVE
2827,HISTORY,,181,119,OFFICIAL_ARCHIVE
2828,HISTORY,,181,119,OFFICIAL_ARCHIVE
2829,HISTORY,,181,119,OFFICIAL_ARCHIVE
2830,HISTORY,,181,119,OFFICIAL_ARCHIVE
2831,HISTORY,,181,119,OFFICIAL_ARCHIVE
2832,HISTORY,,181,119,OFFICIAL_ARCHIVE
2833,HISTORY,,181,119,OFFICIAL_ARCHIVE
2834,HISTORY,,181,119,OFFICIAL_ARCHIVE
2835,HISTORY,,181,119,OFFICIAL_ARCHIVE
2836,HISTORY,,181,119,OFFICIAL_ARCHIVE
2837,HISTORY,,188,121,OFFICIAL_ARCHIVE
2838,HISTORY,,184,120,OFFICIAL_ARCHIVE
2839,HISTORY,,188,121,OFFICIAL_ARCHIVE
2840,HISTORY,,188,121,OFFICIAL_ARCHIVE
2841,HISTORY,,205,129,OFFICIAL_ARCHIVE
2842,HISTORY,,205,129,OFFICIAL_ARCHIVE
2843,HISTORY,,205,129,OFFICIAL_ARCHIVE
2844,HISTORY,,205,129,OFFICIAL_ARCHIVE
2845,HISTORY,,205,129,OFFICIAL_ARCHIVE
2846,HISTORY,,205,129,OFFICIAL_ARCHIVE
2847,HISTORY,,205,129,OFFICIAL_ARCHIVE
2848,HISTORY,,181,119,OFFICIAL_ARCHIVE
2849,HISTORY,,207,129,OFFICIAL_ARCHIVE
2850,HISTORY,,207,129,OFFICIAL_ARCHIVE
2851,HISTORY,,207,129,OFFICIAL_ARCHIVE
2852,HISTORY,,207,129,OFFICIAL_ARCHIVE
2853,HISTORY,,207,129,OFFICIAL_ARCHIVE
2854,HISTORY,,197,125,OFFICIAL_ARCHIVE
2855,HISTORY,,197,125,OFFICIAL_ARCHIVE
2856,HISTORY,,197,125,OFFICIAL_ARCHIVE
2857,HISTORY,,197,125,OFFICIAL_ARCHIVE
2858,HISTORY,,197,125,OFFICIAL_ARCHIVE
2859,HISTORY,,197,125,OFFICIAL_ARCHIVE
2860,HISTORY,,187,121,OFFICIAL_ARCHIVE
2861,HISTORY,,181,119,OFFICIAL_ARCHIVE
2862,HISTORY,,199,126,OFFICIAL_ARCHIVE
2863,HISTORY,,199,126,OFFICIAL_ARCHIVE
2864,HISTORY,,199,126,OFFICIAL_ARCHIVE
2865,HISTORY,,199,126,OFFICIAL_ARCHIVE
2866,HISTORY,,188,121,OFFICIAL_ARCHIVE
2867,HISTORY,,184,120,OFFICIAL_ARCHIVE
2868,HISTORY,,184,120,OFFICIAL_ARCHIVE
2869,HISTORY,,188,121,OFFICIAL_ARCHIVE
2870,HISTORY,,188,121,OFFICIAL_ARCHIVE
2871,HISTORY,,206,129,OFFICIAL_ARCHIVE
2872,HISTORY,,181,119,OFFICIAL_ARCHIVE
2873,HISTORY,,205,129,OFFICIAL_ARCHIVE
2874,HISTORY,,207,129,OFFICIAL_ARCHIVE
2875,HISTORY,,207,129,OFFICIAL_ARCHIVE
2876,HISTORY,,207,129,OFFICIAL_ARCHIVE
2877,HISTORY,,207,129,OFFICIAL_ARCHIVE
2878,HISTORY,,207,129,OFFICIAL_ARCHIVE
2879,HISTORY,,207,129,OFFICIAL_ARCHIVE
2880,HISTORY,,181,119,OFFICIAL_ARCHIVE
2881,PHYSICS_CHEMISTRY,,248,150,OFFICIAL_ARCHIVE
2882,HISTORY,,189,122,OFFICIAL_ARCHIVE
2883,HISTORY,,189,122,OFFICIAL_ARCHIVE
2884,HISTORY,,189,122,OFFICIAL_ARCHIVE
2885,HISTORY,,189,122,OFFICIAL_ARCHIVE
2886,HISTORY,,189,122,OFFICIAL_ARCHIVE
2887,HISTORY,,197,125,OFFICIAL_ARCHIVE
2888,HISTORY,,197,125,OFFICIAL_ARCHIVE
2889,HISTORY,,197,125,OFFICIAL_ARCHIVE
2890,HISTORY,,197,125,OFFICIAL_ARCHIVE
2891,HISTORY,,197,125,OFFICIAL_ARCHIVE
2892,HISTORY,,197,125,OFFICIAL_ARCHIVE
2893,HISTORY,,197,125,OFFICIAL_ARCHIVE
2894,HISTORY,,205,129,OFFICIAL_ARCHIVE
2895,HISTORY,,205,129,OFFICIAL_ARCHIVE
2896,HISTORY,,205,129,OFFICIAL_ARCHIVE
2897,HISTORY,,197,125,OFFICIAL_ARCHIVE
2898,HISTORY,,194,124,OFFICIAL_ARCHIVE
2899,HISTORY,,188,121,OFFICIAL_ARCHIVE
2900,HISTORY,,184,120,OFFICIAL_ARCHIVE
2901,HISTORY,,184,120,OFFICIAL_ARCHIVE
2902,HISTORY,,184,120,OFFICIAL_ARCHIVE
2903,HISTORY,,188,121,OFFICIAL_ARCHIVE
2904,HISTORY,,188,121,OFFICIAL_ARCHIVE
2905,HISTORY,,206,129,OFFICIAL_ARCHIVE
2906,HISTORY,,206,129,OFFICIAL_ARCHIVE
2907,HISTORY,,206,129,OFFICIAL_ARCHIVE
2908,HISTORY,,206,129,OFFICIAL_ARCHIVE
2909,HISTORY,,194,124,OFFICIAL_ARCHIVE
2910,HISTORY,,189,122,OFFICIAL_ARCHIVE
2911,HISTORY,,189,122,OFFICIAL_ARCHIVE
2912,HISTORY,,189,122,OFFICIAL_ARCHIVE
2913,HISTORY,,189,122,OFFICIAL_ARCHIVE
2914,HISTORY,,189,122,OFFICIAL_ARCHIVE
2915,HISTORY,,184,120,OFFICIAL_ARCHIVE
2916,HISTORY,,205,129,OFFICIAL_ARCHIVE
2917,HISTORY,,184,120,OFFICIAL_ARCHIVE
2918,HISTORY,,205,129,OFFICIAL_ARCHIVE
2919,HISTORY,,205,129,OFFICIAL_ARCHIVE
2920,HISTORY,,207,129,OFFICIAL_ARCHIVE
2921,HISTORY,,207,129,OFFICIAL_ARCHIVE
2922,HISTORY,,207,129,OFFICIAL_ARCHIVE
2923,HISTORY,,189,122,OFFICIAL_ARCHIVE
2924,FRENCH,,92,84,OFFICIAL_ARCHIVE
2925,HISTORY,,197,125,OFFICIAL_ARCHIVE
2926,HISTORY,,197,125,OFFICIAL_ARCHIVE
2927,HISTORY,,197,125,OFFICIAL_ARCHIVE
2928,HISTORY,,197,125,OFFICIAL_ARCHIVE
2929,HISTORY,,197,125,OFFICIAL_ARCHIVE
2930,HISTORY,,197,125,OFFICIAL_ARCHIVE
2931,HISTORY,,181,119,OFFICIAL_ARCHIVE
2932,HISTORY,,181,119,OFFICIAL_ARCHIVE
2933,HISTORY,,181,119,OFFICIAL_ARCHIVE
2934,HISTORY,,181,119,OFFICIAL_ARCHIVE
2935,HISTORY,,181,119,OFFICIAL_ARCHIVE
2936,HISTORY,,197,125,OFFICIAL_ARCHIVE
2937,HISTORY,,197,125,OFFICIAL_ARCHIVE
2938,HISTORY,,197,125,OFFICIAL_ARCHIVE
2939,HISTORY,,197,125,OFFICIAL_ARCHIVE
2940,MATHEMATICS,,133,101,OFFICIAL_ARCHIVE
2941,MATHEMATICS,,133,101,OFFICIAL_ARCHIVE
2942,MATHEMATICS,,133,101,OFFICIAL_ARCHIVE
2943,MATHEMATICS,,133,101,OFFICIAL_ARCHIVE
2944,MATHEMATICS,,133,101,OFFICIAL_ARCHIVE
2945,MATHEMATICS,,133,101,OFFICIAL_ARCHIVE
2946,FRENCH,,89,83,OFFICIAL_ARCHIVE
2947,FRENCH,,89,83,OFFICIAL_ARCHIVE
2948,FRENCH,,89,83,OFFICIAL_ARCHIVE
2949,FRENCH,,89,83,OFFICIAL_ARCHIVE
2950,FRENCH,,89,83,OFFICIAL_ARCHIVE
2951,FRENCH,,89,83,OFFICIAL_ARCHIVE
2952,FRENCH,,89,83,OFFICIAL_ARCHIVE
2953,FRENCH,,89,83,OFFICIAL_ARCHIVE
2954,FRENCH,,89,83,OFFICIAL_ARCHIVE
2955,FRENCH,,89,83,OFFICIAL_ARCHIVE
2956,FRENCH,,103,89,OFFICIAL_ARCHIVE
2957,FRENCH,,103,89,OFFICIAL_ARCHIVE
2958,FRENCH,,89,83,OFFICIAL_ARCHIVE
2959,FRENCH,,89,83,OFFICIAL_ARCHIVE
2960,FRENCH,,89,83,OFFICIAL_ARCHIVE
2961,FRENCH,,89,83,OFFICIAL_ARCHIVE
2962,FRENCH,,89,83,OFFICIAL_ARCHIVE
2963,FRENCH,,89,83,OFFICIAL_ARCHIVE
2964,FRENCH,,89,83,OFFICIAL_ARCHIVE
2965,FRENCH,,89,83,OFFICIAL_ARCHIVE
2966,FRENCH,,89,83,OFFICIAL_ARCHIVE
2967,FRENCH,,89,83,OFFICIAL_ARCHIVE
2968,FRENCH,,89,83,OFFICIAL_ARCHIVE
2969,MATHEMATICS,,107,91,OFFICIAL_ARCHIVE
2970,MATHEMATICS,,107,91,OFFICIAL_ARCHIVE
2971,MATHEMATICS,,121,96,OFFICIAL_ARCHIVE
2972,MATHEMATICS,,121,96,OFFICIAL_ARCHIVE
2973,MATHEMATICS,,146,106,OFFICIAL_ARCHIVE
2974,MATHEMATICS,,146,106,OFFICIAL_ARCHIVE
2975,MATHEMATICS,,146,106,OFFICIAL_ARCHIVE
2976,MATHEMATICS,,146,106,OFFICIAL_ARCHIVE
2977,MATHEMATICS,,146,106,OFFICIAL_ARCHIVE
2978,MATHEMATICS,,107,91,OFFICIAL_ARCHIVE
2979,MATHEMATICS,,107,91,OFFICIAL_ARCHIVE
2980,MATHEMATICS,,107,91,OFFICIAL_ARCHIVE
2981,MATHEMATICS,,107,91,OFFICIAL_ARCHIVE
2982,MATHEMATICS,,146,106,OFFICIAL_ARCHIVE
2983,MATHEMATICS,,107,91,OFFICIAL_ARCHIVE
2984,MATHEMATICS,,107,91,OFFICIAL_ARCHIVE
2985,MATHEMATICS,,107,91,OFFICIAL_ARCHIVE
2986,MATHEMATICS,,107,91,OFFICIAL_ARCHIVE
2987,MATHEMATICS,,121,96,OFFICIAL_ARCHIVE
2988,MATHEMATICS,,107,91,OFFICIAL_ARCHIVE
2989,MATHEMATICS,,107,91,OFFICIAL_ARCHIVE
2990,MATHEMATICS,,121,96,OFFICIAL_ARCHIVE
2991,MATHEMATICS,,107,91,OFFICIAL_ARCHIVE
2992,MATHEMATICS,,136,102,OFFICIAL_ARCHIVE
2993,MATHEMATICS,,107,91,OFFICIAL_ARCHIVE
2994,MATHEMATICS,,136,102,OFFICIAL_ARCHIVE
2995,MATHEMATICS,,136,102,OFFICIAL_ARCHIVE
2996,MATHEMATICS,,107,91,OFFICIAL_ARCHIVE
2997,MATHEMATICS,,136,102,OFFICIAL_ARCHIVE
2998,MATHEMATICS,,136,102,OFFICIAL_ARCHIVE
2999,MATHEMATICS,,136,102,OFFICIAL_ARCHIVE
3000,PHYSICS_CHEMISTRY,,250,151,OFFICIAL_ARCHIVE
3001,PHYSICS_CHEMISTRY,,256,154,OFFICIAL_ARCHIVE
3002,PHYSICS_CHEMISTRY,,252,152,OFFICIAL_ARCHIVE
3003,PHYSICS_CHEMISTRY,,256,154,OFFICIAL_ARCHIVE
3004,FRENCH,,103,89,OFFICIAL_ARCHIVE
3005,FRENCH,,103,89,OFFICIAL_ARCHIVE
3006,FRENCH,,103,89,OFFICIAL_ARCHIVE
3007,FRENCH,,84,81,OFFICIAL_ARCHIVE
3008,FRENCH,,103,89,OFFICIAL_ARCHIVE
3009,FRENCH,,103,89,OFFICIAL_ARCHIVE
3010,FRENCH,,103,89,OFFICIAL_ARCHIVE
3011,FRENCH,,103,89,OFFICIAL_ARCHIVE
3012,FRENCH,,103,89,OFFICIAL_ARCHIVE
3013,FRENCH,,103,89,OFFICIAL_ARCHIVE
3014,FRENCH,,103,89,OFFICIAL_ARCHIVE
3015,FRENCH,,103,89,OFFICIAL_ARCHIVE
3016,FRENCH,,103,89,OFFICIAL_ARCHIVE
3017,FRENCH,,103,89,OFFICIAL_ARCHIVE
3018,FRENCH,,103,89,OFFICIAL_ARCHIVE
3019,FRENCH,,103,89,OFFICIAL_ARCHIVE
3020,FRENCH,,103,89,OFFICIAL_ARCHIVE
3021,FRENCH,,103,89,OFFICIAL_ARCHIVE
3022,FRENCH,,103,89,OFFICIAL_ARCHIVE
3023,FRENCH,,103,89,OFFICIAL_ARCHIVE
3024,FRENCH,,103,89,OFFICIAL_ARCHIVE
3025,FRENCH,,103,89,OFFICIAL_ARCHIVE
3026,FRENCH,,103,89,OFFICIAL_ARCHIVE
3027,PHYSICS_CHEMISTRY,,254,153,OFFICIAL_ARCHIVE
3028,FRENCH,,103,89,OFFICIAL_ARCHIVE
3029,FRENCH,,103,89,OFFICIAL_ARCHIVE
3030,FRENCH,,103,89,OFFICIAL_ARCHIVE
3031,FRENCH,,103,89,OFFICIAL_ARCHIVE
3032,MATHEMATICS,,141,104,OFFICIAL_ARCHIVE
3033,MATHEMATICS,,107,91,OFFICIAL_ARCHIVE
3034,MATHEMATICS,,107,91,OFFICIAL_ARCHIVE
3035,MATHEMATICS,,107,91,OFFICIAL_ARCHIVE
3036,MATHEMATICS,,107,91,OFFICIAL_ARCHIVE
3037,MATHEMATICS,,107,91,OFFICIAL_ARCHIVE
3038,MATHEMATICS,,141,104,OFFICIAL_ARCHIVE
3039,MATHEMATICS,,141,104,OFFICIAL_ARCHIVE
3040,MATHEMATICS,,141,104,OFFICIAL_ARCHIVE
3041,MATHEMATICS,,141,104,OFFICIAL_ARCHIVE
3042,MATHEMATICS,,141,104,OFFICIAL_ARCHIVE
3043,MATHEMATICS,,107,91,OFFICIAL_ARCHIVE
3044,MATHEMATICS,,107,91,OFFICIAL_ARCHIVE
3045,MATHEMATICS,,107,91,OFFICIAL_ARCHIVE
3046,MATHEMATICS,,107,91,OFFICIAL_ARCHIVE
3047,MATHEMATICS,,107,91,OFFICIAL_ARCHIVE
3048,MATHEMATICS,,107,91,OFFICIAL_ARCHIVE
3049,MATHEMATICS,,107,91,OFFICIAL_ARCHIVE
3050,MATHEMATICS,,107,91,OFFICIAL_ARCHIVE
3051,MATHEMATICS,,121,96,OFFICIAL_ARCHIVE
3052,MATHEMATICS,,107,91,OFFICIAL_ARCHIVE
3053,MATHEMATICS,,107,91,OFFICIAL_ARCHIVE
3054,FRENCH,,92,84,OFFICIAL_ARCHIVE
3055,FRENCH,,89,83,OFFICIAL_ARCHIVE
3056,MATHEMATICS,,107,91,OFFICIAL_ARCHIVE
3057,MATHEMATICS,,107,91,OFFICIAL_ARCHIVE
3058,MATHEMATICS,,107,91,OFFICIAL_ARCHIVE
3059,MATHEMATICS,,107,91,OFFICIAL_ARCHIVE
3060,MATHEMATICS,,107,91,OFFICIAL_ARCHIVE
3061,MATHEMATICS,,107,91,OFFICIAL_ARCHIVE
3062,MATHEMATICS,,107,91,OFFICIAL_ARCHIVE
3063,MATHEMATICS,,107,91,OFFICIAL_ARCHIVE
3064,MATHEMATICS,,107,91,OFFICIAL_ARCHIVE
3065,MATHEMATICS,,107,91,OFFICIAL_ARCHIVE
3066,MATHEMATICS,,107,91,OFFICIAL_ARCHIVE
3067,MATHEMATICS,,107,91,OFFICIAL_ARCHIVE
3068,MATHEMATICS,,107,91,OFFICIAL_ARCHIVE
3069,MATHEMATICS,,107,91,OFFICIAL_ARCHIVE
3070,MATHEMATICS,,107,91,OFFICIAL_ARCHIVE
3071,MATHEMATICS,,107,91,OFFICIAL_ARCHIVE
3072,MATHEMATICS,,107,91,OFFICIAL_ARCHIVE
3073,MATHEMATICS,,107,91,OFFICIAL_ARCHIVE
3074,MATHEMATICS,,107,91,OFFICIAL_ARCHIVE
3075,MATHEMATICS,,141,104,OFFICIAL_ARCHIVE
3076,MATHEMATICS,,107,91,OFFICIAL_ARCHIVE
3077,MATHEMATICS,,107,91,OFFICIAL_ARCHIVE
3078,MATHEMATICS,,107,91,OFFICIAL_ARCHIVE
3079,MATHEMATICS,,146,106,OFFICIAL_ARCHIVE
3080,MATHEMATICS,,107,91,OFFICIAL_ARCHIVE
3081,MATHEMATICS,,107,91,OFFICIAL_ARCHIVE
3082,FRENCH,,92,84,OFFICIAL_ARCHIVE
3083,FRENCH,,79,79,LEGACY_BANK
3084,FRENCH,,79,79,LEGACY_BANK
3085,FRENCH,,79,79,LEGACY_BANK
3086,FRENCH,,79,79,LEGACY_BANK
3087,FRENCH,,79,79,LEGACY_BANK
3088,FRENCH,,79,79,LEGACY_BANK
3089,FRENCH,,79,79,LEGACY_BANK
3090,FRENCH,,79,79,LEGACY_BANK
3091,FRENCH,,79,79,LEGACY_BANK
3092,FRENCH,,79,79,LEGACY_BANK
3093,FRENCH,,79,79,LEGACY_BANK
3094,FRENCH,,79,79,LEGACY_BANK
3095,FRENCH,,79,79,LEGACY_BANK
3096,FRENCH,,79,79,LEGACY_BANK
3097,FRENCH,,79,79,LEGACY_BANK
3098,FRENCH,,79,79,LEGACY_BANK
3099,FRENCH,,79,79,LEGACY_BANK
3100,FRENCH,,79,79,LEGACY_BANK
3101,FRENCH,,79,79,LEGACY_BANK
3102,FRENCH,,79,79,LEGACY_BANK
3103,FRENCH,,79,79,LEGACY_BANK
3104,FRENCH,,79,79,LEGACY_BANK
3105,FRENCH,,79,79,LEGACY_BANK
3106,FRENCH,,79,79,LEGACY_BANK
3107,FRENCH,,79,79,LEGACY_BANK
3108,FRENCH,,79,79,LEGACY_BANK
3109,FRENCH,,79,79,LEGACY_BANK
3110,FRENCH,,79,79,LEGACY_BANK
3111,FRENCH,,79,79,LEGACY_BANK
3112,FRENCH,,79,79,LEGACY_BANK
3113,FRENCH,,80,79,LEGACY_BANK
3114,FRENCH,,80,79,LEGACY_BANK
3115,FRENCH,,80,79,LEGACY_BANK
3116,FRENCH,,80,79,LEGACY_BANK
3117,FRENCH,,80,79,LEGACY_BANK
3118,FRENCH,,80,79,LEGACY_BANK
3119,FRENCH,,80,79,LEGACY_BANK
3120,FRENCH,,80,79,LEGACY_BANK
3121,FRENCH,,80,79,LEGACY_BANK
3122,FRENCH,,80,79,LEGACY_BANK
3123,FRENCH,,80,79,LEGACY_BANK
3124,FRENCH,,80,79,LEGACY_BANK
3125,FRENCH,,80,79,LEGACY_BANK
3126,FRENCH,,80,79,LEGACY_BANK
3127,FRENCH,,80,79,LEGACY_BANK
3128,FRENCH,,80,79,LEGACY_BANK
3129,FRENCH,,80,79,LEGACY_BANK
3130,FRENCH,,80,79,LEGACY_BANK
3131,FRENCH,,80,79,LEGACY_BANK
3132,FRENCH,,80,79,LEGACY_BANK
3133,FRENCH,,80,79,LEGACY_BANK
3134,FRENCH,,80,79,LEGACY_BANK
3135,FRENCH,,80,79,LEGACY_BANK
3136,FRENCH,,80,79,LEGACY_BANK
3137,FRENCH,,80,79,LEGACY_BANK
3138,FRENCH,,80,79,LEGACY_BANK
3139,FRENCH,,80,79,LEGACY_BANK
3140,FRENCH,,80,79,LEGACY_BANK
3141,FRENCH,,80,79,LEGACY_BANK
3142,FRENCH,,80,79,LEGACY_BANK
3143,FRENCH,,81,79,LEGACY_BANK
3144,FRENCH,,81,79,LEGACY_BANK
3145,FRENCH,,81,79,LEGACY_BANK
3146,FRENCH,,81,79,LEGACY_BANK
3147,FRENCH,,81,79,LEGACY_BANK
3148,FRENCH,,81,79,LEGACY_BANK
3149,FRENCH,,81,79,LEGACY_BANK
3150,FRENCH,,81,79,LEGACY_BANK
3151,FRENCH,,81,79,LEGACY_BANK
3152,FRENCH,,81,79,LEGACY_BANK
3153,FRENCH,,81,79,LEGACY_BANK
3154,FRENCH,,81,79,LEGACY_BANK
3155,FRENCH,,81,79,LEGACY_BANK
3156,FRENCH,,81,79,LEGACY_BANK
3157,FRENCH,,81,79,LEGACY_BANK
3158,FRENCH,,81,79,LEGACY_BANK
3159,FRENCH,,81,79,LEGACY_BANK
3160,FRENCH,,81,79,LEGACY_BANK
3161,FRENCH,,81,79,LEGACY_BANK
3162,FRENCH,,81,79,LEGACY_BANK
3163,FRENCH,,81,79,LEGACY_BANK
3164,FRENCH,,81,79,LEGACY_BANK
3165,FRENCH,,81,79,LEGACY_BANK
3166,FRENCH,,81,79,LEGACY_BANK
3167,FRENCH,,81,79,LEGACY_BANK
3168,FRENCH,,81,79,LEGACY_BANK
3169,FRENCH,,81,79,LEGACY_BANK
3170,FRENCH,,81,79,LEGACY_BANK
3171,FRENCH,,81,79,LEGACY_BANK
3172,FRENCH,,81,79,LEGACY_BANK
3173,FRENCH,,82,80,LEGACY_BANK
3174,FRENCH,,82,80,LEGACY_BANK
3175,FRENCH,,82,80,LEGACY_BANK
3176,FRENCH,,82,80,LEGACY_BANK
3177,FRENCH,,82,80,LEGACY_BANK
3178,FRENCH,,82,80,LEGACY_BANK
3179,FRENCH,,82,80,LEGACY_BANK
3180,FRENCH,,82,80,LEGACY_BANK
3181,FRENCH,,82,80,LEGACY_BANK
3182,FRENCH,,82,80,LEGACY_BANK
3183,FRENCH,,82,80,LEGACY_BANK
3184,FRENCH,,82,80,LEGACY_BANK
3185,FRENCH,,82,80,LEGACY_BANK
3186,FRENCH,,82,80,LEGACY_BANK
3187,FRENCH,,82,80,LEGACY_BANK
3188,FRENCH,,82,80,LEGACY_BANK
3189,FRENCH,,82,80,LEGACY_BANK
3190,FRENCH,,82,80,LEGACY_BANK
3191,FRENCH,,82,80,LEGACY_BANK
3192,FRENCH,,82,80,LEGACY_BANK
3193,FRENCH,,82,80,LEGACY_BANK
3194,FRENCH,,82,80,LEGACY_BANK
3195,FRENCH,,82,80,LEGACY_BANK
3196,FRENCH,,82,80,LEGACY_BANK
3197,FRENCH,,82,80,LEGACY_BANK
3198,FRENCH,,82,80,LEGACY_BANK
3199,FRENCH,,82,80,LEGACY_BANK
3200,FRENCH,,82,80,LEGACY_BANK
3201,FRENCH,,82,80,LEGACY_BANK
3202,FRENCH,,82,80,LEGACY_BANK
3203,FRENCH,,83,80,LEGACY_BANK
3204,FRENCH,,83,80,LEGACY_BANK
3205,FRENCH,,83,80,LEGACY_BANK
3206,FRENCH,,83,80,LEGACY_BANK
3207,FRENCH,,83,80,LEGACY_BANK
3208,FRENCH,,83,80,LEGACY_BANK
3209,FRENCH,,83,80,LEGACY_BANK
3210,FRENCH,,83,80,LEGACY_BANK
3211,FRENCH,,83,80,LEGACY_BANK
3212,FRENCH,,83,80,LEGACY_BANK
3213,FRENCH,,83,80,LEGACY_BANK
3214,FRENCH,,83,80,LEGACY_BANK
3215,FRENCH,,83,80,LEGACY_BANK
3216,FRENCH,,83,80,LEGACY_BANK
3217,FRENCH,,83,80,LEGACY_BANK
3218,FRENCH,,83,80,LEGACY_BANK
3219,FRENCH,,83,80,LEGACY_BANK
3220,FRENCH,,83,80,LEGACY_BANK
3221,FRENCH,,83,80,LEGACY_BANK
3222,FRENCH,,83,80,LEGACY_BANK
3223,FRENCH,,83,80,LEGACY_BANK
3224,FRENCH,,83,80,LEGACY_BANK
3225,FRENCH,,83,80,LEGACY_BANK
3226,FRENCH,,83,80,LEGACY_BANK
3227,FRENCH,,83,80,LEGACY_BANK
3228,FRENCH,,83,80,LEGACY_BANK
3229,FRENCH,,83,80,LEGACY_BANK
3230,FRENCH,,83,80,LEGACY_BANK
3231,FRENCH,,83,80,LEGACY_BANK
3232,FRENCH,,83,80,LEGACY_BANK
3233,FRENCH,,85,81,LEGACY_BANK
3234,FRENCH,,85,81,LEGACY_BANK
3235,FRENCH,,85,81,LEGACY_BANK
3236,FRENCH,,85,81,LEGACY_BANK
3237,FRENCH,,85,81,LEGACY_BANK
3238,FRENCH,,85,81,LEGACY_BANK
3239,FRENCH,,85,81,LEGACY_BANK
3240,FRENCH,,85,81,LEGACY_BANK
3241,FRENCH,,85,81,LEGACY_BANK
3242,FRENCH,,85,81,LEGACY_BANK
3243,FRENCH,,85,81,LEGACY_BANK
3244,FRENCH,,85,81,LEGACY_BANK
3245,FRENCH,,85,81,LEGACY_BANK
3246,FRENCH,,85,81,LEGACY_BANK
3247,FRENCH,,85,81,LEGACY_BANK
3248,FRENCH,,85,81,LEGACY_BANK
3249,FRENCH,,85,81,LEGACY_BANK
3250,FRENCH,,85,81,LEGACY_BANK
3251,FRENCH,,85,81,LEGACY_BANK
3252,FRENCH,,85,81,LEGACY_BANK
3253,FRENCH,,85,81,LEGACY_BANK
3254,FRENCH,,85,81,LEGACY_BANK
3255,FRENCH,,85,81,LEGACY_BANK
3256,FRENCH,,85,81,LEGACY_BANK
3257,FRENCH,,85,81,LEGACY_BANK
3258,FRENCH,,85,81,LEGACY_BANK
3259,FRENCH,,85,81,LEGACY_BANK
3260,FRENCH,,85,81,LEGACY_BANK
3261,FRENCH,,85,81,LEGACY_BANK
3262,FRENCH,,85,81,LEGACY_BANK
3263,FRENCH,,86,81,LEGACY_BANK
3264,FRENCH,,86,81,LEGACY_BANK
3265,FRENCH,,86,81,LEGACY_BANK
3266,FRENCH,,86,81,LEGACY_BANK
3267,FRENCH,,86,81,LEGACY_BANK
3268,FRENCH,,86,81,LEGACY_BANK
3269,FRENCH,,86,81,LEGACY_BANK
3270,FRENCH,,86,81,LEGACY_BANK
3271,FRENCH,,86,81,LEGACY_BANK
3272,FRENCH,,86,81,LEGACY_BANK
3273,FRENCH,,86,81,LEGACY_BANK
3274,FRENCH,,86,81,LEGACY_BANK
3275,FRENCH,,86,81,LEGACY_BANK
3276,FRENCH,,86,81,LEGACY_BANK
3277,FRENCH,,86,81,LEGACY_BANK
3278,FRENCH,,86,81,LEGACY_BANK
3279,FRENCH,,86,81,LEGACY_BANK
3280,FRENCH,,86,81,LEGACY_BANK
3281,FRENCH,,86,81,LEGACY_BANK
3282,FRENCH,,86,81,LEGACY_BANK
3283,FRENCH,,86,81,LEGACY_BANK
3284,FRENCH,,86,81,LEGACY_BANK
3285,FRENCH,,86,81,LEGACY_BANK
3286,FRENCH,,86,81,LEGACY_BANK
3287,FRENCH,,86,81,LEGACY_BANK
3288,FRENCH,,86,81,LEGACY_BANK
3289,FRENCH,,86,81,LEGACY_BANK
3290,FRENCH,,86,81,LEGACY_BANK
3291,FRENCH,,86,81,LEGACY_BANK
3292,FRENCH,,86,81,LEGACY_BANK
3293,FRENCH,,87,82,LEGACY_BANK
3294,FRENCH,,87,82,LEGACY_BANK
3295,FRENCH,,87,82,LEGACY_BANK
3296,FRENCH,,87,82,LEGACY_BANK
3297,FRENCH,,87,82,LEGACY_BANK
3298,FRENCH,,87,82,LEGACY_BANK
3299,FRENCH,,87,82,LEGACY_BANK
3300,FRENCH,,88,82,LEGACY_BANK
3301,FRENCH,,88,82,LEGACY_BANK
3302,FRENCH,,88,82,LEGACY_BANK
3303,FRENCH,,88,82,LEGACY_BANK
3304,FRENCH,,88,82,LEGACY_BANK
3305,FRENCH,,88,82,LEGACY_BANK
3306,FRENCH,,88,82,LEGACY_BANK
3307,FRENCH,,88,82,LEGACY_BANK
3308,FRENCH,,88,82,LEGACY_BANK
3309,FRENCH,,88,82,LEGACY_BANK
3310,FRENCH,,88,82,LEGACY_BANK
3311,FRENCH,,88,82,LEGACY_BANK
3312,FRENCH,,88,82,LEGACY_BANK
3313,FRENCH,,88,82,LEGACY_BANK
3314,FRENCH,,88,82,LEGACY_BANK
3315,FRENCH,,88,82,LEGACY_BANK
3316,FRENCH,,88,82,LEGACY_BANK
3317,FRENCH,,88,82,LEGACY_BANK
3318,FRENCH,,88,82,LEGACY_BANK
3319,FRENCH,,88,82,LEGACY_BANK
3320,FRENCH,,88,82,LEGACY_BANK
3321,FRENCH,,88,82,LEGACY_BANK
3322,FRENCH,,88,82,LEGACY_BANK
3323,FRENCH,,88,82,LEGACY_BANK
3324,FRENCH,,88,82,LEGACY_BANK
3325,FRENCH,,88,82,LEGACY_BANK
3326,FRENCH,,88,82,LEGACY_BANK
3327,FRENCH,,88,82,LEGACY_BANK
3328,FRENCH,,88,82,LEGACY_BANK
3329,FRENCH,,88,82,LEGACY_BANK
3330,FRENCH,,90,83,LEGACY_BANK
3331,FRENCH,,90,83,LEGACY_BANK
3332,FRENCH,,90,83,LEGACY_BANK
3333,FRENCH,,90,83,LEGACY_BANK
3334,FRENCH,,90,83,LEGACY_BANK
3335,FRENCH,,90,83,LEGACY_BANK
3336,FRENCH,,90,83,LEGACY_BANK
3337,FRENCH,,90,83,LEGACY_BANK
3338,FRENCH,,90,83,LEGACY_BANK
3339,FRENCH,,90,83,LEGACY_BANK
3340,FRENCH,,90,83,LEGACY_BANK
3341,FRENCH,,90,83,LEGACY_BANK
3342,FRENCH,,90,83,LEGACY_BANK
3343,FRENCH,,90,83,LEGACY_BANK
3344,FRENCH,,90,83,LEGACY_BANK
3345,FRENCH,,90,83,LEGACY_BANK
3346,FRENCH,,90,83,LEGACY_BANK
3347,FRENCH,,90,83,LEGACY_BANK
3348,FRENCH,,90,83,LEGACY_BANK
3349,FRENCH,,90,83,LEGACY_BANK
3350,FRENCH,,90,83,LEGACY_BANK
3351,FRENCH,,90,83,LEGACY_BANK
3352,FRENCH,,90,83,LEGACY_BANK
3353,FRENCH,,90,83,LEGACY_BANK
3354,FRENCH,,90,83,LEGACY_BANK
3355,FRENCH,,90,83,LEGACY_BANK
3356,FRENCH,,90,83,LEGACY_BANK
3357,FRENCH,,90,83,LEGACY_BANK
3358,FRENCH,,90,83,LEGACY_BANK
3359,FRENCH,,90,83,LEGACY_BANK
3360,FRENCH,,91,83,LEGACY_BANK
3361,FRENCH,,91,83,LEGACY_BANK
3362,FRENCH,,91,83,LEGACY_BANK
3363,FRENCH,,91,83,LEGACY_BANK
3364,FRENCH,,91,83,LEGACY_BANK
3365,FRENCH,,91,83,LEGACY_BANK
3366,FRENCH,,91,83,LEGACY_BANK
3367,FRENCH,,91,83,LEGACY_BANK
3368,FRENCH,,91,83,LEGACY_BANK
3369,FRENCH,,91,83,LEGACY_BANK
3370,FRENCH,,91,83,LEGACY_BANK
3371,FRENCH,,91,83,LEGACY_BANK
3372,FRENCH,,91,83,LEGACY_BANK
3373,FRENCH,,91,83,LEGACY_BANK
3374,FRENCH,,91,83,LEGACY_BANK
3375,FRENCH,,91,83,LEGACY_BANK
3376,FRENCH,,91,83,LEGACY_BANK
3377,FRENCH,,91,83,LEGACY_BANK
3378,FRENCH,,91,83,LEGACY_BANK
3379,FRENCH,,91,83,LEGACY_BANK
3380,FRENCH,,91,83,LEGACY_BANK
3381,FRENCH,,91,83,LEGACY_BANK
3382,FRENCH,,91,83,LEGACY_BANK
3383,FRENCH,,91,83,LEGACY_BANK
3384,FRENCH,,91,83,LEGACY_BANK
3385,FRENCH,,91,83,LEGACY_BANK
3386,FRENCH,,91,83,LEGACY_BANK
3387,FRENCH,,91,83,LEGACY_BANK
3388,FRENCH,,91,83,LEGACY_BANK
3389,FRENCH,,91,83,LEGACY_BANK
3390,FRENCH,,92,84,LEGACY_BANK
3391,FRENCH,,92,84,LEGACY_BANK
3392,FRENCH,,92,84,LEGACY_BANK
3393,FRENCH,,92,84,LEGACY_BANK
3394,FRENCH,,92,84,LEGACY_BANK
3395,FRENCH,,92,84,LEGACY_BANK
3396,FRENCH,,92,84,LEGACY_BANK
3397,FRENCH,,92,84,LEGACY_BANK
3398,FRENCH,,92,84,LEGACY_BANK
3399,FRENCH,,92,84,LEGACY_BANK
3400,FRENCH,,93,84,LEGACY_BANK
3401,FRENCH,,93,84,LEGACY_BANK
3402,FRENCH,,93,84,LEGACY_BANK
3403,FRENCH,,93,84,LEGACY_BANK
3404,FRENCH,,93,84,LEGACY_BANK
3405,FRENCH,,93,84,LEGACY_BANK
3406,FRENCH,,93,84,LEGACY_BANK
3407,FRENCH,,93,84,LEGACY_BANK
3408,FRENCH,,93,84,LEGACY_BANK
3409,FRENCH,,93,84,LEGACY_BANK
3410,FRENCH,,93,84,LEGACY_BANK
3411,FRENCH,,93,84,LEGACY_BANK
3412,FRENCH,,93,84,LEGACY_BANK
3413,FRENCH,,93,84,LEGACY_BANK
3414,FRENCH,,93,84,LEGACY_BANK
3415,FRENCH,,93,84,LEGACY_BANK
3416,FRENCH,,93,84,LEGACY_BANK
3417,FRENCH,,93,84,LEGACY_BANK
3418,FRENCH,,93,84,LEGACY_BANK
3419,FRENCH,,93,84,LEGACY_BANK
3420,FRENCH,,93,84,LEGACY_BANK
3421,FRENCH,,93,84,LEGACY_BANK
3422,FRENCH,,93,84,LEGACY_BANK
3423,FRENCH,,93,84,LEGACY_BANK
3424,FRENCH,,93,84,LEGACY_BANK
3425,FRENCH,,93,84,LEGACY_BANK
3426,FRENCH,,93,84,LEGACY_BANK
3427,FRENCH,,93,84,LEGACY_BANK
3428,FRENCH,,93,84,LEGACY_BANK
3429,FRENCH,,93,84,LEGACY_BANK
3430,FRENCH,,94,85,AI_GENERATED
3431,FRENCH,,94,85,AI_GENERATED
3432,FRENCH,,94,85,AI_GENERATED
3433,FRENCH,,94,85,AI_GENERATED
3434,FRENCH,,94,85,AI_GENERATED
3435,FRENCH,,94,85,AI_GENERATED
3436,FRENCH,,94,85,AI_GENERATED
3437,FRENCH,,94,85,AI_GENERATED
3438,FRENCH,,94,85,AI_GENERATED
3439,FRENCH,,94,85,AI_GENERATED
3440,FRENCH,,94,85,AI_GENERATED
3441,FRENCH,,94,85,AI_GENERATED
3442,FRENCH,,94,85,AI_GENERATED
3443,FRENCH,,94,85,AI_GENERATED
3444,FRENCH,,94,85,AI_GENERATED
3445,FRENCH,,94,85,AI_GENERATED
3446,FRENCH,,94,85,AI_GENERATED
3447,FRENCH,,94,85,AI_GENERATED
3448,FRENCH,,94,85,AI_GENERATED
3449,FRENCH,,94,85,AI_GENERATED
3450,FRENCH,,94,85,AI_GENERATED
3451,FRENCH,,94,85,AI_GENERATED
3452,FRENCH,,94,85,AI_GENERATED
3453,FRENCH,,94,85,AI_GENERATED
3454,FRENCH,,94,85,AI_GENERATED
3455,FRENCH,,94,85,AI_GENERATED
3456,FRENCH,,94,85,AI_GENERATED
3457,FRENCH,,94,85,AI_GENERATED
3458,FRENCH,,94,85,AI_GENERATED
3459,FRENCH,,94,85,AI_GENERATED
3460,FRENCH,,94,85,AI_GENERATED
3461,FRENCH,,94,85,AI_GENERATED
3462,FRENCH,,94,85,AI_GENERATED
3463,FRENCH,,94,85,AI_GENERATED
3464,FRENCH,,94,85,AI_GENERATED
3465,FRENCH,,94,85,AI_GENERATED
3466,FRENCH,,94,85,AI_GENERATED
3467,FRENCH,,94,85,AI_GENERATED
3468,FRENCH,,94,85,AI_GENERATED
3469,FRENCH,,94,85,AI_GENERATED
3470,FRENCH,,95,85,AI_GENERATED
3471,FRENCH,,95,85,AI_GENERATED
3472,FRENCH,,95,85,AI_GENERATED
3473,FRENCH,,95,85,AI_GENERATED
3474,FRENCH,,95,85,AI_GENERATED
3475,FRENCH,,95,85,AI_GENERATED
3476,FRENCH,,95,85,AI_GENERATED
3477,FRENCH,,95,85,AI_GENERATED
3478,FRENCH,,95,85,AI_GENERATED
3479,FRENCH,,95,85,AI_GENERATED
3480,FRENCH,,95,85,AI_GENERATED
3481,FRENCH,,95,85,AI_GENERATED
3482,FRENCH,,95,85,AI_GENERATED
3483,FRENCH,,95,85,AI_GENERATED
3484,FRENCH,,95,85,AI_GENERATED
3485,FRENCH,,95,85,AI_GENERATED
3486,FRENCH,,95,85,AI_GENERATED
3487,FRENCH,,95,85,AI_GENERATED
3488,FRENCH,,95,85,AI_GENERATED
3489,FRENCH,,95,85,AI_GENERATED
3490,FRENCH,,95,85,AI_GENERATED
3491,FRENCH,,95,85,AI_GENERATED
3492,FRENCH,,95,85,AI_GENERATED
3493,FRENCH,,95,85,AI_GENERATED
3494,FRENCH,,95,85,AI_GENERATED
3495,FRENCH,,95,85,AI_GENERATED
3496,FRENCH,,95,85,AI_GENERATED
3497,FRENCH,,95,85,AI_GENERATED
3498,FRENCH,,95,85,AI_GENERATED
3499,FRENCH,,95,85,AI_GENERATED
3500,FRENCH,,95,85,AI_GENERATED
3501,FRENCH,,95,85,AI_GENERATED
3502,FRENCH,,95,85,AI_GENERATED
3503,FRENCH,,95,85,AI_GENERATED
3504,FRENCH,,95,85,AI_GENERATED
3505,FRENCH,,95,85,AI_GENERATED
3506,FRENCH,,95,85,AI_GENERATED
3507,FRENCH,,95,85,AI_GENERATED
3508,FRENCH,,95,85,AI_GENERATED
3509,FRENCH,,95,85,AI_GENERATED
3510,FRENCH,,96,86,AI_GENERATED
3511,FRENCH,,96,86,AI_GENERATED
3512,FRENCH,,96,86,AI_GENERATED
3513,FRENCH,,96,86,AI_GENERATED
3514,FRENCH,,96,86,AI_GENERATED
3515,FRENCH,,96,86,AI_GENERATED
3516,FRENCH,,96,86,AI_GENERATED
3517,FRENCH,,96,86,AI_GENERATED
3518,FRENCH,,96,86,AI_GENERATED
3519,FRENCH,,96,86,AI_GENERATED
3520,FRENCH,,96,86,AI_GENERATED
3521,FRENCH,,96,86,AI_GENERATED
3522,FRENCH,,96,86,AI_GENERATED
3523,FRENCH,,96,86,AI_GENERATED
3524,FRENCH,,96,86,AI_GENERATED
3525,FRENCH,,96,86,AI_GENERATED
3526,FRENCH,,96,86,AI_GENERATED
3527,FRENCH,,96,86,AI_GENERATED
3528,FRENCH,,96,86,AI_GENERATED
3529,FRENCH,,96,86,AI_GENERATED
3530,FRENCH,,96,86,AI_GENERATED
3531,FRENCH,,96,86,AI_GENERATED
3532,FRENCH,,96,86,AI_GENERATED
3533,FRENCH,,96,86,AI_GENERATED
3534,FRENCH,,96,86,AI_GENERATED
3535,FRENCH,,96,86,AI_GENERATED
3536,FRENCH,,96,86,AI_GENERATED
3537,FRENCH,,96,86,AI_GENERATED
3538,FRENCH,,96,86,AI_GENERATED
3539,FRENCH,,96,86,AI_GENERATED
3540,FRENCH,,96,86,AI_GENERATED
3541,FRENCH,,96,86,AI_GENERATED
3542,FRENCH,,96,86,AI_GENERATED
3543,FRENCH,,96,86,AI_GENERATED
3544,FRENCH,,96,86,AI_GENERATED
3545,FRENCH,,96,86,AI_GENERATED
3546,FRENCH,,96,86,AI_GENERATED
3547,FRENCH,,96,86,AI_GENERATED
3548,FRENCH,,96,86,AI_GENERATED
3549,FRENCH,,96,86,AI_GENERATED
3550,FRENCH,,97,86,AI_GENERATED
3551,FRENCH,,97,86,AI_GENERATED
3552,FRENCH,,97,86,AI_GENERATED
3553,FRENCH,,97,86,AI_GENERATED
3554,FRENCH,,97,86,AI_GENERATED
3555,FRENCH,,97,86,AI_GENERATED
3556,FRENCH,,97,86,AI_GENERATED
3557,FRENCH,,97,86,AI_GENERATED
3558,FRENCH,,97,86,AI_GENERATED
3559,FRENCH,,97,86,AI_GENERATED
3560,FRENCH,,97,86,AI_GENERATED
3561,FRENCH,,97,86,AI_GENERATED
3562,FRENCH,,97,86,AI_GENERATED
3563,FRENCH,,97,86,AI_GENERATED
3564,FRENCH,,97,86,AI_GENERATED
3565,FRENCH,,97,86,AI_GENERATED
3566,FRENCH,,97,86,AI_GENERATED
3567,FRENCH,,97,86,AI_GENERATED
3568,FRENCH,,97,86,AI_GENERATED
3569,FRENCH,,97,86,AI_GENERATED
3570,FRENCH,,97,86,AI_GENERATED
3571,FRENCH,,97,86,AI_GENERATED
3572,FRENCH,,97,86,AI_GENERATED
3573,FRENCH,,97,86,AI_GENERATED
3574,FRENCH,,97,86,AI_GENERATED
3575,FRENCH,,97,86,AI_GENERATED
3576,FRENCH,,97,86,AI_GENERATED
3577,FRENCH,,97,86,AI_GENERATED
3578,FRENCH,,97,86,AI_GENERATED
3579,FRENCH,,97,86,AI_GENERATED
3580,FRENCH,,97,86,AI_GENERATED
3581,FRENCH,,97,86,AI_GENERATED
3582,FRENCH,,97,86,AI_GENERATED
3583,FRENCH,,97,86,AI_GENERATED
3584,FRENCH,,97,86,AI_GENERATED
3585,FRENCH,,97,86,AI_GENERATED
3586,FRENCH,,97,86,AI_GENERATED
3587,FRENCH,,97,86,AI_GENERATED
3588,FRENCH,,97,86,AI_GENERATED
3589,FRENCH,,97,86,AI_GENERATED
3590,FRENCH,,98,87,LEGACY_BANK
3591,FRENCH,,98,87,LEGACY_BANK
3592,FRENCH,,98,87,LEGACY_BANK
3593,FRENCH,,98,87,LEGACY_BANK
3594,FRENCH,,98,87,LEGACY_BANK
3595,FRENCH,,98,87,LEGACY_BANK
3596,FRENCH,,98,87,LEGACY_BANK
3597,FRENCH,,98,87,LEGACY_BANK
3598,FRENCH,,98,87,LEGACY_BANK
3599,FRENCH,,98,87,LEGACY_BANK
3600,FRENCH,,98,87,LEGACY_BANK
3601,FRENCH,,98,87,LEGACY_BANK
3602,FRENCH,,98,87,LEGACY_BANK
3603,FRENCH,,98,87,LEGACY_BANK
3604,FRENCH,,98,87,LEGACY_BANK
3605,FRENCH,,98,87,LEGACY_BANK
3606,FRENCH,,98,87,LEGACY_BANK
3607,FRENCH,,98,87,LEGACY_BANK
3608,FRENCH,,98,87,LEGACY_BANK
3609,FRENCH,,98,87,LEGACY_BANK
3610,FRENCH,,98,87,LEGACY_BANK
3611,FRENCH,,98,87,LEGACY_BANK
3612,FRENCH,,98,87,LEGACY_BANK
3613,FRENCH,,98,87,LEGACY_BANK
3614,FRENCH,,98,87,LEGACY_BANK
3615,FRENCH,,98,87,LEGACY_BANK
3616,FRENCH,,98,87,LEGACY_BANK
3617,FRENCH,,98,87,LEGACY_BANK
3618,FRENCH,,98,87,LEGACY_BANK
3619,FRENCH,,98,87,LEGACY_BANK
3620,FRENCH,,99,87,LEGACY_BANK
3621,FRENCH,,99,87,LEGACY_BANK
3622,FRENCH,,99,87,LEGACY_BANK
3623,FRENCH,,99,87,LEGACY_BANK
3624,FRENCH,,99,87,LEGACY_BANK
3625,FRENCH,,99,87,LEGACY_BANK
3626,FRENCH,,99,87,LEGACY_BANK
3627,FRENCH,,99,87,LEGACY_BANK
3628,FRENCH,,99,87,LEGACY_BANK
3629,FRENCH,,99,87,LEGACY_BANK
3630,FRENCH,,99,87,LEGACY_BANK
3631,FRENCH,,99,87,LEGACY_BANK
3632,FRENCH,,99,87,LEGACY_BANK
3633,FRENCH,,99,87,LEGACY_BANK
3634,FRENCH,,99,87,LEGACY_BANK
3635,FRENCH,,99,87,LEGACY_BANK
3636,FRENCH,,99,87,LEGACY_BANK
3637,FRENCH,,99,87,LEGACY_BANK
3638,FRENCH,,99,87,LEGACY_BANK
3639,FRENCH,,99,87,LEGACY_BANK
3640,FRENCH,,99,87,LEGACY_BANK
3641,FRENCH,,99,87,LEGACY_BANK
3642,FRENCH,,99,87,LEGACY_BANK
3643,FRENCH,,99,87,LEGACY_BANK
3644,FRENCH,,99,87,LEGACY_BANK
3645,FRENCH,,99,87,LEGACY_BANK
3646,FRENCH,,99,87,LEGACY_BANK
3647,FRENCH,,99,87,LEGACY_BANK
3648,FRENCH,,99,87,LEGACY_BANK
3649,FRENCH,,99,87,LEGACY_BANK
3650,FRENCH,,100,87,LEGACY_BANK
3651,FRENCH,,100,87,LEGACY_BANK
3652,FRENCH,,100,87,LEGACY_BANK
3653,FRENCH,,100,87,LEGACY_BANK
3654,FRENCH,,100,87,LEGACY_BANK
3655,FRENCH,,100,87,LEGACY_BANK
3656,FRENCH,,100,87,LEGACY_BANK
3657,FRENCH,,100,87,LEGACY_BANK
3658,FRENCH,,100,87,LEGACY_BANK
3659,FRENCH,,100,87,LEGACY_BANK
3660,FRENCH,,100,87,LEGACY_BANK
3661,FRENCH,,100,87,LEGACY_BANK
3662,FRENCH,,100,87,LEGACY_BANK
3663,FRENCH,,100,87,LEGACY_BANK
3664,FRENCH,,100,87,LEGACY_BANK
3665,FRENCH,,100,87,LEGACY_BANK
3666,FRENCH,,100,87,LEGACY_BANK
3667,FRENCH,,100,87,LEGACY_BANK
3668,FRENCH,,100,87,LEGACY_BANK
3669,FRENCH,,100,87,LEGACY_BANK
3670,FRENCH,,100,87,LEGACY_BANK
3671,FRENCH,,100,87,LEGACY_BANK
3672,FRENCH,,100,87,LEGACY_BANK
3673,FRENCH,,100,87,LEGACY_BANK
3674,FRENCH,,100,87,LEGACY_BANK
3675,FRENCH,,100,87,LEGACY_BANK
3676,FRENCH,,100,87,LEGACY_BANK
3677,FRENCH,,100,87,LEGACY_BANK
3678,FRENCH,,100,87,LEGACY_BANK
3679,FRENCH,,100,87,LEGACY_BANK
3680,FRENCH,,101,88,LEGACY_BANK
3681,FRENCH,,101,88,LEGACY_BANK
3682,FRENCH,,101,88,LEGACY_BANK
3683,FRENCH,,101,88,LEGACY_BANK
3684,FRENCH,,101,88,LEGACY_BANK
3685,FRENCH,,101,88,LEGACY_BANK
3686,FRENCH,,101,88,LEGACY_BANK
3687,FRENCH,,101,88,LEGACY_BANK
3688,FRENCH,,101,88,LEGACY_BANK
3689,FRENCH,,101,88,LEGACY_BANK
3690,FRENCH,,101,88,LEGACY_BANK
3691,FRENCH,,101,88,LEGACY_BANK
3692,FRENCH,,101,88,LEGACY_BANK
3693,FRENCH,,101,88,LEGACY_BANK
3694,FRENCH,,101,88,LEGACY_BANK
3695,FRENCH,,101,88,LEGACY_BANK
3696,FRENCH,,101,88,LEGACY_BANK
3697,FRENCH,,101,88,LEGACY_BANK
3698,FRENCH,,101,88,LEGACY_BANK
3699,FRENCH,,101,88,LEGACY_BANK
3700,FRENCH,,101,88,LEGACY_BANK
3701,FRENCH,,101,88,LEGACY_BANK
3702,FRENCH,,101,88,LEGACY_BANK
3703,FRENCH,,101,88,LEGACY_BANK
3704,FRENCH,,101,88,LEGACY_BANK
3705,FRENCH,,101,88,LEGACY_BANK
3706,FRENCH,,101,88,LEGACY_BANK
3707,FRENCH,,101,88,LEGACY_BANK
3708,FRENCH,,101,88,LEGACY_BANK
3709,FRENCH,,101,88,LEGACY_BANK
3710,FRENCH,,102,88,LEGACY_BANK
3711,FRENCH,,102,88,LEGACY_BANK
3712,FRENCH,,102,88,LEGACY_BANK
3713,FRENCH,,102,88,LEGACY_BANK
3714,FRENCH,,102,88,LEGACY_BANK
3715,FRENCH,,102,88,LEGACY_BANK
3716,FRENCH,,102,88,LEGACY_BANK
3717,FRENCH,,102,88,LEGACY_BANK
3718,FRENCH,,102,88,LEGACY_BANK
3719,FRENCH,,102,88,LEGACY_BANK
3720,FRENCH,,102,88,LEGACY_BANK
3721,FRENCH,,102,88,LEGACY_BANK
3722,FRENCH,,102,88,LEGACY_BANK
3723,FRENCH,,102,88,LEGACY_BANK
3724,FRENCH,,102,88,LEGACY_BANK
3725,FRENCH,,102,88,LEGACY_BANK
3726,FRENCH,,102,88,LEGACY_BANK
3727,FRENCH,,102,88,LEGACY_BANK
3728,FRENCH,,102,88,LEGACY_BANK
3729,FRENCH,,102,88,LEGACY_BANK
3730,FRENCH,,102,88,LEGACY_BANK
3731,FRENCH,,102,88,LEGACY_BANK
3732,FRENCH,,102,88,LEGACY_BANK
3733,FRENCH,,102,88,LEGACY_BANK
3734,FRENCH,,102,88,LEGACY_BANK
3735,FRENCH,,102,88,LEGACY_BANK
3736,FRENCH,,102,88,LEGACY_BANK
3737,FRENCH,,102,88,LEGACY_BANK
3738,FRENCH,,102,88,LEGACY_BANK
3739,FRENCH,,102,88,LEGACY_BANK
3740,FRENCH,,103,89,LEGACY_BANK
3741,FRENCH,,103,89,LEGACY_BANK
3742,FRENCH,,103,89,LEGACY_BANK
3743,FRENCH,,103,89,LEGACY_BANK
3744,FRENCH,,103,89,LEGACY_BANK
3745,FRENCH,,103,89,LEGACY_BANK
3746,FRENCH,,103,89,LEGACY_BANK
3747,FRENCH,,103,89,LEGACY_BANK
3748,FRENCH,,103,89,LEGACY_BANK
3749,FRENCH,,103,89,LEGACY_BANK
3750,FRENCH,,104,89,LEGACY_BANK
3751,FRENCH,,104,89,LEGACY_BANK
3752,FRENCH,,104,89,LEGACY_BANK
3753,FRENCH,,104,89,LEGACY_BANK
3754,FRENCH,,104,89,LEGACY_BANK
3755,FRENCH,,104,89,LEGACY_BANK
3756,FRENCH,,104,89,LEGACY_BANK
3757,FRENCH,,104,89,LEGACY_BANK
3758,FRENCH,,104,89,LEGACY_BANK
3759,FRENCH,,104,89,LEGACY_BANK
3760,FRENCH,,104,89,LEGACY_BANK
3761,FRENCH,,104,89,LEGACY_BANK
3762,FRENCH,,104,89,LEGACY_BANK
3763,FRENCH,,104,89,LEGACY_BANK
3764,FRENCH,,104,89,LEGACY_BANK
3765,FRENCH,,104,89,LEGACY_BANK
3766,FRENCH,,104,89,LEGACY_BANK
3767,FRENCH,,104,89,LEGACY_BANK
3768,FRENCH,,104,89,LEGACY_BANK
3769,FRENCH,,104,89,LEGACY_BANK
3770,FRENCH,,104,89,LEGACY_BANK
3771,FRENCH,,104,89,LEGACY_BANK
3772,FRENCH,,104,89,LEGACY_BANK
3773,FRENCH,,104,89,LEGACY_BANK
3774,FRENCH,,104,89,LEGACY_BANK
3775,FRENCH,,104,89,LEGACY_BANK
3776,FRENCH,,104,89,LEGACY_BANK
3777,FRENCH,,104,89,LEGACY_BANK
3778,FRENCH,,104,89,LEGACY_BANK
3779,FRENCH,,104,89,LEGACY_BANK
3780,FRENCH,,105,90,LEGACY_BANK
3781,FRENCH,,105,90,LEGACY_BANK
3782,FRENCH,,105,90,LEGACY_BANK
3783,FRENCH,,105,90,LEGACY_BANK
3784,FRENCH,,105,90,LEGACY_BANK
3785,FRENCH,,105,90,LEGACY_BANK
3786,FRENCH,,105,90,LEGACY_BANK
3787,FRENCH,,105,90,LEGACY_BANK
3788,FRENCH,,105,90,LEGACY_BANK
3789,FRENCH,,105,90,LEGACY_BANK
3790,FRENCH,,106,90,LEGACY_BANK
3791,FRENCH,,106,90,LEGACY_BANK
3792,FRENCH,,106,90,LEGACY_BANK
3793,FRENCH,,106,90,LEGACY_BANK
3794,FRENCH,,106,90,LEGACY_BANK
3795,FRENCH,,106,90,LEGACY_BANK
3796,FRENCH,,106,90,LEGACY_BANK
3797,FRENCH,,106,90,LEGACY_BANK
3798,FRENCH,,106,90,LEGACY_BANK
3799,FRENCH,,106,90,LEGACY_BANK
3800,FRENCH,,106,90,LEGACY_BANK
3801,FRENCH,,106,90,LEGACY_BANK
3802,FRENCH,,106,90,LEGACY_BANK
3803,FRENCH,,106,90,LEGACY_BANK
3804,FRENCH,,106,90,LEGACY_BANK
3805,FRENCH,,106,90,LEGACY_BANK
3806,FRENCH,,106,90,LEGACY_BANK
3807,FRENCH,,106,90,LEGACY_BANK
3808,FRENCH,,106,90,LEGACY_BANK
3809,FRENCH,,106,90,LEGACY_BANK
3810,FRENCH,,106,90,LEGACY_BANK
3811,FRENCH,,106,90,LEGACY_BANK
3812,FRENCH,,106,90,LEGACY_BANK
3813,FRENCH,,106,90,LEGACY_BANK
3814,FRENCH,,106,90,LEGACY_BANK
3815,FRENCH,,106,90,LEGACY_BANK
3816,FRENCH,,106,90,LEGACY_BANK
3817,FRENCH,,106,90,LEGACY_BANK
3818,FRENCH,,106,90,LEGACY_BANK
3819,FRENCH,,106,90,LEGACY_BANK
3820,MATHEMATICS,,108,91,LEGACY_BANK
3821,MATHEMATICS,,108,91,LEGACY_BANK
3822,MATHEMATICS,,108,91,LEGACY_BANK
3823,MATHEMATICS,,108,91,LEGACY_BANK
3824,MATHEMATICS,,108,91,LEGACY_BANK
3825,MATHEMATICS,,108,91,LEGACY_BANK
3826,MATHEMATICS,,108,91,LEGACY_BANK
3827,MATHEMATICS,,108,91,LEGACY_BANK
3828,MATHEMATICS,,108,91,LEGACY_BANK
3829,MATHEMATICS,,108,91,LEGACY_BANK
3830,MATHEMATICS,,108,91,LEGACY_BANK
3831,MATHEMATICS,,108,91,LEGACY_BANK
3832,MATHEMATICS,,109,91,LEGACY_BANK
3833,MATHEMATICS,,109,91,LEGACY_BANK
3834,MATHEMATICS,,109,91,LEGACY_BANK
3835,MATHEMATICS,,109,91,LEGACY_BANK
3836,MATHEMATICS,,109,91,LEGACY_BANK
3837,MATHEMATICS,,109,91,LEGACY_BANK
3838,MATHEMATICS,,109,91,LEGACY_BANK
3839,MATHEMATICS,,109,91,LEGACY_BANK
3840,MATHEMATICS,,109,91,LEGACY_BANK
3841,MATHEMATICS,,109,91,LEGACY_BANK
3842,MATHEMATICS,,109,91,LEGACY_BANK
3843,MATHEMATICS,,109,91,LEGACY_BANK
3844,MATHEMATICS,,111,92,LEGACY_BANK
3845,MATHEMATICS,,111,92,LEGACY_BANK
3846,MATHEMATICS,,111,92,LEGACY_BANK
3847,MATHEMATICS,,111,92,LEGACY_BANK
3848,MATHEMATICS,,111,92,LEGACY_BANK
3849,MATHEMATICS,,111,92,LEGACY_BANK
3850,MATHEMATICS,,111,92,LEGACY_BANK
3851,MATHEMATICS,,111,92,LEGACY_BANK
3852,MATHEMATICS,,111,92,LEGACY_BANK
3853,MATHEMATICS,,111,92,LEGACY_BANK
3854,MATHEMATICS,,111,92,LEGACY_BANK
3855,MATHEMATICS,,111,92,LEGACY_BANK
3856,MATHEMATICS,,111,92,LEGACY_BANK
3857,MATHEMATICS,,111,92,LEGACY_BANK
3858,MATHEMATICS,,111,92,LEGACY_BANK
3859,MATHEMATICS,,111,92,LEGACY_BANK
3860,MATHEMATICS,,111,92,LEGACY_BANK
3861,MATHEMATICS,,111,92,LEGACY_BANK
3862,MATHEMATICS,,111,92,LEGACY_BANK
3863,MATHEMATICS,,111,92,LEGACY_BANK
3864,MATHEMATICS,,111,92,LEGACY_BANK
3865,MATHEMATICS,,111,92,LEGACY_BANK
3866,MATHEMATICS,,111,92,LEGACY_BANK
3867,MATHEMATICS,,111,92,LEGACY_BANK
3868,MATHEMATICS,,111,92,LEGACY_BANK
3869,MATHEMATICS,,111,92,LEGACY_BANK
3870,MATHEMATICS,,111,92,LEGACY_BANK
3871,MATHEMATICS,,111,92,LEGACY_BANK
3872,MATHEMATICS,,111,92,LEGACY_BANK
3873,MATHEMATICS,,111,92,LEGACY_BANK
3874,MATHEMATICS,,111,92,LEGACY_BANK
3875,MATHEMATICS,,111,92,LEGACY_BANK
3876,MATHEMATICS,,111,92,LEGACY_BANK
3877,MATHEMATICS,,111,92,LEGACY_BANK
3878,MATHEMATICS,,111,92,LEGACY_BANK
3879,MATHEMATICS,,111,92,LEGACY_BANK
3880,MATHEMATICS,,111,92,LEGACY_BANK
3881,MATHEMATICS,,111,92,LEGACY_BANK
3882,MATHEMATICS,,111,92,LEGACY_BANK
3883,MATHEMATICS,,111,92,LEGACY_BANK
3884,MATHEMATICS,,112,92,LEGACY_BANK
3885,MATHEMATICS,,112,92,LEGACY_BANK
3886,MATHEMATICS,,112,92,LEGACY_BANK
3887,MATHEMATICS,,112,92,LEGACY_BANK
3888,MATHEMATICS,,112,92,LEGACY_BANK
3889,MATHEMATICS,,112,92,LEGACY_BANK
3890,MATHEMATICS,,112,92,LEGACY_BANK
3891,MATHEMATICS,,112,92,LEGACY_BANK
3892,MATHEMATICS,,112,92,LEGACY_BANK
3893,MATHEMATICS,,112,92,LEGACY_BANK
3894,MATHEMATICS,,112,92,LEGACY_BANK
3895,MATHEMATICS,,112,92,LEGACY_BANK
3896,MATHEMATICS,,112,92,LEGACY_BANK
3897,MATHEMATICS,,112,92,LEGACY_BANK
3898,MATHEMATICS,,112,92,LEGACY_BANK
3899,MATHEMATICS,,112,92,LEGACY_BANK
3900,MATHEMATICS,,112,92,LEGACY_BANK
3901,MATHEMATICS,,112,92,LEGACY_BANK
3902,MATHEMATICS,,112,92,LEGACY_BANK
3903,MATHEMATICS,,112,92,LEGACY_BANK
3904,MATHEMATICS,,112,92,LEGACY_BANK
3905,MATHEMATICS,,112,92,LEGACY_BANK
3906,MATHEMATICS,,112,92,LEGACY_BANK
3907,MATHEMATICS,,112,92,LEGACY_BANK
3908,MATHEMATICS,,112,92,LEGACY_BANK
3909,MATHEMATICS,,112,92,LEGACY_BANK
3910,MATHEMATICS,,112,92,LEGACY_BANK
3911,MATHEMATICS,,112,92,LEGACY_BANK
3912,MATHEMATICS,,112,92,LEGACY_BANK
3913,MATHEMATICS,,112,92,LEGACY_BANK
3914,MATHEMATICS,,112,92,LEGACY_BANK
3915,MATHEMATICS,,112,92,LEGACY_BANK
3916,MATHEMATICS,,112,92,LEGACY_BANK
3917,MATHEMATICS,,112,92,LEGACY_BANK
3918,MATHEMATICS,,112,92,LEGACY_BANK
3919,MATHEMATICS,,112,92,LEGACY_BANK
3920,MATHEMATICS,,112,92,LEGACY_BANK
3921,MATHEMATICS,,112,92,LEGACY_BANK
3922,MATHEMATICS,,112,92,LEGACY_BANK
3923,MATHEMATICS,,112,92,LEGACY_BANK
3924,MATHEMATICS,,113,93,LEGACY_BANK
3925,MATHEMATICS,,113,93,LEGACY_BANK
3926,MATHEMATICS,,113,93,LEGACY_BANK
3927,MATHEMATICS,,113,93,LEGACY_BANK
3928,MATHEMATICS,,113,93,LEGACY_BANK
3929,MATHEMATICS,,113,93,LEGACY_BANK
3930,MATHEMATICS,,113,93,LEGACY_BANK
3931,MATHEMATICS,,113,93,LEGACY_BANK
3932,MATHEMATICS,,113,93,LEGACY_BANK
3933,MATHEMATICS,,113,93,LEGACY_BANK
3934,MATHEMATICS,,113,93,LEGACY_BANK
3935,MATHEMATICS,,113,93,LEGACY_BANK
3936,MATHEMATICS,,114,93,LEGACY_BANK
3937,MATHEMATICS,,114,93,LEGACY_BANK
3938,MATHEMATICS,,114,93,LEGACY_BANK
3939,MATHEMATICS,,114,93,LEGACY_BANK
3940,MATHEMATICS,,114,93,LEGACY_BANK
3941,MATHEMATICS,,114,93,LEGACY_BANK
3942,MATHEMATICS,,114,93,LEGACY_BANK
3943,MATHEMATICS,,114,93,LEGACY_BANK
3944,MATHEMATICS,,114,93,LEGACY_BANK
3945,MATHEMATICS,,114,93,LEGACY_BANK
3946,MATHEMATICS,,114,93,LEGACY_BANK
3947,MATHEMATICS,,114,93,LEGACY_BANK
3948,MATHEMATICS,,115,93,LEGACY_BANK
3949,MATHEMATICS,,115,93,LEGACY_BANK
3950,MATHEMATICS,,115,93,LEGACY_BANK
3951,MATHEMATICS,,115,93,LEGACY_BANK
3952,MATHEMATICS,,115,93,LEGACY_BANK
3953,MATHEMATICS,,115,93,LEGACY_BANK
3954,MATHEMATICS,,115,93,LEGACY_BANK
3955,MATHEMATICS,,115,93,LEGACY_BANK
3956,MATHEMATICS,,115,93,LEGACY_BANK
3957,MATHEMATICS,,115,93,LEGACY_BANK
3958,MATHEMATICS,,115,93,LEGACY_BANK
3959,MATHEMATICS,,115,93,LEGACY_BANK
3960,MATHEMATICS,,116,94,LEGACY_BANK
3961,MATHEMATICS,,116,94,LEGACY_BANK
3962,MATHEMATICS,,116,94,LEGACY_BANK
3963,MATHEMATICS,,116,94,LEGACY_BANK
3964,MATHEMATICS,,116,94,LEGACY_BANK
3965,MATHEMATICS,,116,94,LEGACY_BANK
3966,MATHEMATICS,,116,94,LEGACY_BANK
3967,MATHEMATICS,,116,94,LEGACY_BANK
3968,MATHEMATICS,,116,94,LEGACY_BANK
3969,MATHEMATICS,,116,94,LEGACY_BANK
3970,MATHEMATICS,,116,94,LEGACY_BANK
3971,MATHEMATICS,,116,94,LEGACY_BANK
3972,MATHEMATICS,,117,94,LEGACY_BANK
3973,MATHEMATICS,,117,94,LEGACY_BANK
3974,MATHEMATICS,,117,94,LEGACY_BANK
3975,MATHEMATICS,,117,94,LEGACY_BANK
3976,MATHEMATICS,,117,94,LEGACY_BANK
3977,MATHEMATICS,,117,94,LEGACY_BANK
3978,MATHEMATICS,,117,94,LEGACY_BANK
3979,MATHEMATICS,,117,94,LEGACY_BANK
3980,MATHEMATICS,,117,94,LEGACY_BANK
3981,MATHEMATICS,,117,94,LEGACY_BANK
3982,MATHEMATICS,,117,94,LEGACY_BANK
3983,MATHEMATICS,,117,94,LEGACY_BANK
3984,MATHEMATICS,,118,94,LEGACY_BANK
3985,MATHEMATICS,,118,94,LEGACY_BANK
3986,MATHEMATICS,,118,94,LEGACY_BANK
3987,MATHEMATICS,,118,94,LEGACY_BANK
3988,MATHEMATICS,,118,94,LEGACY_BANK
3989,MATHEMATICS,,118,94,LEGACY_BANK
3990,MATHEMATICS,,118,94,LEGACY_BANK
3991,MATHEMATICS,,118,94,LEGACY_BANK
3992,MATHEMATICS,,118,94,LEGACY_BANK
3993,MATHEMATICS,,118,94,LEGACY_BANK
3994,MATHEMATICS,,118,94,LEGACY_BANK
3995,MATHEMATICS,,118,94,LEGACY_BANK
3996,MATHEMATICS,,119,95,LEGACY_BANK
3997,MATHEMATICS,,119,95,LEGACY_BANK
3998,MATHEMATICS,,119,95,LEGACY_BANK
3999,MATHEMATICS,,119,95,LEGACY_BANK
4000,MATHEMATICS,,119,95,LEGACY_BANK
4001,MATHEMATICS,,119,95,LEGACY_BANK
4002,MATHEMATICS,,119,95,LEGACY_BANK
4003,MATHEMATICS,,119,95,LEGACY_BANK
4004,MATHEMATICS,,119,95,LEGACY_BANK
4005,MATHEMATICS,,119,95,LEGACY_BANK
4006,MATHEMATICS,,119,95,LEGACY_BANK
4007,MATHEMATICS,,119,95,LEGACY_BANK
4008,MATHEMATICS,,119,95,LEGACY_BANK
4009,MATHEMATICS,,119,95,LEGACY_BANK
4010,MATHEMATICS,,119,95,LEGACY_BANK
4011,MATHEMATICS,,119,95,LEGACY_BANK
4012,MATHEMATICS,,119,95,LEGACY_BANK
4013,MATHEMATICS,,119,95,LEGACY_BANK
4014,MATHEMATICS,,119,95,LEGACY_BANK
4015,MATHEMATICS,,119,95,LEGACY_BANK
4016,MATHEMATICS,,119,95,LEGACY_BANK
4017,MATHEMATICS,,119,95,LEGACY_BANK
4018,MATHEMATICS,,119,95,LEGACY_BANK
4019,MATHEMATICS,,119,95,LEGACY_BANK
4020,MATHEMATICS,,119,95,LEGACY_BANK
4021,MATHEMATICS,,119,95,LEGACY_BANK
4022,MATHEMATICS,,119,95,LEGACY_BANK
4023,MATHEMATICS,,119,95,LEGACY_BANK
4024,MATHEMATICS,,119,95,LEGACY_BANK
4025,MATHEMATICS,,119,95,LEGACY_BANK
4026,MATHEMATICS,,119,95,LEGACY_BANK
4027,MATHEMATICS,,119,95,LEGACY_BANK
4028,MATHEMATICS,,119,95,LEGACY_BANK
4029,MATHEMATICS,,119,95,LEGACY_BANK
4030,MATHEMATICS,,119,95,LEGACY_BANK
4031,MATHEMATICS,,119,95,LEGACY_BANK
4032,MATHEMATICS,,119,95,LEGACY_BANK
4033,MATHEMATICS,,119,95,LEGACY_BANK
4034,MATHEMATICS,,119,95,LEGACY_BANK
4035,MATHEMATICS,,119,95,LEGACY_BANK
4036,MATHEMATICS,,119,95,LEGACY_BANK
4037,MATHEMATICS,,119,95,LEGACY_BANK
4038,MATHEMATICS,,119,95,LEGACY_BANK
4039,MATHEMATICS,,119,95,LEGACY_BANK
4040,MATHEMATICS,,119,95,LEGACY_BANK
4041,MATHEMATICS,,119,95,LEGACY_BANK
4042,MATHEMATICS,,119,95,LEGACY_BANK
4043,MATHEMATICS,,119,95,LEGACY_BANK
4044,MATHEMATICS,,119,95,LEGACY_BANK
4045,MATHEMATICS,,119,95,LEGACY_BANK
4046,MATHEMATICS,,120,95,LEGACY_BANK
4047,MATHEMATICS,,120,95,LEGACY_BANK
4048,MATHEMATICS,,120,95,LEGACY_BANK
4049,MATHEMATICS,,120,95,LEGACY_BANK
4050,MATHEMATICS,,120,95,LEGACY_BANK
4051,MATHEMATICS,,120,95,LEGACY_BANK
4052,MATHEMATICS,,120,95,LEGACY_BANK
4053,MATHEMATICS,,120,95,LEGACY_BANK
4054,MATHEMATICS,,120,95,LEGACY_BANK
4055,MATHEMATICS,,120,95,LEGACY_BANK
4056,MATHEMATICS,,120,95,LEGACY_BANK
4057,MATHEMATICS,,120,95,LEGACY_BANK
4058,MATHEMATICS,,120,95,LEGACY_BANK
4059,MATHEMATICS,,120,95,LEGACY_BANK
4060,MATHEMATICS,,120,95,LEGACY_BANK
4061,MATHEMATICS,,120,95,LEGACY_BANK
4062,MATHEMATICS,,120,95,LEGACY_BANK
4063,MATHEMATICS,,120,95,LEGACY_BANK
4064,MATHEMATICS,,120,95,LEGACY_BANK
4065,MATHEMATICS,,120,95,LEGACY_BANK
4066,MATHEMATICS,,120,95,LEGACY_BANK
4067,MATHEMATICS,,120,95,LEGACY_BANK
4068,MATHEMATICS,,120,95,LEGACY_BANK
4069,MATHEMATICS,,120,95,LEGACY_BANK
4070,MATHEMATICS,,120,95,LEGACY_BANK
4071,MATHEMATICS,,120,95,LEGACY_BANK
4072,MATHEMATICS,,120,95,LEGACY_BANK
4073,MATHEMATICS,,120,95,LEGACY_BANK
4074,MATHEMATICS,,120,95,LEGACY_BANK
4075,MATHEMATICS,,120,95,LEGACY_BANK
4076,MATHEMATICS,,120,95,LEGACY_BANK
4077,MATHEMATICS,,120,95,LEGACY_BANK
4078,MATHEMATICS,,120,95,LEGACY_BANK
4079,MATHEMATICS,,120,95,LEGACY_BANK
4080,MATHEMATICS,,120,95,LEGACY_BANK
4081,MATHEMATICS,,120,95,LEGACY_BANK
4082,MATHEMATICS,,120,95,LEGACY_BANK
4083,MATHEMATICS,,120,95,LEGACY_BANK
4084,MATHEMATICS,,120,95,LEGACY_BANK
4085,MATHEMATICS,,120,95,LEGACY_BANK
4086,MATHEMATICS,,120,95,LEGACY_BANK
4087,MATHEMATICS,,120,95,LEGACY_BANK
4088,MATHEMATICS,,120,95,LEGACY_BANK
4089,MATHEMATICS,,120,95,LEGACY_BANK
4090,MATHEMATICS,,120,95,LEGACY_BANK
4091,MATHEMATICS,,120,95,LEGACY_BANK
4092,MATHEMATICS,,120,95,LEGACY_BANK
4093,MATHEMATICS,,120,95,LEGACY_BANK
4094,MATHEMATICS,,120,95,LEGACY_BANK
4095,MATHEMATICS,,120,95,LEGACY_BANK
4096,MATHEMATICS,,121,96,LEGACY_BANK
2051,MATHEMATICS,,141,104,OFFICIAL_ARCHIVE
2079,FRENCH,,105,90,OFFICIAL_ARCHIVE
2080,FRENCH,,105,90,OFFICIAL_ARCHIVE
2081,FRENCH,,105,90,OFFICIAL_ARCHIVE
2082,FRENCH,,105,90,OFFICIAL_ARCHIVE
2083,FRENCH,,105,90,OFFICIAL_ARCHIVE
2084,FRENCH,,105,90,OFFICIAL_ARCHIVE
2085,FRENCH,,105,90,OFFICIAL_ARCHIVE
2086,FRENCH,,105,90,OFFICIAL_ARCHIVE
2087,FRENCH,,105,90,OFFICIAL_ARCHIVE
2088,FRENCH,,105,90,OFFICIAL_ARCHIVE
2089,FRENCH,,105,90,OFFICIAL_ARCHIVE
2090,FRENCH,,105,90,OFFICIAL_ARCHIVE
2091,FRENCH,,105,90,OFFICIAL_ARCHIVE
2092,FRENCH,,105,90,OFFICIAL_ARCHIVE
2093,FRENCH,,105,90,OFFICIAL_ARCHIVE
2094,FRENCH,,105,90,OFFICIAL_ARCHIVE
2095,FRENCH,,103,89,OFFICIAL_ARCHIVE
2096,FRENCH,,103,89,OFFICIAL_ARCHIVE
2097,FRENCH,,103,89,OFFICIAL_ARCHIVE
2098,FRENCH,,103,89,OFFICIAL_ARCHIVE
2099,FRENCH,,103,89,OFFICIAL_ARCHIVE
2100,FRENCH,,103,89,OFFICIAL_ARCHIVE
2101,FRENCH,,103,89,OFFICIAL_ARCHIVE
2102,FRENCH,,103,89,OFFICIAL_ARCHIVE
2103,FRENCH,,103,89,OFFICIAL_ARCHIVE
2104,FRENCH,,103,89,OFFICIAL_ARCHIVE
2105,FRENCH,,103,89,OFFICIAL_ARCHIVE
2106,FRENCH,,103,89,OFFICIAL_ARCHIVE
2107,FRENCH,,103,89,OFFICIAL_ARCHIVE
2108,FRENCH,,103,89,OFFICIAL_ARCHIVE
2121,MATHEMATICS,,146,106,OFFICIAL_ARCHIVE
2139,MATHEMATICS,,141,104,OFFICIAL_ARCHIVE
2153,PHYSICS_CHEMISTRY,,250,151,OFFICIAL_ARCHIVE
2154,FRENCH,,103,89,OFFICIAL_ARCHIVE
2155,FRENCH,,103,89,OFFICIAL_ARCHIVE
2156,FRENCH,,103,89,OFFICIAL_ARCHIVE
2157,FRENCH,,103,89,OFFICIAL_ARCHIVE
2158,FRENCH,,103,89,OFFICIAL_ARCHIVE
2159,FRENCH,,103,89,OFFICIAL_ARCHIVE
2160,FRENCH,,103,89,OFFICIAL_ARCHIVE
2161,FRENCH,,103,89,OFFICIAL_ARCHIVE
2162,FRENCH,,103,89,OFFICIAL_ARCHIVE
2163,FRENCH,,103,89,OFFICIAL_ARCHIVE
2164,FRENCH,,103,89,OFFICIAL_ARCHIVE
2171,HISTORY,,181,119,OFFICIAL_ARCHIVE
2172,HISTORY,,181,119,OFFICIAL_ARCHIVE
2177,HISTORY,,199,126,OFFICIAL_ARCHIVE
2179,MATHEMATICS,,129,99,OFFICIAL_ARCHIVE
2180,MATHEMATICS,,129,99,OFFICIAL_ARCHIVE
2181,MATHEMATICS,,129,99,OFFICIAL_ARCHIVE
2183,MATHEMATICS,,146,106,OFFICIAL_ARCHIVE
2187,MATHEMATICS,,146,106,OFFICIAL_ARCHIVE
2190,MATHEMATICS,,146,106,OFFICIAL_ARCHIVE
2191,MATHEMATICS,,146,106,OFFICIAL_ARCHIVE
2198,MATHEMATICS,,146,106,OFFICIAL_ARCHIVE
2200,MATHEMATICS,,146,106,OFFICIAL_ARCHIVE
2202,HISTORY,,199,126,OFFICIAL_ARCHIVE
2203,HISTORY,,199,126,OFFICIAL_ARCHIVE
2204,HISTORY,,199,126,OFFICIAL_ARCHIVE
2205,HISTORY,,199,126,OFFICIAL_ARCHIVE
2206,HISTORY,,199,126,OFFICIAL_ARCHIVE
2207,HISTORY,,199,126,OFFICIAL_ARCHIVE
2215,FRENCH,,105,90,OFFICIAL_ARCHIVE
2223,MATHEMATICS,,121,96,OFFICIAL_ARCHIVE
2224,MATHEMATICS,,146,106,OFFICIAL_ARCHIVE
2246,PHYSICS_CHEMISTRY,,250,151,OFFICIAL_ARCHIVE
2247,FRENCH,,105,90,OFFICIAL_ARCHIVE
2248,FRENCH,,105,90,OFFICIAL_ARCHIVE
2249,FRENCH,,105,90,OFFICIAL_ARCHIVE
2250,FRENCH,,105,90,OFFICIAL_ARCHIVE
2251,FRENCH,,105,90,OFFICIAL_ARCHIVE
2252,FRENCH,,105,90,OFFICIAL_ARCHIVE
2253,FRENCH,,105,90,OFFICIAL_ARCHIVE
2254,FRENCH,,105,90,OFFICIAL_ARCHIVE
2255,FRENCH,,105,90,OFFICIAL_ARCHIVE
2256,FRENCH,,105,90,OFFICIAL_ARCHIVE
2257,FRENCH,,105,90,OFFICIAL_ARCHIVE
2258,FRENCH,,105,90,OFFICIAL_ARCHIVE
2259,FRENCH,,105,90,OFFICIAL_ARCHIVE
2260,FRENCH,,105,90,OFFICIAL_ARCHIVE
2261,FRENCH,,105,90,OFFICIAL_ARCHIVE
2262,FRENCH,,105,90,OFFICIAL_ARCHIVE
2263,FRENCH,,105,90,OFFICIAL_ARCHIVE
2265,FRENCH,,105,90,OFFICIAL_ARCHIVE
2266,FRENCH,,105,90,OFFICIAL_ARCHIVE
2267,FRENCH,,105,90,OFFICIAL_ARCHIVE
2268,FRENCH,,105,90,OFFICIAL_ARCHIVE
2269,FRENCH,,105,90,OFFICIAL_ARCHIVE
2270,FRENCH,,105,90,OFFICIAL_ARCHIVE
2271,FRENCH,,105,90,OFFICIAL_ARCHIVE
2272,FRENCH,,105,90,OFFICIAL_ARCHIVE
2273,FRENCH,,105,90,OFFICIAL_ARCHIVE
2274,FRENCH,,89,83,OFFICIAL_ARCHIVE
2275,FRENCH,,89,83,OFFICIAL_ARCHIVE
2276,FRENCH,,89,83,OFFICIAL_ARCHIVE
2277,FRENCH,,89,83,OFFICIAL_ARCHIVE
2278,FRENCH,,105,90,OFFICIAL_ARCHIVE
2279,MATHEMATICS,,146,106,OFFICIAL_ARCHIVE
2285,MATHEMATICS,,141,104,OFFICIAL_ARCHIVE
2290,MATHEMATICS,,141,104,OFFICIAL_ARCHIVE
2301,FRENCH,,103,89,OFFICIAL_ARCHIVE
2302,FRENCH,,103,89,OFFICIAL_ARCHIVE
2303,FRENCH,,103,89,OFFICIAL_ARCHIVE
2304,FRENCH,,103,89,OFFICIAL_ARCHIVE
2305,FRENCH,,103,89,OFFICIAL_ARCHIVE
2306,FRENCH,,103,89,OFFICIAL_ARCHIVE
2307,FRENCH,,103,89,OFFICIAL_ARCHIVE
2308,FRENCH,,103,89,OFFICIAL_ARCHIVE
2309,FRENCH,,89,83,OFFICIAL_ARCHIVE
2310,FRENCH,,103,89,OFFICIAL_ARCHIVE
2311,FRENCH,,103,89,OFFICIAL_ARCHIVE
2312,FRENCH,,103,89,OFFICIAL_ARCHIVE
2313,FRENCH,,103,89,OFFICIAL_ARCHIVE
2314,FRENCH,,103,89,OFFICIAL_ARCHIVE
2315,FRENCH,,103,89,OFFICIAL_ARCHIVE
2316,FRENCH,,103,89,OFFICIAL_ARCHIVE
2317,FRENCH,,103,89,OFFICIAL_ARCHIVE
2318,FRENCH,,105,90,OFFICIAL_ARCHIVE
2334,MATHEMATICS,,146,106,OFFICIAL_ARCHIVE
2360,FRENCH,,84,81,OFFICIAL_ARCHIVE
2361,FRENCH,,105,90,OFFICIAL_ARCHIVE
2362,FRENCH,,105,90,OFFICIAL_ARCHIVE
2363,FRENCH,,105,90,OFFICIAL_ARCHIVE
2364,FRENCH,,105,90,OFFICIAL_ARCHIVE
2365,FRENCH,,105,90,OFFICIAL_ARCHIVE
2366,FRENCH,,105,90,OFFICIAL_ARCHIVE
2367,FRENCH,,105,90,OFFICIAL_ARCHIVE
2368,FRENCH,,105,90,OFFICIAL_ARCHIVE
2369,FRENCH,,105,90,OFFICIAL_ARCHIVE
2370,FRENCH,,105,90,OFFICIAL_ARCHIVE
2371,FRENCH,,89,83,OFFICIAL_ARCHIVE
2372,FRENCH,,89,83,OFFICIAL_ARCHIVE
2373,FRENCH,,89,83,OFFICIAL_ARCHIVE
2374,FRENCH,,89,83,OFFICIAL_ARCHIVE
2376,FRENCH,,89,83,OFFICIAL_ARCHIVE
2377,FRENCH,,89,83,OFFICIAL_ARCHIVE
2378,FRENCH,,89,83,OFFICIAL_ARCHIVE
2379,FRENCH,,89,83,OFFICIAL_ARCHIVE
2380,FRENCH,,103,89,OFFICIAL_ARCHIVE
2381,FRENCH,,103,89,OFFICIAL_ARCHIVE
2382,FRENCH,,103,89,OFFICIAL_ARCHIVE
2383,FRENCH,,103,89,OFFICIAL_ARCHIVE
2384,FRENCH,,103,89,OFFICIAL_ARCHIVE
2385,FRENCH,,103,89,OFFICIAL_ARCHIVE
2386,FRENCH,,103,89,OFFICIAL_ARCHIVE
2387,FRENCH,,103,89,OFFICIAL_ARCHIVE
2388,FRENCH,,103,89,OFFICIAL_ARCHIVE
2389,FRENCH,,103,89,OFFICIAL_ARCHIVE
2390,FRENCH,,103,89,OFFICIAL_ARCHIVE
2391,FRENCH,,103,89,OFFICIAL_ARCHIVE
2392,FRENCH,,103,89,OFFICIAL_ARCHIVE
2393,FRENCH,,105,90,OFFICIAL_ARCHIVE
2396,FRENCH,,105,90,OFFICIAL_ARCHIVE
2418,FRENCH,,105,90,OFFICIAL_ARCHIVE
2419,FRENCH,,105,90,OFFICIAL_ARCHIVE
2420,FRENCH,,105,90,OFFICIAL_ARCHIVE
2421,FRENCH,,105,90,OFFICIAL_ARCHIVE
2422,FRENCH,,105,90,OFFICIAL_ARCHIVE
2423,FRENCH,,105,90,OFFICIAL_ARCHIVE
2424,FRENCH,,105,90,OFFICIAL_ARCHIVE
2425,FRENCH,,105,90,OFFICIAL_ARCHIVE
2426,FRENCH,,105,90,OFFICIAL_ARCHIVE
2427,FRENCH,,105,90,OFFICIAL_ARCHIVE
2428,FRENCH,,105,90,OFFICIAL_ARCHIVE
2429,FRENCH,,105,90,OFFICIAL_ARCHIVE
2430,FRENCH,,105,90,OFFICIAL_ARCHIVE
2431,FRENCH,,105,90,OFFICIAL_ARCHIVE
2432,FRENCH,,105,90,OFFICIAL_ARCHIVE
2433,FRENCH,,105,90,OFFICIAL_ARCHIVE
2434,FRENCH,,105,90,OFFICIAL_ARCHIVE
2435,FRENCH,,105,90,OFFICIAL_ARCHIVE
2436,FRENCH,,105,90,OFFICIAL_ARCHIVE
2437,FRENCH,,105,90,OFFICIAL_ARCHIVE
2438,FRENCH,,105,90,OFFICIAL_ARCHIVE
2439,FRENCH,,105,90,OFFICIAL_ARCHIVE
2440,FRENCH,,105,90,OFFICIAL_ARCHIVE
2441,FRENCH,,105,90,OFFICIAL_ARCHIVE
2442,FRENCH,,105,90,OFFICIAL_ARCHIVE
2444,FRENCH,,89,83,OFFICIAL_ARCHIVE
2445,FRENCH,,89,83,OFFICIAL_ARCHIVE
2446,FRENCH,,89,83,OFFICIAL_ARCHIVE
2447,FRENCH,,89,83,OFFICIAL_ARCHIVE
2448,FRENCH,,89,83,OFFICIAL_ARCHIVE
2449,FRENCH,,89,83,OFFICIAL_ARCHIVE
2450,FRENCH,,105,90,OFFICIAL_ARCHIVE
2452,FRENCH,,103,89,OFFICIAL_ARCHIVE
2453,FRENCH,,103,89,OFFICIAL_ARCHIVE
2454,FRENCH,,103,89,OFFICIAL_ARCHIVE
2455,FRENCH,,103,89,OFFICIAL_ARCHIVE
2456,FRENCH,,103,89,OFFICIAL_ARCHIVE
2457,FRENCH,,103,89,OFFICIAL_ARCHIVE
2458,FRENCH,,103,89,OFFICIAL_ARCHIVE
2459,FRENCH,,103,89,OFFICIAL_ARCHIVE
2460,FRENCH,,103,89,OFFICIAL_ARCHIVE
2461,FRENCH,,103,89,OFFICIAL_ARCHIVE
2462,FRENCH,,103,89,OFFICIAL_ARCHIVE
2463,FRENCH,,103,89,OFFICIAL_ARCHIVE
2464,FRENCH,,103,89,OFFICIAL_ARCHIVE
2465,FRENCH,,103,89,OFFICIAL_ARCHIVE
2466,FRENCH,,103,89,OFFICIAL_ARCHIVE
2467,FRENCH,,103,89,OFFICIAL_ARCHIVE
2468,FRENCH,,103,89,OFFICIAL_ARCHIVE
2469,FRENCH,,103,89,OFFICIAL_ARCHIVE
2470,FRENCH,,103,89,OFFICIAL_ARCHIVE
2471,FRENCH,,103,89,OFFICIAL_ARCHIVE
2472,FRENCH,,103,89,OFFICIAL_ARCHIVE
2473,FRENCH,,103,89,OFFICIAL_ARCHIVE
2474,FRENCH,,103,89,OFFICIAL_ARCHIVE
2475,MATHEMATICS,,146,106,OFFICIAL_ARCHIVE
2476,MATHEMATICS,,146,106,OFFICIAL_ARCHIVE
2477,MATHEMATICS,,146,106,OFFICIAL_ARCHIVE
2478,MATHEMATICS,,146,106,OFFICIAL_ARCHIVE
2479,MATHEMATICS,,146,106,OFFICIAL_ARCHIVE
2480,MATHEMATICS,,146,106,OFFICIAL_ARCHIVE
2481,MATHEMATICS,,146,106,OFFICIAL_ARCHIVE
2482,MATHEMATICS,,146,106,OFFICIAL_ARCHIVE
2483,FRENCH,,103,89,OFFICIAL_ARCHIVE
2484,FRENCH,,103,89,OFFICIAL_ARCHIVE
2485,FRENCH,,103,89,OFFICIAL_ARCHIVE
2486,FRENCH,,103,89,OFFICIAL_ARCHIVE
2487,FRENCH,,103,89,OFFICIAL_ARCHIVE
2488,FRENCH,,103,89,OFFICIAL_ARCHIVE
2489,FRENCH,,103,89,OFFICIAL_ARCHIVE
2490,FRENCH,,103,89,OFFICIAL_ARCHIVE
2491,FRENCH,,103,89,OFFICIAL_ARCHIVE
2492,FRENCH,,103,89,OFFICIAL_ARCHIVE
2493,FRENCH,,103,89,OFFICIAL_ARCHIVE
2494,FRENCH,,103,89,OFFICIAL_ARCHIVE
2495,FRENCH,,103,89,OFFICIAL_ARCHIVE
2498,MATHEMATICS,,146,106,OFFICIAL_ARCHIVE
2500,MATHEMATICS,,146,106,OFFICIAL_ARCHIVE
2503,MATHEMATICS,,146,106,OFFICIAL_ARCHIVE
2504,MATHEMATICS,,146,106,OFFICIAL_ARCHIVE
2506,MATHEMATICS,,146,106,OFFICIAL_ARCHIVE
2507,MATHEMATICS,,146,106,OFFICIAL_ARCHIVE
2508,MATHEMATICS,,146,106,OFFICIAL_ARCHIVE
2510,MATHEMATICS,,146,106,OFFICIAL_ARCHIVE
2530,FRENCH,,105,90,OFFICIAL_ARCHIVE
2531,MATHEMATICS,,146,106,OFFICIAL_ARCHIVE
2537,MATHEMATICS,,146,106,OFFICIAL_ARCHIVE
2538,MATHEMATICS,,146,106,OFFICIAL_ARCHIVE
2539,MATHEMATICS,,146,106,OFFICIAL_ARCHIVE
2540,MATHEMATICS,,146,106,OFFICIAL_ARCHIVE
2541,MATHEMATICS,,146,106,OFFICIAL_ARCHIVE
2542,MATHEMATICS,,141,104,OFFICIAL_ARCHIVE
2544,MATHEMATICS,,146,106,OFFICIAL_ARCHIVE
2558,FRENCH,,89,83,OFFICIAL_ARCHIVE
2559,FRENCH,,89,83,OFFICIAL_ARCHIVE
2560,FRENCH,,89,83,OFFICIAL_ARCHIVE
2561,FRENCH,,105,90,OFFICIAL_ARCHIVE
2562,FRENCH,,105,90,OFFICIAL_ARCHIVE
2563,FRENCH,,105,90,OFFICIAL_ARCHIVE
2564,FRENCH,,105,90,OFFICIAL_ARCHIVE
2565,FRENCH,,105,90,OFFICIAL_ARCHIVE
2566,FRENCH,,105,90,OFFICIAL_ARCHIVE
2567,FRENCH,,105,90,OFFICIAL_ARCHIVE
2568,FRENCH,,105,90,OFFICIAL_ARCHIVE
2569,FRENCH,,105,90,OFFICIAL_ARCHIVE
2570,FRENCH,,105,90,OFFICIAL_ARCHIVE
2571,FRENCH,,105,90,OFFICIAL_ARCHIVE
2572,FRENCH,,105,90,OFFICIAL_ARCHIVE
2573,FRENCH,,105,90,OFFICIAL_ARCHIVE
2574,FRENCH,,105,90,OFFICIAL_ARCHIVE
2575,FRENCH,,105,90,OFFICIAL_ARCHIVE
2576,PHYSICS_CHEMISTRY,,250,151,OFFICIAL_ARCHIVE
2577,MATHEMATICS,,146,106,OFFICIAL_ARCHIVE
2579,MATHEMATICS,,146,106,OFFICIAL_ARCHIVE
2616,FRENCH,,105,90,OFFICIAL_ARCHIVE
2617,FRENCH,,105,90,OFFICIAL_ARCHIVE
2618,FRENCH,,105,90,OFFICIAL_ARCHIVE
2619,FRENCH,,105,90,OFFICIAL_ARCHIVE
2620,FRENCH,,105,90,OFFICIAL_ARCHIVE
2621,FRENCH,,89,83,OFFICIAL_ARCHIVE
2622,FRENCH,,89,83,OFFICIAL_ARCHIVE
2623,FRENCH,,89,83,OFFICIAL_ARCHIVE
2624,FRENCH,,103,89,OFFICIAL_ARCHIVE
2625,FRENCH,,103,89,OFFICIAL_ARCHIVE
2626,FRENCH,,103,89,OFFICIAL_ARCHIVE
2627,FRENCH,,103,89,OFFICIAL_ARCHIVE
2628,FRENCH,,103,89,OFFICIAL_ARCHIVE
2629,FRENCH,,103,89,OFFICIAL_ARCHIVE
2630,FRENCH,,103,89,OFFICIAL_ARCHIVE
2631,FRENCH,,103,89,OFFICIAL_ARCHIVE
2632,FRENCH,,103,89,OFFICIAL_ARCHIVE
2633,FRENCH,,103,89,OFFICIAL_ARCHIVE
2634,FRENCH,,103,89,OFFICIAL_ARCHIVE
2635,FRENCH,,103,89,OFFICIAL_ARCHIVE
2636,FRENCH,,103,89,OFFICIAL_ARCHIVE
2637,FRENCH,,103,89,OFFICIAL_ARCHIVE
2638,FRENCH,,103,89,OFFICIAL_ARCHIVE
2639,FRENCH,,103,89,OFFICIAL_ARCHIVE
2641,MATHEMATICS,,170,116,OFFICIAL_ARCHIVE
2645,MATHEMATICS,,136,102,OFFICIAL_ARCHIVE
2647,MATHEMATICS,,146,106,OFFICIAL_ARCHIVE
2652,MATHEMATICS,,124,97,OFFICIAL_ARCHIVE
2654,MATHEMATICS,,141,104,OFFICIAL_ARCHIVE
2660,MATHEMATICS,,146,106,OFFICIAL_ARCHIVE
2665,MATHEMATICS,,136,102,OFFICIAL_ARCHIVE
2671,FRENCH,,105,90,OFFICIAL_ARCHIVE
2677,PHYSICS_CHEMISTRY,,256,154,OFFICIAL_ARCHIVE
2678,PHYSICS_CHEMISTRY,,256,154,OFFICIAL_ARCHIVE
2679,PHYSICS_CHEMISTRY,,250,151,OFFICIAL_ARCHIVE
2681,HISTORY,,181,119,OFFICIAL_ARCHIVE
2682,HISTORY,,181,119,OFFICIAL_ARCHIVE
2683,HISTORY,,181,119,OFFICIAL_ARCHIVE
2684,HISTORY,,181,119,OFFICIAL_ARCHIVE
2685,HISTORY,,181,119,OFFICIAL_ARCHIVE
2688,HISTORY,,189,122,OFFICIAL_ARCHIVE
2689,HISTORY,,189,122,OFFICIAL_ARCHIVE
2690,HISTORY,,189,122,OFFICIAL_ARCHIVE
2691,HISTORY,,189,122,OFFICIAL_ARCHIVE
2692,HISTORY,,189,122,OFFICIAL_ARCHIVE
2693,FRENCH,,105,90,OFFICIAL_ARCHIVE
2694,FRENCH,,105,90,OFFICIAL_ARCHIVE
2695,FRENCH,,105,90,OFFICIAL_ARCHIVE
2696,FRENCH,,105,90,OFFICIAL_ARCHIVE
2697,FRENCH,,105,90,OFFICIAL_ARCHIVE
2698,FRENCH,,105,90,OFFICIAL_ARCHIVE
2699,FRENCH,,105,90,OFFICIAL_ARCHIVE
2700,FRENCH,,105,90,OFFICIAL_ARCHIVE
2701,FRENCH,,105,90,OFFICIAL_ARCHIVE
2702,FRENCH,,105,90,OFFICIAL_ARCHIVE
2703,FRENCH,,105,90,OFFICIAL_ARCHIVE
2704,FRENCH,,105,90,OFFICIAL_ARCHIVE
2705,FRENCH,,105,90,OFFICIAL_ARCHIVE
2706,FRENCH,,105,90,OFFICIAL_ARCHIVE
2707,FRENCH,,105,90,OFFICIAL_ARCHIVE
2708,FRENCH,,105,90,OFFICIAL_ARCHIVE
2709,FRENCH,,105,90,OFFICIAL_ARCHIVE
2710,FRENCH,,105,90,OFFICIAL_ARCHIVE
2711,FRENCH,,105,90,OFFICIAL_ARCHIVE
2712,FRENCH,,105,90,OFFICIAL_ARCHIVE
2713,FRENCH,,105,90,OFFICIAL_ARCHIVE
2714,FRENCH,,105,90,OFFICIAL_ARCHIVE
2715,FRENCH,,105,90,OFFICIAL_ARCHIVE
2716,FRENCH,,105,90,OFFICIAL_ARCHIVE
2717,FRENCH,,105,90,OFFICIAL_ARCHIVE
2718,FRENCH,,105,90,OFFICIAL_ARCHIVE
2719,FRENCH,,105,90,OFFICIAL_ARCHIVE
2720,FRENCH,,105,90,OFFICIAL_ARCHIVE
2721,FRENCH,,105,90,OFFICIAL_ARCHIVE
2722,FRENCH,,105,90,OFFICIAL_ARCHIVE
2723,FRENCH,,105,90,OFFICIAL_ARCHIVE
2724,FRENCH,,105,90,OFFICIAL_ARCHIVE
2725,FRENCH,,105,90,OFFICIAL_ARCHIVE
2726,FRENCH,,105,90,OFFICIAL_ARCHIVE
2727,FRENCH,,105,90,OFFICIAL_ARCHIVE
2728,FRENCH,,105,90,OFFICIAL_ARCHIVE
2729,FRENCH,,105,90,OFFICIAL_ARCHIVE
2730,FRENCH,,105,90,OFFICIAL_ARCHIVE
2731,FRENCH,,105,90,OFFICIAL_ARCHIVE
2732,FRENCH,,105,90,OFFICIAL_ARCHIVE
2733,FRENCH,,105,90,OFFICIAL_ARCHIVE
2735,MATHEMATICS,,146,106,OFFICIAL_ARCHIVE
2736,MATHEMATICS,,124,97,OFFICIAL_ARCHIVE
2739,MATHEMATICS,,146,106,OFFICIAL_ARCHIVE
2743,MATHEMATICS,,141,104,OFFICIAL_ARCHIVE
2745,MATHEMATICS,,141,104,OFFICIAL_ARCHIVE
2747,MATHEMATICS,,141,104,OFFICIAL_ARCHIVE
2750,MATHEMATICS,,141,104,OFFICIAL_ARCHIVE
2751,MATHEMATICS,,141,104,OFFICIAL_ARCHIVE
2762,FRENCH,,89,83,OFFICIAL_ARCHIVE
2763,FRENCH,,89,83,OFFICIAL_ARCHIVE
2764,FRENCH,,89,83,OFFICIAL_ARCHIVE
2765,FRENCH,,89,83,OFFICIAL_ARCHIVE
2766,FRENCH,,89,83,OFFICIAL_ARCHIVE
2767,FRENCH,,89,83,OFFICIAL_ARCHIVE
2768,FRENCH,,89,83,OFFICIAL_ARCHIVE
2769,FRENCH,,89,83,OFFICIAL_ARCHIVE
2770,FRENCH,,89,83,OFFICIAL_ARCHIVE
2771,FRENCH,,89,83,OFFICIAL_ARCHIVE
2772,FRENCH,,89,83,OFFICIAL_ARCHIVE
2773,FRENCH,,89,83,OFFICIAL_ARCHIVE
2774,FRENCH,,89,83,OFFICIAL_ARCHIVE
2775,FRENCH,,89,83,OFFICIAL_ARCHIVE
2776,FRENCH,,89,83,OFFICIAL_ARCHIVE
2777,FRENCH,,89,83,OFFICIAL_ARCHIVE
2778,FRENCH,,89,83,OFFICIAL_ARCHIVE
2784,HISTORY,,199,126,OFFICIAL_ARCHIVE
2785,HISTORY,,199,126,OFFICIAL_ARCHIVE
2786,HISTORY,,199,126,OFFICIAL_ARCHIVE
2787,HISTORY,,199,126,OFFICIAL_ARCHIVE
2788,HISTORY,,199,126,OFFICIAL_ARCHIVE
2789,HISTORY,,199,126,OFFICIAL_ARCHIVE
2790,HISTORY,,199,126,OFFICIAL_ARCHIVE
2791,HISTORY,,199,126,OFFICIAL_ARCHIVE
2792,HISTORY,,181,119,OFFICIAL_ARCHIVE
2793,HISTORY,,189,122,OFFICIAL_ARCHIVE
2794,PHYSICS_CHEMISTRY,,256,154,OFFICIAL_ARCHIVE
2800,HISTORY,,199,126,OFFICIAL_ARCHIVE
2807,PHYSICS_CHEMISTRY,,250,151,OFFICIAL_ARCHIVE
2813,HISTORY,,199,126,OFFICIAL_ARCHIVE
2822,HISTORY,,199,126,OFFICIAL_ARCHIVE
2823,HISTORY,,199,126,OFFICIAL_ARCHIVE
2824,HISTORY,,199,126,OFFICIAL_ARCHIVE
2827,HISTORY,,199,126,OFFICIAL_ARCHIVE
2828,HISTORY,,199,126,OFFICIAL_ARCHIVE
2829,HISTORY,,199,126,OFFICIAL_ARCHIVE
2830,HISTORY,,199,126,OFFICIAL_ARCHIVE
2831,HISTORY,,199,126,OFFICIAL_ARCHIVE
2832,HISTORY,,199,126,OFFICIAL_ARCHIVE
2833,HISTORY,,199,126,OFFICIAL_ARCHIVE
2834,HISTORY,,199,126,OFFICIAL_ARCHIVE
2835,HISTORY,,199,126,OFFICIAL_ARCHIVE
2836,HISTORY,,199,126,OFFICIAL_ARCHIVE
2872,HISTORY,,199,126,OFFICIAL_ARCHIVE
2880,HISTORY,,199,126,OFFICIAL_ARCHIVE
2881,PHYSICS_CHEMISTRY,,250,151,OFFICIAL_ARCHIVE
2882,HISTORY,,181,119,OFFICIAL_ARCHIVE
2883,HISTORY,,181,119,OFFICIAL_ARCHIVE
2884,HISTORY,,181,119,OFFICIAL_ARCHIVE
2885,HISTORY,,181,119,OFFICIAL_ARCHIVE
2886,HISTORY,,181,119,OFFICIAL_ARCHIVE
2910,HISTORY,,181,119,OFFICIAL_ARCHIVE
2911,HISTORY,,181,119,OFFICIAL_ARCHIVE
2912,HISTORY,,181,119,OFFICIAL_ARCHIVE
2913,HISTORY,,181,119,OFFICIAL_ARCHIVE
2914,HISTORY,,181,119,OFFICIAL_ARCHIVE
2923,HISTORY,,181,119,OFFICIAL_ARCHIVE
2924,FRENCH,,105,90,OFFICIAL_ARCHIVE
2931,HISTORY,,199,126,OFFICIAL_ARCHIVE
2932,HISTORY,,199,126,OFFICIAL_ARCHIVE
2933,HISTORY,,199,126,OFFICIAL_ARCHIVE
2934,HISTORY,,199,126,OFFICIAL_ARCHIVE
2935,HISTORY,,189,122,OFFICIAL_ARCHIVE
2940,MATHEMATICS,,146,106,OFFICIAL_ARCHIVE
2941,MATHEMATICS,,146,106,OFFICIAL_ARCHIVE
2942,MATHEMATICS,,146,106,OFFICIAL_ARCHIVE
2943,MATHEMATICS,,146,106,OFFICIAL_ARCHIVE
2944,MATHEMATICS,,146,106,OFFICIAL_ARCHIVE
2945,MATHEMATICS,,146,106,OFFICIAL_ARCHIVE
2947,FRENCH,,103,89,OFFICIAL_ARCHIVE
2948,FRENCH,,103,89,OFFICIAL_ARCHIVE
2949,FRENCH,,103,89,OFFICIAL_ARCHIVE
2950,FRENCH,,103,89,OFFICIAL_ARCHIVE
2951,FRENCH,,103,89,OFFICIAL_ARCHIVE
2952,FRENCH,,103,89,OFFICIAL_ARCHIVE
2953,FRENCH,,103,89,OFFICIAL_ARCHIVE
2954,FRENCH,,103,89,OFFICIAL_ARCHIVE
2955,FRENCH,,103,89,OFFICIAL_ARCHIVE
2956,FRENCH,,105,90,OFFICIAL_ARCHIVE
2957,FRENCH,,105,90,OFFICIAL_ARCHIVE
2958,FRENCH,,103,89,OFFICIAL_ARCHIVE
2959,FRENCH,,103,89,OFFICIAL_ARCHIVE
2960,FRENCH,,103,89,OFFICIAL_ARCHIVE
2961,FRENCH,,103,89,OFFICIAL_ARCHIVE
2962,FRENCH,,103,89,OFFICIAL_ARCHIVE
2963,FRENCH,,103,89,OFFICIAL_ARCHIVE
2964,FRENCH,,103,89,OFFICIAL_ARCHIVE
2965,FRENCH,,103,89,OFFICIAL_ARCHIVE
2966,FRENCH,,103,89,OFFICIAL_ARCHIVE
2967,FRENCH,,103,89,OFFICIAL_ARCHIVE
2968,FRENCH,,103,89,OFFICIAL_ARCHIVE
2991,MATHEMATICS,,136,102,OFFICIAL_ARCHIVE
2993,MATHEMATICS,,136,102,OFFICIAL_ARCHIVE
2996,MATHEMATICS,,136,102,OFFICIAL_ARCHIVE
3000,PHYSICS_CHEMISTRY,,252,152,OFFICIAL_ARCHIVE
3001,PHYSICS_CHEMISTRY,,250,151,OFFICIAL_ARCHIVE
3002,PHYSICS_CHEMISTRY,,256,154,OFFICIAL_ARCHIVE
3003,PHYSICS_CHEMISTRY,,250,151,OFFICIAL_ARCHIVE
3004,FRENCH,,84,81,OFFICIAL_ARCHIVE
3005,FRENCH,,84,81,OFFICIAL_ARCHIVE
3006,FRENCH,,84,81,OFFICIAL_ARCHIVE
3007,FRENCH,,92,84,OFFICIAL_ARCHIVE
3008,FRENCH,,84,81,OFFICIAL_ARCHIVE
3009,FRENCH,,84,81,OFFICIAL_ARCHIVE
3010,FRENCH,,84,81,OFFICIAL_ARCHIVE
3011,FRENCH,,84,81,OFFICIAL_ARCHIVE
3012,FRENCH,,84,81,OFFICIAL_ARCHIVE
3013,FRENCH,,84,81,OFFICIAL_ARCHIVE
3014,FRENCH,,84,81,OFFICIAL_ARCHIVE
3015,FRENCH,,84,81,OFFICIAL_ARCHIVE
3016,FRENCH,,84,81,OFFICIAL_ARCHIVE
3017,FRENCH,,84,81,OFFICIAL_ARCHIVE
3018,FRENCH,,84,81,OFFICIAL_ARCHIVE
3019,FRENCH,,84,81,OFFICIAL_ARCHIVE
3020,FRENCH,,84,81,OFFICIAL_ARCHIVE
3021,FRENCH,,84,81,OFFICIAL_ARCHIVE
3022,FRENCH,,84,81,OFFICIAL_ARCHIVE
3023,FRENCH,,84,81,OFFICIAL_ARCHIVE
3024,FRENCH,,84,81,OFFICIAL_ARCHIVE
3025,FRENCH,,84,81,OFFICIAL_ARCHIVE
3026,FRENCH,,84,81,OFFICIAL_ARCHIVE
3027,PHYSICS_CHEMISTRY,,250,151,OFFICIAL_ARCHIVE
3028,FRENCH,,89,83,OFFICIAL_ARCHIVE
3029,FRENCH,,89,83,OFFICIAL_ARCHIVE
3030,FRENCH,,89,83,OFFICIAL_ARCHIVE
3031,FRENCH,,89,83,OFFICIAL_ARCHIVE
3054,FRENCH,,105,90,OFFICIAL_ARCHIVE
3075,MATHEMATICS,,146,106,OFFICIAL_ARCHIVE
3082,FRENCH,,84,81,OFFICIAL_ARCHIVE
4097,MATHEMATICS,,121,96,LEGACY_BANK
4098,MATHEMATICS,,121,96,LEGACY_BANK
4099,MATHEMATICS,,121,96,LEGACY_BANK
4100,MATHEMATICS,,121,96,LEGACY_BANK
4101,MATHEMATICS,,121,96,LEGACY_BANK
4102,MATHEMATICS,,121,96,LEGACY_BANK
4103,MATHEMATICS,,121,96,LEGACY_BANK
4104,MATHEMATICS,,121,96,LEGACY_BANK
4105,MATHEMATICS,,121,96,LEGACY_BANK
4106,MATHEMATICS,,121,96,LEGACY_BANK
4107,MATHEMATICS,,121,96,LEGACY_BANK
4108,MATHEMATICS,,122,96,LEGACY_BANK
4109,MATHEMATICS,,122,96,LEGACY_BANK
4110,MATHEMATICS,,122,96,LEGACY_BANK
4111,MATHEMATICS,,122,96,LEGACY_BANK
4112,MATHEMATICS,,122,96,LEGACY_BANK
4113,MATHEMATICS,,122,96,LEGACY_BANK
4114,MATHEMATICS,,122,96,LEGACY_BANK
4115,MATHEMATICS,,122,96,LEGACY_BANK
4116,MATHEMATICS,,122,96,LEGACY_BANK
4117,MATHEMATICS,,122,96,LEGACY_BANK
4118,MATHEMATICS,,122,96,LEGACY_BANK
4119,MATHEMATICS,,122,96,LEGACY_BANK
4120,MATHEMATICS,,123,96,LEGACY_BANK
4121,MATHEMATICS,,123,96,LEGACY_BANK
4122,MATHEMATICS,,123,96,LEGACY_BANK
4123,MATHEMATICS,,123,96,LEGACY_BANK
4124,MATHEMATICS,,123,96,LEGACY_BANK
4125,MATHEMATICS,,123,96,LEGACY_BANK
4126,MATHEMATICS,,123,96,LEGACY_BANK
4127,MATHEMATICS,,123,96,LEGACY_BANK
4128,MATHEMATICS,,123,96,LEGACY_BANK
4129,MATHEMATICS,,123,96,LEGACY_BANK
4130,MATHEMATICS,,123,96,LEGACY_BANK
4131,MATHEMATICS,,123,96,LEGACY_BANK
4132,MATHEMATICS,,124,97,LEGACY_BANK
4133,MATHEMATICS,,124,97,LEGACY_BANK
4134,MATHEMATICS,,124,97,LEGACY_BANK
4135,MATHEMATICS,,124,97,LEGACY_BANK
4136,MATHEMATICS,,124,97,LEGACY_BANK
4137,MATHEMATICS,,124,97,LEGACY_BANK
4138,MATHEMATICS,,124,97,LEGACY_BANK
4139,MATHEMATICS,,124,97,LEGACY_BANK
4140,MATHEMATICS,,124,97,LEGACY_BANK
4141,MATHEMATICS,,124,97,LEGACY_BANK
4142,MATHEMATICS,,125,97,LEGACY_BANK
4143,MATHEMATICS,,125,97,LEGACY_BANK
4144,MATHEMATICS,,125,97,LEGACY_BANK
4145,MATHEMATICS,,125,97,LEGACY_BANK
4146,MATHEMATICS,,125,97,LEGACY_BANK
4147,MATHEMATICS,,125,97,LEGACY_BANK
4148,MATHEMATICS,,125,97,LEGACY_BANK
4149,MATHEMATICS,,125,97,LEGACY_BANK
4150,MATHEMATICS,,125,97,LEGACY_BANK
4151,MATHEMATICS,,125,97,LEGACY_BANK
4152,MATHEMATICS,,125,97,LEGACY_BANK
4153,MATHEMATICS,,125,97,LEGACY_BANK
4154,MATHEMATICS,,125,97,LEGACY_BANK
4155,MATHEMATICS,,125,97,LEGACY_BANK
4156,MATHEMATICS,,125,97,LEGACY_BANK
4157,MATHEMATICS,,125,97,LEGACY_BANK
4158,MATHEMATICS,,125,97,LEGACY_BANK
4159,MATHEMATICS,,125,97,LEGACY_BANK
4160,MATHEMATICS,,125,97,LEGACY_BANK
4161,MATHEMATICS,,125,97,LEGACY_BANK
4162,MATHEMATICS,,125,97,LEGACY_BANK
4163,MATHEMATICS,,125,97,LEGACY_BANK
4164,MATHEMATICS,,125,97,LEGACY_BANK
4165,MATHEMATICS,,125,97,LEGACY_BANK
4166,MATHEMATICS,,125,97,LEGACY_BANK
4167,MATHEMATICS,,125,97,LEGACY_BANK
4168,MATHEMATICS,,125,97,LEGACY_BANK
4169,MATHEMATICS,,125,97,LEGACY_BANK
4170,MATHEMATICS,,125,97,LEGACY_BANK
4171,MATHEMATICS,,125,97,LEGACY_BANK
4172,MATHEMATICS,,125,97,LEGACY_BANK
4173,MATHEMATICS,,125,97,LEGACY_BANK
4174,MATHEMATICS,,125,97,LEGACY_BANK
4175,MATHEMATICS,,125,97,LEGACY_BANK
4176,MATHEMATICS,,125,97,LEGACY_BANK
4177,MATHEMATICS,,125,97,LEGACY_BANK
4178,MATHEMATICS,,125,97,LEGACY_BANK
4179,MATHEMATICS,,125,97,LEGACY_BANK
4180,MATHEMATICS,,125,97,LEGACY_BANK
4181,MATHEMATICS,,125,97,LEGACY_BANK
4182,MATHEMATICS,,125,97,LEGACY_BANK
4183,MATHEMATICS,,125,97,LEGACY_BANK
4184,MATHEMATICS,,125,97,LEGACY_BANK
4185,MATHEMATICS,,125,97,LEGACY_BANK
4186,MATHEMATICS,,125,97,LEGACY_BANK
4187,MATHEMATICS,,125,97,LEGACY_BANK
4188,MATHEMATICS,,125,97,LEGACY_BANK
4189,MATHEMATICS,,125,97,LEGACY_BANK
4190,MATHEMATICS,,125,97,LEGACY_BANK
4191,MATHEMATICS,,125,97,LEGACY_BANK
4192,MATHEMATICS,,126,97,LEGACY_BANK
4193,MATHEMATICS,,126,97,LEGACY_BANK
4194,MATHEMATICS,,126,97,LEGACY_BANK
4195,MATHEMATICS,,126,97,LEGACY_BANK
4196,MATHEMATICS,,126,97,LEGACY_BANK
4197,MATHEMATICS,,126,97,LEGACY_BANK
4198,MATHEMATICS,,126,97,LEGACY_BANK
4199,MATHEMATICS,,126,97,LEGACY_BANK
4200,MATHEMATICS,,126,97,LEGACY_BANK
4201,MATHEMATICS,,126,97,LEGACY_BANK
4202,MATHEMATICS,,126,97,LEGACY_BANK
4203,MATHEMATICS,,126,97,LEGACY_BANK
4204,MATHEMATICS,,126,97,LEGACY_BANK
4205,MATHEMATICS,,126,97,LEGACY_BANK
4206,MATHEMATICS,,126,97,LEGACY_BANK
4207,MATHEMATICS,,126,97,LEGACY_BANK
4208,MATHEMATICS,,126,97,LEGACY_BANK
4209,MATHEMATICS,,126,97,LEGACY_BANK
4210,MATHEMATICS,,126,97,LEGACY_BANK
4211,MATHEMATICS,,126,97,LEGACY_BANK
4212,MATHEMATICS,,126,97,LEGACY_BANK
4213,MATHEMATICS,,126,97,LEGACY_BANK
4214,MATHEMATICS,,126,97,LEGACY_BANK
4215,MATHEMATICS,,126,97,LEGACY_BANK
4216,MATHEMATICS,,126,97,LEGACY_BANK
4217,MATHEMATICS,,126,97,LEGACY_BANK
4218,MATHEMATICS,,126,97,LEGACY_BANK
4219,MATHEMATICS,,126,97,LEGACY_BANK
4220,MATHEMATICS,,126,97,LEGACY_BANK
4221,MATHEMATICS,,126,97,LEGACY_BANK
4222,MATHEMATICS,,126,97,LEGACY_BANK
4223,MATHEMATICS,,126,97,LEGACY_BANK
4224,MATHEMATICS,,126,97,LEGACY_BANK
4225,MATHEMATICS,,126,97,LEGACY_BANK
4226,MATHEMATICS,,126,97,LEGACY_BANK
4227,MATHEMATICS,,126,97,LEGACY_BANK
4228,MATHEMATICS,,126,97,LEGACY_BANK
4229,MATHEMATICS,,126,97,LEGACY_BANK
4230,MATHEMATICS,,126,97,LEGACY_BANK
4231,MATHEMATICS,,126,97,LEGACY_BANK
4232,MATHEMATICS,,126,97,LEGACY_BANK
4233,MATHEMATICS,,126,97,LEGACY_BANK
4234,MATHEMATICS,,126,97,LEGACY_BANK
4235,MATHEMATICS,,126,97,LEGACY_BANK
4236,MATHEMATICS,,126,97,LEGACY_BANK
4237,MATHEMATICS,,126,97,LEGACY_BANK
4238,MATHEMATICS,,126,97,LEGACY_BANK
4239,MATHEMATICS,,126,97,LEGACY_BANK
4240,MATHEMATICS,,126,97,LEGACY_BANK
4241,MATHEMATICS,,126,97,LEGACY_BANK
4242,MATHEMATICS,,127,98,LEGACY_BANK
4243,MATHEMATICS,,127,98,LEGACY_BANK
4244,MATHEMATICS,,127,98,LEGACY_BANK
4245,MATHEMATICS,,127,98,LEGACY_BANK
4246,MATHEMATICS,,127,98,LEGACY_BANK
4247,MATHEMATICS,,127,98,LEGACY_BANK
4248,MATHEMATICS,,127,98,LEGACY_BANK
4249,MATHEMATICS,,127,98,LEGACY_BANK
4250,MATHEMATICS,,127,98,LEGACY_BANK
4251,MATHEMATICS,,127,98,LEGACY_BANK
4252,MATHEMATICS,,127,98,LEGACY_BANK
4253,MATHEMATICS,,127,98,LEGACY_BANK
4254,MATHEMATICS,,128,98,LEGACY_BANK
4255,MATHEMATICS,,128,98,LEGACY_BANK
4256,MATHEMATICS,,128,98,LEGACY_BANK
4257,MATHEMATICS,,128,98,LEGACY_BANK
4258,MATHEMATICS,,128,98,LEGACY_BANK
4259,MATHEMATICS,,128,98,LEGACY_BANK
4260,MATHEMATICS,,128,98,LEGACY_BANK
4261,MATHEMATICS,,128,98,LEGACY_BANK
4262,MATHEMATICS,,128,98,LEGACY_BANK
4263,MATHEMATICS,,128,98,LEGACY_BANK
4264,MATHEMATICS,,128,98,LEGACY_BANK
4265,MATHEMATICS,,128,98,LEGACY_BANK
4266,MATHEMATICS,,130,99,LEGACY_BANK
4267,MATHEMATICS,,130,99,LEGACY_BANK
4268,MATHEMATICS,,130,99,LEGACY_BANK
4269,MATHEMATICS,,130,99,LEGACY_BANK
4270,MATHEMATICS,,130,99,LEGACY_BANK
4271,MATHEMATICS,,130,99,LEGACY_BANK
4272,MATHEMATICS,,130,99,LEGACY_BANK
4273,MATHEMATICS,,130,99,LEGACY_BANK
4274,MATHEMATICS,,130,99,LEGACY_BANK
4275,MATHEMATICS,,130,99,LEGACY_BANK
4276,MATHEMATICS,,130,99,LEGACY_BANK
4277,MATHEMATICS,,130,99,LEGACY_BANK
4278,MATHEMATICS,,130,99,LEGACY_BANK
4279,MATHEMATICS,,130,99,LEGACY_BANK
4280,MATHEMATICS,,130,99,LEGACY_BANK
4281,MATHEMATICS,,130,99,LEGACY_BANK
4282,MATHEMATICS,,130,99,LEGACY_BANK
4283,MATHEMATICS,,130,99,LEGACY_BANK
4284,MATHEMATICS,,130,99,LEGACY_BANK
4285,MATHEMATICS,,130,99,LEGACY_BANK
4286,MATHEMATICS,,130,99,LEGACY_BANK
4287,MATHEMATICS,,130,99,LEGACY_BANK
4288,MATHEMATICS,,130,99,LEGACY_BANK
4289,MATHEMATICS,,130,99,LEGACY_BANK
4290,MATHEMATICS,,130,99,LEGACY_BANK
4291,MATHEMATICS,,130,99,LEGACY_BANK
4292,MATHEMATICS,,130,99,LEGACY_BANK
4293,MATHEMATICS,,130,99,LEGACY_BANK
4294,MATHEMATICS,,130,99,LEGACY_BANK
4295,MATHEMATICS,,130,99,LEGACY_BANK
4296,MATHEMATICS,,130,99,LEGACY_BANK
4297,MATHEMATICS,,130,99,LEGACY_BANK
4298,MATHEMATICS,,130,99,LEGACY_BANK
4299,MATHEMATICS,,130,99,LEGACY_BANK
4300,MATHEMATICS,,130,99,LEGACY_BANK
4301,MATHEMATICS,,130,99,LEGACY_BANK
4302,MATHEMATICS,,130,99,LEGACY_BANK
4303,MATHEMATICS,,130,99,LEGACY_BANK
4304,MATHEMATICS,,130,99,LEGACY_BANK
4305,MATHEMATICS,,130,99,LEGACY_BANK
4306,MATHEMATICS,,131,100,LEGACY_BANK
4307,MATHEMATICS,,131,100,LEGACY_BANK
4308,MATHEMATICS,,131,100,LEGACY_BANK
4309,MATHEMATICS,,131,100,LEGACY_BANK
4310,MATHEMATICS,,131,100,LEGACY_BANK
4311,MATHEMATICS,,131,100,LEGACY_BANK
4312,MATHEMATICS,,131,100,LEGACY_BANK
4313,MATHEMATICS,,131,100,LEGACY_BANK
4314,MATHEMATICS,,131,100,LEGACY_BANK
4315,MATHEMATICS,,131,100,LEGACY_BANK
4316,MATHEMATICS,,132,100,LEGACY_BANK
4317,MATHEMATICS,,132,100,LEGACY_BANK
4318,MATHEMATICS,,132,100,LEGACY_BANK
4319,MATHEMATICS,,132,100,LEGACY_BANK
4320,MATHEMATICS,,132,100,LEGACY_BANK
4321,MATHEMATICS,,132,100,LEGACY_BANK
4322,MATHEMATICS,,132,100,LEGACY_BANK
4323,MATHEMATICS,,132,100,LEGACY_BANK
4324,MATHEMATICS,,132,100,LEGACY_BANK
4325,MATHEMATICS,,132,100,LEGACY_BANK
4326,MATHEMATICS,,132,100,LEGACY_BANK
4327,MATHEMATICS,,132,100,LEGACY_BANK
4328,MATHEMATICS,,132,100,LEGACY_BANK
4329,MATHEMATICS,,132,100,LEGACY_BANK
4330,MATHEMATICS,,132,100,LEGACY_BANK
4331,MATHEMATICS,,132,100,LEGACY_BANK
4332,MATHEMATICS,,132,100,LEGACY_BANK
4333,MATHEMATICS,,132,100,LEGACY_BANK
4334,MATHEMATICS,,132,100,LEGACY_BANK
4335,MATHEMATICS,,132,100,LEGACY_BANK
4336,MATHEMATICS,,132,100,LEGACY_BANK
4337,MATHEMATICS,,132,100,LEGACY_BANK
4338,MATHEMATICS,,132,100,LEGACY_BANK
4339,MATHEMATICS,,132,100,LEGACY_BANK
4340,MATHEMATICS,,132,100,LEGACY_BANK
4341,MATHEMATICS,,132,100,LEGACY_BANK
4342,MATHEMATICS,,132,100,LEGACY_BANK
4343,MATHEMATICS,,132,100,LEGACY_BANK
4344,MATHEMATICS,,132,100,LEGACY_BANK
4345,MATHEMATICS,,132,100,LEGACY_BANK
4346,MATHEMATICS,,132,100,LEGACY_BANK
4347,MATHEMATICS,,132,100,LEGACY_BANK
4348,MATHEMATICS,,132,100,LEGACY_BANK
4349,MATHEMATICS,,132,100,LEGACY_BANK
4350,MATHEMATICS,,132,100,LEGACY_BANK
4351,MATHEMATICS,,132,100,LEGACY_BANK
4352,MATHEMATICS,,132,100,LEGACY_BANK
4353,MATHEMATICS,,132,100,LEGACY_BANK
4354,MATHEMATICS,,132,100,LEGACY_BANK
4355,MATHEMATICS,,132,100,LEGACY_BANK
4356,MATHEMATICS,,133,101,LEGACY_BANK
4357,MATHEMATICS,,133,101,LEGACY_BANK
4358,MATHEMATICS,,133,101,LEGACY_BANK
4359,MATHEMATICS,,133,101,LEGACY_BANK
4360,MATHEMATICS,,133,101,LEGACY_BANK
4361,MATHEMATICS,,133,101,LEGACY_BANK
4362,MATHEMATICS,,133,101,LEGACY_BANK
4363,MATHEMATICS,,133,101,LEGACY_BANK
4364,MATHEMATICS,,133,101,LEGACY_BANK
4365,MATHEMATICS,,133,101,LEGACY_BANK
4366,MATHEMATICS,,134,101,LEGACY_BANK
4367,MATHEMATICS,,134,101,LEGACY_BANK
4368,MATHEMATICS,,134,101,LEGACY_BANK
4369,MATHEMATICS,,134,101,LEGACY_BANK
4370,MATHEMATICS,,134,101,LEGACY_BANK
4371,MATHEMATICS,,134,101,LEGACY_BANK
4372,MATHEMATICS,,134,101,LEGACY_BANK
4373,MATHEMATICS,,134,101,LEGACY_BANK
4374,MATHEMATICS,,134,101,LEGACY_BANK
4375,MATHEMATICS,,134,101,LEGACY_BANK
4376,MATHEMATICS,,134,101,LEGACY_BANK
4377,MATHEMATICS,,134,101,LEGACY_BANK
4378,MATHEMATICS,,134,101,LEGACY_BANK
4379,MATHEMATICS,,134,101,LEGACY_BANK
4380,MATHEMATICS,,134,101,LEGACY_BANK
4381,MATHEMATICS,,134,101,LEGACY_BANK
4382,MATHEMATICS,,134,101,LEGACY_BANK
4383,MATHEMATICS,,134,101,LEGACY_BANK
4384,MATHEMATICS,,134,101,LEGACY_BANK
4385,MATHEMATICS,,134,101,LEGACY_BANK
4386,MATHEMATICS,,134,101,LEGACY_BANK
4387,MATHEMATICS,,134,101,LEGACY_BANK
4388,MATHEMATICS,,134,101,LEGACY_BANK
4389,MATHEMATICS,,134,101,LEGACY_BANK
4390,MATHEMATICS,,134,101,LEGACY_BANK
4391,MATHEMATICS,,134,101,LEGACY_BANK
4392,MATHEMATICS,,134,101,LEGACY_BANK
4393,MATHEMATICS,,134,101,LEGACY_BANK
4394,MATHEMATICS,,134,101,LEGACY_BANK
4395,MATHEMATICS,,134,101,LEGACY_BANK
4396,MATHEMATICS,,134,101,LEGACY_BANK
4397,MATHEMATICS,,134,101,LEGACY_BANK
4398,MATHEMATICS,,134,101,LEGACY_BANK
4399,MATHEMATICS,,134,101,LEGACY_BANK
4400,MATHEMATICS,,134,101,LEGACY_BANK
4401,MATHEMATICS,,134,101,LEGACY_BANK
4402,MATHEMATICS,,134,101,LEGACY_BANK
4403,MATHEMATICS,,134,101,LEGACY_BANK
4404,MATHEMATICS,,134,101,LEGACY_BANK
4405,MATHEMATICS,,134,101,LEGACY_BANK
4406,MATHEMATICS,,135,101,LEGACY_BANK
4407,MATHEMATICS,,135,101,LEGACY_BANK
4408,MATHEMATICS,,135,101,LEGACY_BANK
4409,MATHEMATICS,,135,101,LEGACY_BANK
4410,MATHEMATICS,,135,101,LEGACY_BANK
4411,MATHEMATICS,,135,101,LEGACY_BANK
4412,MATHEMATICS,,135,101,LEGACY_BANK
4413,MATHEMATICS,,135,101,LEGACY_BANK
4414,MATHEMATICS,,135,101,LEGACY_BANK
4415,MATHEMATICS,,135,101,LEGACY_BANK
4416,MATHEMATICS,,135,101,LEGACY_BANK
4417,MATHEMATICS,,135,101,LEGACY_BANK
4418,MATHEMATICS,,135,101,LEGACY_BANK
4419,MATHEMATICS,,135,101,LEGACY_BANK
4420,MATHEMATICS,,135,101,LEGACY_BANK
4421,MATHEMATICS,,135,101,LEGACY_BANK
4422,MATHEMATICS,,135,101,LEGACY_BANK
4423,MATHEMATICS,,135,101,LEGACY_BANK
4424,MATHEMATICS,,135,101,LEGACY_BANK
4425,MATHEMATICS,,135,101,LEGACY_BANK
4426,MATHEMATICS,,135,101,LEGACY_BANK
4427,MATHEMATICS,,135,101,LEGACY_BANK
4428,MATHEMATICS,,135,101,LEGACY_BANK
4429,MATHEMATICS,,135,101,LEGACY_BANK
4430,MATHEMATICS,,135,101,LEGACY_BANK
4431,MATHEMATICS,,135,101,LEGACY_BANK
4432,MATHEMATICS,,135,101,LEGACY_BANK
4433,MATHEMATICS,,135,101,LEGACY_BANK
4434,MATHEMATICS,,135,101,LEGACY_BANK
4435,MATHEMATICS,,135,101,LEGACY_BANK
4436,MATHEMATICS,,135,101,LEGACY_BANK
4437,MATHEMATICS,,135,101,LEGACY_BANK
4438,MATHEMATICS,,135,101,LEGACY_BANK
4439,MATHEMATICS,,135,101,LEGACY_BANK
4440,MATHEMATICS,,135,101,LEGACY_BANK
4441,MATHEMATICS,,135,101,LEGACY_BANK
4442,MATHEMATICS,,135,101,LEGACY_BANK
4443,MATHEMATICS,,135,101,LEGACY_BANK
4444,MATHEMATICS,,135,101,LEGACY_BANK
4445,MATHEMATICS,,135,101,LEGACY_BANK
4446,MATHEMATICS,,136,102,LEGACY_BANK
4447,MATHEMATICS,,136,102,LEGACY_BANK
4448,MATHEMATICS,,136,102,LEGACY_BANK
4449,MATHEMATICS,,136,102,LEGACY_BANK
4450,MATHEMATICS,,136,102,LEGACY_BANK
4451,MATHEMATICS,,136,102,LEGACY_BANK
4452,MATHEMATICS,,136,102,LEGACY_BANK
4453,MATHEMATICS,,136,102,LEGACY_BANK
4454,MATHEMATICS,,136,102,LEGACY_BANK
4455,MATHEMATICS,,136,102,LEGACY_BANK
4456,MATHEMATICS,,137,102,LEGACY_BANK
4457,MATHEMATICS,,137,102,LEGACY_BANK
4458,MATHEMATICS,,137,102,LEGACY_BANK
4459,MATHEMATICS,,137,102,LEGACY_BANK
4460,MATHEMATICS,,137,102,LEGACY_BANK
4461,MATHEMATICS,,137,102,LEGACY_BANK
4462,MATHEMATICS,,137,102,LEGACY_BANK
4463,MATHEMATICS,,137,102,LEGACY_BANK
4464,MATHEMATICS,,137,102,LEGACY_BANK
4465,MATHEMATICS,,137,102,LEGACY_BANK
4466,MATHEMATICS,,137,102,LEGACY_BANK
4467,MATHEMATICS,,137,102,LEGACY_BANK
4468,MATHEMATICS,,137,102,LEGACY_BANK
4469,MATHEMATICS,,137,102,LEGACY_BANK
4470,MATHEMATICS,,137,102,LEGACY_BANK
4471,MATHEMATICS,,137,102,LEGACY_BANK
4472,MATHEMATICS,,137,102,LEGACY_BANK
4473,MATHEMATICS,,137,102,LEGACY_BANK
4474,MATHEMATICS,,137,102,LEGACY_BANK
4475,MATHEMATICS,,137,102,LEGACY_BANK
4476,MATHEMATICS,,137,102,LEGACY_BANK
4477,MATHEMATICS,,137,102,LEGACY_BANK
4478,MATHEMATICS,,137,102,LEGACY_BANK
4479,MATHEMATICS,,137,102,LEGACY_BANK
4480,MATHEMATICS,,137,102,LEGACY_BANK
4481,MATHEMATICS,,137,102,LEGACY_BANK
4482,MATHEMATICS,,137,102,LEGACY_BANK
4483,MATHEMATICS,,137,102,LEGACY_BANK
4484,MATHEMATICS,,137,102,LEGACY_BANK
4485,MATHEMATICS,,137,102,LEGACY_BANK
4486,MATHEMATICS,,137,102,LEGACY_BANK
4487,MATHEMATICS,,137,102,LEGACY_BANK
4488,MATHEMATICS,,137,102,LEGACY_BANK
4489,MATHEMATICS,,137,102,LEGACY_BANK
4490,MATHEMATICS,,137,102,LEGACY_BANK
4491,MATHEMATICS,,137,102,LEGACY_BANK
4492,MATHEMATICS,,137,102,LEGACY_BANK
4493,MATHEMATICS,,137,102,LEGACY_BANK
4494,MATHEMATICS,,137,102,LEGACY_BANK
4495,MATHEMATICS,,137,102,LEGACY_BANK
4496,MATHEMATICS,,138,103,LEGACY_BANK
4497,MATHEMATICS,,138,103,LEGACY_BANK
4498,MATHEMATICS,,138,103,LEGACY_BANK
4499,MATHEMATICS,,138,103,LEGACY_BANK
4500,MATHEMATICS,,138,103,LEGACY_BANK
4501,MATHEMATICS,,138,103,LEGACY_BANK
4502,MATHEMATICS,,138,103,LEGACY_BANK
4503,MATHEMATICS,,138,103,LEGACY_BANK
4504,MATHEMATICS,,138,103,LEGACY_BANK
4505,MATHEMATICS,,138,103,LEGACY_BANK
4506,MATHEMATICS,,138,103,LEGACY_BANK
4507,MATHEMATICS,,138,103,LEGACY_BANK
4508,MATHEMATICS,,139,103,LEGACY_BANK
4509,MATHEMATICS,,139,103,LEGACY_BANK
4510,MATHEMATICS,,139,103,LEGACY_BANK
4511,MATHEMATICS,,139,103,LEGACY_BANK
4512,MATHEMATICS,,139,103,LEGACY_BANK
4513,MATHEMATICS,,139,103,LEGACY_BANK
4514,MATHEMATICS,,139,103,LEGACY_BANK
4515,MATHEMATICS,,139,103,LEGACY_BANK
4516,MATHEMATICS,,139,103,LEGACY_BANK
4517,MATHEMATICS,,139,103,LEGACY_BANK
4518,MATHEMATICS,,139,103,LEGACY_BANK
4519,MATHEMATICS,,139,103,LEGACY_BANK
4520,MATHEMATICS,,140,103,LEGACY_BANK
4521,MATHEMATICS,,140,103,LEGACY_BANK
4522,MATHEMATICS,,140,103,LEGACY_BANK
4523,MATHEMATICS,,140,103,LEGACY_BANK
4524,MATHEMATICS,,140,103,LEGACY_BANK
4525,MATHEMATICS,,140,103,LEGACY_BANK
4526,MATHEMATICS,,140,103,LEGACY_BANK
4527,MATHEMATICS,,140,103,LEGACY_BANK
4528,MATHEMATICS,,140,103,LEGACY_BANK
4529,MATHEMATICS,,140,103,LEGACY_BANK
4530,MATHEMATICS,,140,103,LEGACY_BANK
4531,MATHEMATICS,,140,103,LEGACY_BANK
4532,MATHEMATICS,,141,104,LEGACY_BANK
4533,MATHEMATICS,,141,104,LEGACY_BANK
4534,MATHEMATICS,,141,104,LEGACY_BANK
4535,MATHEMATICS,,141,104,LEGACY_BANK
4536,MATHEMATICS,,141,104,LEGACY_BANK
4537,MATHEMATICS,,141,104,LEGACY_BANK
4538,MATHEMATICS,,141,104,LEGACY_BANK
4539,MATHEMATICS,,141,104,LEGACY_BANK
4540,MATHEMATICS,,141,104,LEGACY_BANK
4541,MATHEMATICS,,141,104,LEGACY_BANK
4542,MATHEMATICS,,142,104,LEGACY_BANK
4543,MATHEMATICS,,142,104,LEGACY_BANK
4544,MATHEMATICS,,142,104,LEGACY_BANK
4545,MATHEMATICS,,142,104,LEGACY_BANK
4546,MATHEMATICS,,142,104,LEGACY_BANK
4547,MATHEMATICS,,142,104,LEGACY_BANK
4548,MATHEMATICS,,142,104,LEGACY_BANK
4549,MATHEMATICS,,142,104,LEGACY_BANK
4550,MATHEMATICS,,142,104,LEGACY_BANK
4551,MATHEMATICS,,142,104,LEGACY_BANK
4552,MATHEMATICS,,142,104,LEGACY_BANK
4553,MATHEMATICS,,142,104,LEGACY_BANK
4554,MATHEMATICS,,143,104,LEGACY_BANK
4555,MATHEMATICS,,143,104,LEGACY_BANK
4556,MATHEMATICS,,143,104,LEGACY_BANK
4557,MATHEMATICS,,143,104,LEGACY_BANK
4558,MATHEMATICS,,143,104,LEGACY_BANK
4559,MATHEMATICS,,143,104,LEGACY_BANK
4560,MATHEMATICS,,143,104,LEGACY_BANK
4561,MATHEMATICS,,143,104,LEGACY_BANK
4562,MATHEMATICS,,143,104,LEGACY_BANK
4563,MATHEMATICS,,143,104,LEGACY_BANK
4564,MATHEMATICS,,143,104,LEGACY_BANK
4565,MATHEMATICS,,143,104,LEGACY_BANK
4566,MATHEMATICS,,144,105,LEGACY_BANK
4567,MATHEMATICS,,144,105,LEGACY_BANK
4568,MATHEMATICS,,144,105,LEGACY_BANK
4569,MATHEMATICS,,144,105,LEGACY_BANK
4570,MATHEMATICS,,144,105,LEGACY_BANK
4571,MATHEMATICS,,144,105,LEGACY_BANK
4572,MATHEMATICS,,144,105,LEGACY_BANK
4573,MATHEMATICS,,144,105,LEGACY_BANK
4574,MATHEMATICS,,144,105,LEGACY_BANK
4575,MATHEMATICS,,144,105,LEGACY_BANK
4576,MATHEMATICS,,145,105,LEGACY_BANK
4577,MATHEMATICS,,145,105,LEGACY_BANK
4578,MATHEMATICS,,145,105,LEGACY_BANK
4579,MATHEMATICS,,145,105,LEGACY_BANK
4580,MATHEMATICS,,145,105,LEGACY_BANK
4581,MATHEMATICS,,145,105,LEGACY_BANK
4582,MATHEMATICS,,145,105,LEGACY_BANK
4583,MATHEMATICS,,145,105,LEGACY_BANK
4584,MATHEMATICS,,145,105,LEGACY_BANK
4585,MATHEMATICS,,145,105,LEGACY_BANK
4586,MATHEMATICS,,145,105,LEGACY_BANK
4587,MATHEMATICS,,145,105,LEGACY_BANK
4588,MATHEMATICS,,146,106,LEGACY_BANK
4589,MATHEMATICS,,146,106,LEGACY_BANK
4590,MATHEMATICS,,146,106,LEGACY_BANK
4591,MATHEMATICS,,146,106,LEGACY_BANK
4592,MATHEMATICS,,146,106,LEGACY_BANK
4593,MATHEMATICS,,146,106,LEGACY_BANK
4594,MATHEMATICS,,146,106,LEGACY_BANK
4595,MATHEMATICS,,146,106,LEGACY_BANK
4596,MATHEMATICS,,146,106,LEGACY_BANK
4597,MATHEMATICS,,146,106,LEGACY_BANK
4598,MATHEMATICS,,146,106,LEGACY_BANK
4599,MATHEMATICS,,146,106,LEGACY_BANK
4600,MATHEMATICS,,146,106,LEGACY_BANK
4601,MATHEMATICS,,146,106,LEGACY_BANK
4602,MATHEMATICS,,146,106,LEGACY_BANK
4603,MATHEMATICS,,146,106,LEGACY_BANK
4604,MATHEMATICS,,146,106,LEGACY_BANK
4605,MATHEMATICS,,146,106,LEGACY_BANK
4606,MATHEMATICS,,146,106,LEGACY_BANK
4607,MATHEMATICS,,146,106,LEGACY_BANK
4608,MATHEMATICS,,147,106,LEGACY_BANK
4609,MATHEMATICS,,147,106,LEGACY_BANK
4610,MATHEMATICS,,147,106,LEGACY_BANK
4611,MATHEMATICS,,147,106,LEGACY_BANK
4612,MATHEMATICS,,147,106,LEGACY_BANK
4613,MATHEMATICS,,147,106,LEGACY_BANK
4614,MATHEMATICS,,147,106,LEGACY_BANK
4615,MATHEMATICS,,147,106,LEGACY_BANK
4616,MATHEMATICS,,147,106,LEGACY_BANK
4617,MATHEMATICS,,147,106,LEGACY_BANK
4618,MATHEMATICS,,147,106,LEGACY_BANK
4619,MATHEMATICS,,147,106,LEGACY_BANK
4620,MATHEMATICS,,147,106,LEGACY_BANK
4621,MATHEMATICS,,147,106,LEGACY_BANK
4622,MATHEMATICS,,147,106,LEGACY_BANK
4623,MATHEMATICS,,147,106,LEGACY_BANK
4624,MATHEMATICS,,147,106,LEGACY_BANK
4625,MATHEMATICS,,147,106,LEGACY_BANK
4626,MATHEMATICS,,147,106,LEGACY_BANK
4627,MATHEMATICS,,147,106,LEGACY_BANK
4628,MATHEMATICS,,147,106,LEGACY_BANK
4629,MATHEMATICS,,147,106,LEGACY_BANK
4630,MATHEMATICS,,147,106,LEGACY_BANK
4631,MATHEMATICS,,147,106,LEGACY_BANK
4632,MATHEMATICS,,147,106,LEGACY_BANK
4633,MATHEMATICS,,147,106,LEGACY_BANK
4634,MATHEMATICS,,147,106,LEGACY_BANK
4635,MATHEMATICS,,147,106,LEGACY_BANK
4636,MATHEMATICS,,147,106,LEGACY_BANK
4637,MATHEMATICS,,147,106,LEGACY_BANK
4638,MATHEMATICS,,147,106,LEGACY_BANK
4639,MATHEMATICS,,147,106,LEGACY_BANK
4640,MATHEMATICS,,147,106,LEGACY_BANK
4641,MATHEMATICS,,147,106,LEGACY_BANK
4642,MATHEMATICS,,147,106,LEGACY_BANK
4643,MATHEMATICS,,147,106,LEGACY_BANK
4644,MATHEMATICS,,147,106,LEGACY_BANK
4645,MATHEMATICS,,147,106,LEGACY_BANK
4646,MATHEMATICS,,147,106,LEGACY_BANK
4647,MATHEMATICS,,147,106,LEGACY_BANK
4648,MATHEMATICS,,148,107,LEGACY_BANK
4649,MATHEMATICS,,148,107,LEGACY_BANK
4650,MATHEMATICS,,148,107,LEGACY_BANK
4651,MATHEMATICS,,148,107,LEGACY_BANK
4652,MATHEMATICS,,148,107,LEGACY_BANK
4653,MATHEMATICS,,148,107,LEGACY_BANK
4654,MATHEMATICS,,148,107,LEGACY_BANK
4655,MATHEMATICS,,148,107,LEGACY_BANK
4656,MATHEMATICS,,148,107,LEGACY_BANK
4657,MATHEMATICS,,148,107,LEGACY_BANK
4658,MATHEMATICS,,148,107,LEGACY_BANK
4659,MATHEMATICS,,148,107,LEGACY_BANK
4660,MATHEMATICS,,149,107,LEGACY_BANK
4661,MATHEMATICS,,149,107,LEGACY_BANK
4662,MATHEMATICS,,149,107,LEGACY_BANK
4663,MATHEMATICS,,149,107,LEGACY_BANK
4664,MATHEMATICS,,149,107,LEGACY_BANK
4665,MATHEMATICS,,149,107,LEGACY_BANK
4666,MATHEMATICS,,149,107,LEGACY_BANK
4667,MATHEMATICS,,149,107,LEGACY_BANK
4668,MATHEMATICS,,149,107,LEGACY_BANK
4669,MATHEMATICS,,149,107,LEGACY_BANK
4670,MATHEMATICS,,149,107,LEGACY_BANK
4671,MATHEMATICS,,149,107,LEGACY_BANK
4672,MATHEMATICS,,150,108,LEGACY_BANK
4673,MATHEMATICS,,150,108,LEGACY_BANK
4674,MATHEMATICS,,150,108,LEGACY_BANK
4675,MATHEMATICS,,150,108,LEGACY_BANK
4676,MATHEMATICS,,150,108,LEGACY_BANK
4677,MATHEMATICS,,150,108,LEGACY_BANK
4678,MATHEMATICS,,150,108,LEGACY_BANK
4679,MATHEMATICS,,150,108,LEGACY_BANK
4680,MATHEMATICS,,150,108,LEGACY_BANK
4681,MATHEMATICS,,150,108,LEGACY_BANK
4682,MATHEMATICS,,150,108,LEGACY_BANK
4683,MATHEMATICS,,150,108,LEGACY_BANK
4684,MATHEMATICS,,151,108,LEGACY_BANK
4685,MATHEMATICS,,151,108,LEGACY_BANK
4686,MATHEMATICS,,151,108,LEGACY_BANK
4687,MATHEMATICS,,151,108,LEGACY_BANK
4688,MATHEMATICS,,151,108,LEGACY_BANK
4689,MATHEMATICS,,151,108,LEGACY_BANK
4690,MATHEMATICS,,151,108,LEGACY_BANK
4691,MATHEMATICS,,151,108,LEGACY_BANK
4692,MATHEMATICS,,151,108,LEGACY_BANK
4693,MATHEMATICS,,151,108,LEGACY_BANK
4694,MATHEMATICS,,151,108,LEGACY_BANK
4695,MATHEMATICS,,151,108,LEGACY_BANK
4696,MATHEMATICS,,152,109,LEGACY_BANK
4697,MATHEMATICS,,152,109,LEGACY_BANK
4698,MATHEMATICS,,152,109,LEGACY_BANK
4699,MATHEMATICS,,152,109,LEGACY_BANK
4700,MATHEMATICS,,152,109,LEGACY_BANK
4701,MATHEMATICS,,152,109,LEGACY_BANK
4702,MATHEMATICS,,152,109,LEGACY_BANK
4703,MATHEMATICS,,152,109,LEGACY_BANK
4704,MATHEMATICS,,152,109,LEGACY_BANK
4705,MATHEMATICS,,152,109,LEGACY_BANK
4706,MATHEMATICS,,153,109,LEGACY_BANK
4707,MATHEMATICS,,153,109,LEGACY_BANK
4708,MATHEMATICS,,153,109,LEGACY_BANK
4709,MATHEMATICS,,153,109,LEGACY_BANK
4710,MATHEMATICS,,153,109,LEGACY_BANK
4711,MATHEMATICS,,153,109,LEGACY_BANK
4712,MATHEMATICS,,153,109,LEGACY_BANK
4713,MATHEMATICS,,153,109,LEGACY_BANK
4714,MATHEMATICS,,153,109,LEGACY_BANK
4715,MATHEMATICS,,153,109,LEGACY_BANK
4716,MATHEMATICS,,153,109,LEGACY_BANK
4717,MATHEMATICS,,153,109,LEGACY_BANK
4718,MATHEMATICS,,154,109,LEGACY_BANK
4719,MATHEMATICS,,154,109,LEGACY_BANK
4720,MATHEMATICS,,154,109,LEGACY_BANK
4721,MATHEMATICS,,154,109,LEGACY_BANK
4722,MATHEMATICS,,154,109,LEGACY_BANK
4723,MATHEMATICS,,154,109,LEGACY_BANK
4724,MATHEMATICS,,154,109,LEGACY_BANK
4725,MATHEMATICS,,154,109,LEGACY_BANK
4726,MATHEMATICS,,154,109,LEGACY_BANK
4727,MATHEMATICS,,154,109,LEGACY_BANK
4728,MATHEMATICS,,154,109,LEGACY_BANK
4729,MATHEMATICS,,154,109,LEGACY_BANK
4730,MATHEMATICS,,155,110,LEGACY_BANK
4731,MATHEMATICS,,155,110,LEGACY_BANK
4732,MATHEMATICS,,155,110,LEGACY_BANK
4733,MATHEMATICS,,155,110,LEGACY_BANK
4734,MATHEMATICS,,155,110,LEGACY_BANK
4735,MATHEMATICS,,155,110,LEGACY_BANK
4736,MATHEMATICS,,155,110,LEGACY_BANK
4737,MATHEMATICS,,155,110,LEGACY_BANK
4738,MATHEMATICS,,155,110,LEGACY_BANK
4739,MATHEMATICS,,155,110,LEGACY_BANK
4740,MATHEMATICS,,156,110,LEGACY_BANK
4741,MATHEMATICS,,156,110,LEGACY_BANK
4742,MATHEMATICS,,156,110,LEGACY_BANK
4743,MATHEMATICS,,156,110,LEGACY_BANK
4744,MATHEMATICS,,156,110,LEGACY_BANK
4745,MATHEMATICS,,156,110,LEGACY_BANK
4746,MATHEMATICS,,156,110,LEGACY_BANK
4747,MATHEMATICS,,156,110,LEGACY_BANK
4748,MATHEMATICS,,156,110,LEGACY_BANK
4749,MATHEMATICS,,156,110,LEGACY_BANK
4750,MATHEMATICS,,156,110,LEGACY_BANK
4751,MATHEMATICS,,156,110,LEGACY_BANK
4752,MATHEMATICS,,157,111,LEGACY_BANK
4753,MATHEMATICS,,157,111,LEGACY_BANK
4754,MATHEMATICS,,157,111,LEGACY_BANK
4755,MATHEMATICS,,157,111,LEGACY_BANK
4756,MATHEMATICS,,157,111,LEGACY_BANK
4757,MATHEMATICS,,157,111,LEGACY_BANK
4758,MATHEMATICS,,157,111,LEGACY_BANK
4759,MATHEMATICS,,157,111,LEGACY_BANK
4760,MATHEMATICS,,157,111,LEGACY_BANK
4761,MATHEMATICS,,157,111,LEGACY_BANK
4762,MATHEMATICS,,157,111,LEGACY_BANK
4763,MATHEMATICS,,157,111,LEGACY_BANK
4764,MATHEMATICS,,158,111,LEGACY_BANK
4765,MATHEMATICS,,158,111,LEGACY_BANK
4766,MATHEMATICS,,158,111,LEGACY_BANK
4767,MATHEMATICS,,158,111,LEGACY_BANK
4768,MATHEMATICS,,158,111,LEGACY_BANK
4769,MATHEMATICS,,158,111,LEGACY_BANK
4770,MATHEMATICS,,158,111,LEGACY_BANK
4771,MATHEMATICS,,158,111,LEGACY_BANK
4772,MATHEMATICS,,158,111,LEGACY_BANK
4773,MATHEMATICS,,158,111,LEGACY_BANK
4774,MATHEMATICS,,158,111,LEGACY_BANK
4775,MATHEMATICS,,158,111,LEGACY_BANK
4776,MATHEMATICS,,159,111,LEGACY_BANK
4777,MATHEMATICS,,159,111,LEGACY_BANK
4778,MATHEMATICS,,159,111,LEGACY_BANK
4779,MATHEMATICS,,159,111,LEGACY_BANK
4780,MATHEMATICS,,159,111,LEGACY_BANK
4781,MATHEMATICS,,159,111,LEGACY_BANK
4782,MATHEMATICS,,159,111,LEGACY_BANK
4783,MATHEMATICS,,159,111,LEGACY_BANK
4784,MATHEMATICS,,159,111,LEGACY_BANK
4785,MATHEMATICS,,159,111,LEGACY_BANK
4786,MATHEMATICS,,159,111,LEGACY_BANK
4787,MATHEMATICS,,159,111,LEGACY_BANK
4788,MATHEMATICS,,160,111,LEGACY_BANK
4789,MATHEMATICS,,160,111,LEGACY_BANK
4790,MATHEMATICS,,160,111,LEGACY_BANK
4791,MATHEMATICS,,160,111,LEGACY_BANK
4792,MATHEMATICS,,160,111,LEGACY_BANK
4793,MATHEMATICS,,160,111,LEGACY_BANK
4794,MATHEMATICS,,160,111,LEGACY_BANK
4795,MATHEMATICS,,160,111,LEGACY_BANK
4796,MATHEMATICS,,160,111,LEGACY_BANK
4797,MATHEMATICS,,160,111,LEGACY_BANK
4798,MATHEMATICS,,160,111,LEGACY_BANK
4799,MATHEMATICS,,160,111,LEGACY_BANK
4800,MATHEMATICS,,161,112,LEGACY_BANK
4801,MATHEMATICS,,161,112,LEGACY_BANK
4802,MATHEMATICS,,161,112,LEGACY_BANK
4803,MATHEMATICS,,161,112,LEGACY_BANK
4804,MATHEMATICS,,161,112,LEGACY_BANK
4805,MATHEMATICS,,161,112,LEGACY_BANK
4806,MATHEMATICS,,161,112,LEGACY_BANK
4807,MATHEMATICS,,161,112,LEGACY_BANK
4808,MATHEMATICS,,161,112,LEGACY_BANK
4809,MATHEMATICS,,161,112,LEGACY_BANK
4810,MATHEMATICS,,161,112,LEGACY_BANK
4811,MATHEMATICS,,161,112,LEGACY_BANK
4812,MATHEMATICS,,162,112,LEGACY_BANK
4813,MATHEMATICS,,162,112,LEGACY_BANK
4814,MATHEMATICS,,162,112,LEGACY_BANK
4815,MATHEMATICS,,162,112,LEGACY_BANK
4816,MATHEMATICS,,162,112,LEGACY_BANK
4817,MATHEMATICS,,162,112,LEGACY_BANK
4818,MATHEMATICS,,162,112,LEGACY_BANK
4819,MATHEMATICS,,162,112,LEGACY_BANK
4820,MATHEMATICS,,162,112,LEGACY_BANK
4821,MATHEMATICS,,162,112,LEGACY_BANK
4822,MATHEMATICS,,162,112,LEGACY_BANK
4823,MATHEMATICS,,162,112,LEGACY_BANK
4824,MATHEMATICS,,163,113,LEGACY_BANK
4825,MATHEMATICS,,163,113,LEGACY_BANK
4826,MATHEMATICS,,163,113,LEGACY_BANK
4827,MATHEMATICS,,163,113,LEGACY_BANK
4828,MATHEMATICS,,163,113,LEGACY_BANK
4829,MATHEMATICS,,163,113,LEGACY_BANK
4830,MATHEMATICS,,163,113,LEGACY_BANK
4831,MATHEMATICS,,163,113,LEGACY_BANK
4832,MATHEMATICS,,163,113,LEGACY_BANK
4833,MATHEMATICS,,163,113,LEGACY_BANK
4834,MATHEMATICS,,163,113,LEGACY_BANK
4835,MATHEMATICS,,163,113,LEGACY_BANK
4836,MATHEMATICS,,164,113,LEGACY_BANK
4837,MATHEMATICS,,164,113,LEGACY_BANK
4838,MATHEMATICS,,164,113,LEGACY_BANK
4839,MATHEMATICS,,164,113,LEGACY_BANK
4840,MATHEMATICS,,164,113,LEGACY_BANK
4841,MATHEMATICS,,164,113,LEGACY_BANK
4842,MATHEMATICS,,164,113,LEGACY_BANK
4843,MATHEMATICS,,164,113,LEGACY_BANK
4844,MATHEMATICS,,164,113,LEGACY_BANK
4845,MATHEMATICS,,164,113,LEGACY_BANK
4846,MATHEMATICS,,164,113,LEGACY_BANK
4847,MATHEMATICS,,164,113,LEGACY_BANK
4848,MATHEMATICS,,165,114,LEGACY_BANK
4849,MATHEMATICS,,165,114,LEGACY_BANK
4850,MATHEMATICS,,165,114,LEGACY_BANK
4851,MATHEMATICS,,165,114,LEGACY_BANK
4852,MATHEMATICS,,165,114,LEGACY_BANK
4853,MATHEMATICS,,165,114,LEGACY_BANK
4854,MATHEMATICS,,165,114,LEGACY_BANK
4855,MATHEMATICS,,165,114,LEGACY_BANK
4856,MATHEMATICS,,165,114,LEGACY_BANK
4857,MATHEMATICS,,165,114,LEGACY_BANK
4858,MATHEMATICS,,165,114,LEGACY_BANK
4859,MATHEMATICS,,165,114,LEGACY_BANK
4860,MATHEMATICS,,166,114,LEGACY_BANK
4861,MATHEMATICS,,166,114,LEGACY_BANK
4862,MATHEMATICS,,166,114,LEGACY_BANK
4863,MATHEMATICS,,166,114,LEGACY_BANK
4864,MATHEMATICS,,166,114,LEGACY_BANK
4865,MATHEMATICS,,166,114,LEGACY_BANK
4866,MATHEMATICS,,166,114,LEGACY_BANK
4867,MATHEMATICS,,166,114,LEGACY_BANK
4868,MATHEMATICS,,166,114,LEGACY_BANK
4869,MATHEMATICS,,166,114,LEGACY_BANK
4870,MATHEMATICS,,166,114,LEGACY_BANK
4871,MATHEMATICS,,166,114,LEGACY_BANK
4872,MATHEMATICS,,167,114,LEGACY_BANK
4873,MATHEMATICS,,167,114,LEGACY_BANK
4874,MATHEMATICS,,167,114,LEGACY_BANK
4875,MATHEMATICS,,167,114,LEGACY_BANK
4876,MATHEMATICS,,167,114,LEGACY_BANK
4877,MATHEMATICS,,167,114,LEGACY_BANK
4878,MATHEMATICS,,167,114,LEGACY_BANK
4879,MATHEMATICS,,167,114,LEGACY_BANK
4880,MATHEMATICS,,167,114,LEGACY_BANK
4881,MATHEMATICS,,167,114,LEGACY_BANK
4882,MATHEMATICS,,167,114,LEGACY_BANK
4883,MATHEMATICS,,167,114,LEGACY_BANK
4884,MATHEMATICS,,168,115,LEGACY_BANK
4885,MATHEMATICS,,168,115,LEGACY_BANK
4886,MATHEMATICS,,168,115,LEGACY_BANK
4887,MATHEMATICS,,168,115,LEGACY_BANK
4888,MATHEMATICS,,168,115,LEGACY_BANK
4889,MATHEMATICS,,168,115,LEGACY_BANK
4890,MATHEMATICS,,168,115,LEGACY_BANK
4891,MATHEMATICS,,168,115,LEGACY_BANK
4892,MATHEMATICS,,168,115,LEGACY_BANK
4893,MATHEMATICS,,168,115,LEGACY_BANK
4894,MATHEMATICS,,168,115,LEGACY_BANK
4895,MATHEMATICS,,168,115,LEGACY_BANK
4896,MATHEMATICS,,169,115,LEGACY_BANK
4897,MATHEMATICS,,169,115,LEGACY_BANK
4898,MATHEMATICS,,169,115,LEGACY_BANK
4899,MATHEMATICS,,169,115,LEGACY_BANK
4900,MATHEMATICS,,169,115,LEGACY_BANK
4901,MATHEMATICS,,169,115,LEGACY_BANK
4902,MATHEMATICS,,169,115,LEGACY_BANK
4903,MATHEMATICS,,169,115,LEGACY_BANK
4904,MATHEMATICS,,169,115,LEGACY_BANK
4905,MATHEMATICS,,169,115,LEGACY_BANK
4906,MATHEMATICS,,169,115,LEGACY_BANK
4907,MATHEMATICS,,169,115,LEGACY_BANK
4908,MATHEMATICS,,170,116,LEGACY_BANK
4909,MATHEMATICS,,170,116,LEGACY_BANK
4910,MATHEMATICS,,170,116,LEGACY_BANK
4911,MATHEMATICS,,170,116,LEGACY_BANK
4912,MATHEMATICS,,170,116,LEGACY_BANK
4913,MATHEMATICS,,170,116,LEGACY_BANK
4914,MATHEMATICS,,170,116,LEGACY_BANK
4915,MATHEMATICS,,170,116,LEGACY_BANK
4916,MATHEMATICS,,170,116,LEGACY_BANK
4917,MATHEMATICS,,170,116,LEGACY_BANK
4918,MATHEMATICS,,170,116,LEGACY_BANK
4919,MATHEMATICS,,170,116,LEGACY_BANK
4920,MATHEMATICS,,171,116,LEGACY_BANK
4921,MATHEMATICS,,171,116,LEGACY_BANK
4922,MATHEMATICS,,171,116,LEGACY_BANK
4923,MATHEMATICS,,171,116,LEGACY_BANK
4924,MATHEMATICS,,171,116,LEGACY_BANK
4925,MATHEMATICS,,171,116,LEGACY_BANK
4926,MATHEMATICS,,171,116,LEGACY_BANK
4927,MATHEMATICS,,171,116,LEGACY_BANK
4928,MATHEMATICS,,171,116,LEGACY_BANK
4929,MATHEMATICS,,171,116,LEGACY_BANK
4930,MATHEMATICS,,171,116,LEGACY_BANK
4931,MATHEMATICS,,171,116,LEGACY_BANK
4932,MATHEMATICS,,172,116,LEGACY_BANK
4933,MATHEMATICS,,172,116,LEGACY_BANK
4934,MATHEMATICS,,172,116,LEGACY_BANK
4935,MATHEMATICS,,172,116,LEGACY_BANK
4936,MATHEMATICS,,172,116,LEGACY_BANK
4937,MATHEMATICS,,172,116,LEGACY_BANK
4938,MATHEMATICS,,172,116,LEGACY_BANK
4939,MATHEMATICS,,172,116,LEGACY_BANK
4940,MATHEMATICS,,172,116,LEGACY_BANK
4941,MATHEMATICS,,172,116,LEGACY_BANK
4942,MATHEMATICS,,172,116,LEGACY_BANK
4943,MATHEMATICS,,172,116,LEGACY_BANK
4944,MATHEMATICS,,173,117,LEGACY_BANK
4945,MATHEMATICS,,173,117,LEGACY_BANK
4946,MATHEMATICS,,173,117,LEGACY_BANK
4947,MATHEMATICS,,173,117,LEGACY_BANK
4948,MATHEMATICS,,173,117,LEGACY_BANK
4949,MATHEMATICS,,173,117,LEGACY_BANK
4950,MATHEMATICS,,173,117,LEGACY_BANK
4951,MATHEMATICS,,173,117,LEGACY_BANK
4952,MATHEMATICS,,173,117,LEGACY_BANK
4953,MATHEMATICS,,173,117,LEGACY_BANK
4954,MATHEMATICS,,173,117,LEGACY_BANK
4955,MATHEMATICS,,173,117,LEGACY_BANK
4956,MATHEMATICS,,174,117,LEGACY_BANK
4957,MATHEMATICS,,174,117,LEGACY_BANK
4958,MATHEMATICS,,174,117,LEGACY_BANK
4959,MATHEMATICS,,174,117,LEGACY_BANK
4960,MATHEMATICS,,174,117,LEGACY_BANK
4961,MATHEMATICS,,174,117,LEGACY_BANK
4962,MATHEMATICS,,174,117,LEGACY_BANK
4963,MATHEMATICS,,174,117,LEGACY_BANK
4964,MATHEMATICS,,174,117,LEGACY_BANK
4965,MATHEMATICS,,174,117,LEGACY_BANK
4966,MATHEMATICS,,174,117,LEGACY_BANK
4967,MATHEMATICS,,174,117,LEGACY_BANK
4968,MATHEMATICS,,175,118,LEGACY_BANK
4969,MATHEMATICS,,175,118,LEGACY_BANK
4970,MATHEMATICS,,175,118,LEGACY_BANK
4971,MATHEMATICS,,175,118,LEGACY_BANK
4972,MATHEMATICS,,175,118,LEGACY_BANK
4973,MATHEMATICS,,175,118,LEGACY_BANK
4974,MATHEMATICS,,175,118,LEGACY_BANK
4975,MATHEMATICS,,175,118,LEGACY_BANK
4976,MATHEMATICS,,175,118,LEGACY_BANK
4977,MATHEMATICS,,175,118,LEGACY_BANK
4978,MATHEMATICS,,175,118,LEGACY_BANK
4979,MATHEMATICS,,175,118,LEGACY_BANK
4980,MATHEMATICS,,176,118,LEGACY_BANK
4981,MATHEMATICS,,176,118,LEGACY_BANK
4982,MATHEMATICS,,176,118,LEGACY_BANK
4983,MATHEMATICS,,176,118,LEGACY_BANK
4984,MATHEMATICS,,176,118,LEGACY_BANK
4985,MATHEMATICS,,176,118,LEGACY_BANK
4986,MATHEMATICS,,176,118,LEGACY_BANK
4987,MATHEMATICS,,176,118,LEGACY_BANK
4988,MATHEMATICS,,176,118,LEGACY_BANK
4989,MATHEMATICS,,176,118,LEGACY_BANK
4990,MATHEMATICS,,176,118,LEGACY_BANK
4991,MATHEMATICS,,176,118,LEGACY_BANK
4992,MATHEMATICS,,177,118,LEGACY_BANK
4993,MATHEMATICS,,177,118,LEGACY_BANK
4994,MATHEMATICS,,177,118,LEGACY_BANK
4995,MATHEMATICS,,177,118,LEGACY_BANK
4996,MATHEMATICS,,177,118,LEGACY_BANK
4997,MATHEMATICS,,177,118,LEGACY_BANK
4998,MATHEMATICS,,177,118,LEGACY_BANK
4999,MATHEMATICS,,177,118,LEGACY_BANK
5000,MATHEMATICS,,177,118,LEGACY_BANK
5001,MATHEMATICS,,177,118,LEGACY_BANK
5002,MATHEMATICS,,177,118,LEGACY_BANK
5003,MATHEMATICS,,177,118,LEGACY_BANK
5004,MATHEMATICS,,178,118,LEGACY_BANK
5005,MATHEMATICS,,178,118,LEGACY_BANK
5006,MATHEMATICS,,178,118,LEGACY_BANK
5007,MATHEMATICS,,178,118,LEGACY_BANK
5008,MATHEMATICS,,178,118,LEGACY_BANK
5009,MATHEMATICS,,178,118,LEGACY_BANK
5010,MATHEMATICS,,178,118,LEGACY_BANK
5011,MATHEMATICS,,178,118,LEGACY_BANK
5012,MATHEMATICS,,178,118,LEGACY_BANK
5013,MATHEMATICS,,178,118,LEGACY_BANK
5014,MATHEMATICS,,178,118,LEGACY_BANK
5015,MATHEMATICS,,178,118,LEGACY_BANK
5016,MATHEMATICS,,179,118,LEGACY_BANK
5017,MATHEMATICS,,179,118,LEGACY_BANK
5018,MATHEMATICS,,179,118,LEGACY_BANK
5019,MATHEMATICS,,179,118,LEGACY_BANK
5020,MATHEMATICS,,179,118,LEGACY_BANK
5021,MATHEMATICS,,179,118,LEGACY_BANK
5022,MATHEMATICS,,179,118,LEGACY_BANK
5023,MATHEMATICS,,179,118,LEGACY_BANK
5024,MATHEMATICS,,179,118,LEGACY_BANK
5025,MATHEMATICS,,179,118,LEGACY_BANK
5026,MATHEMATICS,,179,118,LEGACY_BANK
5027,MATHEMATICS,,179,118,LEGACY_BANK
5028,MATHEMATICS,,180,118,LEGACY_BANK
5029,MATHEMATICS,,180,118,LEGACY_BANK
5030,MATHEMATICS,,180,118,LEGACY_BANK
5031,MATHEMATICS,,180,118,LEGACY_BANK
5032,MATHEMATICS,,180,118,LEGACY_BANK
5033,MATHEMATICS,,180,118,LEGACY_BANK
5034,MATHEMATICS,,180,118,LEGACY_BANK
5035,MATHEMATICS,,180,118,LEGACY_BANK
5036,MATHEMATICS,,180,118,LEGACY_BANK
5037,MATHEMATICS,,180,118,LEGACY_BANK
5038,MATHEMATICS,,180,118,LEGACY_BANK
5039,MATHEMATICS,,180,118,LEGACY_BANK
5040,HISTORY,,182,119,LEGACY_BANK
5041,HISTORY,,182,119,LEGACY_BANK
5042,HISTORY,,182,119,LEGACY_BANK
5043,HISTORY,,182,119,LEGACY_BANK
5044,HISTORY,,182,119,LEGACY_BANK
5045,HISTORY,,182,119,LEGACY_BANK
5046,HISTORY,,182,119,LEGACY_BANK
5047,HISTORY,,182,119,LEGACY_BANK
5048,HISTORY,,182,119,LEGACY_BANK
5049,HISTORY,,182,119,LEGACY_BANK
5050,HISTORY,,182,119,LEGACY_BANK
5051,HISTORY,,182,119,LEGACY_BANK
5052,HISTORY,,182,119,LEGACY_BANK
5053,HISTORY,,182,119,LEGACY_BANK
5054,HISTORY,,182,119,LEGACY_BANK
5055,HISTORY,,183,119,LEGACY_BANK
5056,HISTORY,,183,119,LEGACY_BANK
5057,HISTORY,,183,119,LEGACY_BANK
5058,HISTORY,,183,119,LEGACY_BANK
5059,HISTORY,,183,119,LEGACY_BANK
5060,HISTORY,,183,119,LEGACY_BANK
5061,HISTORY,,183,119,LEGACY_BANK
5062,HISTORY,,183,119,LEGACY_BANK
5063,HISTORY,,183,119,LEGACY_BANK
5064,HISTORY,,183,119,LEGACY_BANK
5065,HISTORY,,183,119,LEGACY_BANK
5066,HISTORY,,183,119,LEGACY_BANK
5067,HISTORY,,183,119,LEGACY_BANK
5068,HISTORY,,183,119,LEGACY_BANK
5069,HISTORY,,183,119,LEGACY_BANK
5070,HISTORY,,184,120,LEGACY_BANK
5071,HISTORY,,184,120,LEGACY_BANK
5072,HISTORY,,184,120,LEGACY_BANK
5073,HISTORY,,184,120,LEGACY_BANK
5074,HISTORY,,184,120,LEGACY_BANK
5075,HISTORY,,184,120,LEGACY_BANK
5076,HISTORY,,184,120,LEGACY_BANK
5077,HISTORY,,184,120,LEGACY_BANK
5078,HISTORY,,184,120,LEGACY_BANK
5079,HISTORY,,184,120,LEGACY_BANK
5080,HISTORY,,184,120,LEGACY_BANK
5081,HISTORY,,184,120,LEGACY_BANK
5082,HISTORY,,184,120,LEGACY_BANK
5083,HISTORY,,184,120,LEGACY_BANK
5084,HISTORY,,184,120,LEGACY_BANK
5085,HISTORY,,185,120,LEGACY_BANK
5086,HISTORY,,185,120,LEGACY_BANK
5087,HISTORY,,185,120,LEGACY_BANK
5088,HISTORY,,185,120,LEGACY_BANK
5089,HISTORY,,185,120,LEGACY_BANK
5090,HISTORY,,185,120,LEGACY_BANK
5091,HISTORY,,185,120,LEGACY_BANK
5092,HISTORY,,185,120,LEGACY_BANK
5093,HISTORY,,185,120,LEGACY_BANK
5094,HISTORY,,185,120,LEGACY_BANK
5095,HISTORY,,185,120,LEGACY_BANK
5096,HISTORY,,185,120,LEGACY_BANK
5097,HISTORY,,185,120,LEGACY_BANK
5098,HISTORY,,185,120,LEGACY_BANK
5099,HISTORY,,185,120,LEGACY_BANK
5100,HISTORY,,186,120,LEGACY_BANK
5101,HISTORY,,186,120,LEGACY_BANK
5102,HISTORY,,186,120,LEGACY_BANK
5103,HISTORY,,186,120,LEGACY_BANK
5104,HISTORY,,186,120,LEGACY_BANK
5105,HISTORY,,186,120,LEGACY_BANK
5106,HISTORY,,186,120,LEGACY_BANK
5107,HISTORY,,186,120,LEGACY_BANK
5108,HISTORY,,186,120,LEGACY_BANK
5109,HISTORY,,186,120,LEGACY_BANK
5110,HISTORY,,186,120,LEGACY_BANK
5111,HISTORY,,186,120,LEGACY_BANK
5112,HISTORY,,186,120,LEGACY_BANK
5113,HISTORY,,186,120,LEGACY_BANK
5114,HISTORY,,186,120,LEGACY_BANK
5115,HISTORY,,187,121,LEGACY_BANK
5116,HISTORY,,187,121,LEGACY_BANK
5117,HISTORY,,187,121,LEGACY_BANK
5118,HISTORY,,187,121,LEGACY_BANK
5119,HISTORY,,187,121,LEGACY_BANK
5120,HISTORY,,187,121,LEGACY_BANK
5121,HISTORY,,187,121,LEGACY_BANK
5122,HISTORY,,187,121,LEGACY_BANK
5123,HISTORY,,187,121,LEGACY_BANK
5124,HISTORY,,188,121,LEGACY_BANK
5125,HISTORY,,188,121,LEGACY_BANK
5126,HISTORY,,188,121,LEGACY_BANK
5127,HISTORY,,188,121,LEGACY_BANK
5128,HISTORY,,188,121,LEGACY_BANK
5129,HISTORY,,188,121,LEGACY_BANK
5130,HISTORY,,188,121,LEGACY_BANK
5131,HISTORY,,188,121,LEGACY_BANK
5132,HISTORY,,188,121,LEGACY_BANK
5133,HISTORY,,188,121,LEGACY_BANK
5134,HISTORY,,188,121,LEGACY_BANK
5135,HISTORY,,188,121,LEGACY_BANK
5136,HISTORY,,188,121,LEGACY_BANK
5137,HISTORY,,188,121,LEGACY_BANK
5138,HISTORY,,188,121,LEGACY_BANK
5139,HISTORY,,189,122,LEGACY_BANK
5140,HISTORY,,189,122,LEGACY_BANK
5141,HISTORY,,189,122,LEGACY_BANK
5142,HISTORY,,189,122,LEGACY_BANK
5143,HISTORY,,189,122,LEGACY_BANK
5144,HISTORY,,189,122,LEGACY_BANK
5145,HISTORY,,189,122,LEGACY_BANK
5146,HISTORY,,189,122,LEGACY_BANK
5147,HISTORY,,189,122,LEGACY_BANK
5148,HISTORY,,189,122,LEGACY_BANK
5149,HISTORY,,190,122,LEGACY_BANK
5150,HISTORY,,190,122,LEGACY_BANK
5151,HISTORY,,190,122,LEGACY_BANK
5152,HISTORY,,190,122,LEGACY_BANK
5153,HISTORY,,190,122,LEGACY_BANK
5154,HISTORY,,190,122,LEGACY_BANK
5155,HISTORY,,190,122,LEGACY_BANK
5156,HISTORY,,190,122,LEGACY_BANK
5157,HISTORY,,190,122,LEGACY_BANK
5158,HISTORY,,190,122,LEGACY_BANK
5159,HISTORY,,190,122,LEGACY_BANK
5160,HISTORY,,190,122,LEGACY_BANK
5161,HISTORY,,190,122,LEGACY_BANK
5162,HISTORY,,190,122,LEGACY_BANK
5163,HISTORY,,190,122,LEGACY_BANK
5164,HISTORY,,191,122,LEGACY_BANK
5165,HISTORY,,191,122,LEGACY_BANK
5166,HISTORY,,191,122,LEGACY_BANK
5167,HISTORY,,191,122,LEGACY_BANK
5168,HISTORY,,191,122,LEGACY_BANK
5169,HISTORY,,191,122,LEGACY_BANK
5170,HISTORY,,191,122,LEGACY_BANK
5171,HISTORY,,191,122,LEGACY_BANK
5172,HISTORY,,191,122,LEGACY_BANK
5173,HISTORY,,191,122,LEGACY_BANK
5174,HISTORY,,191,122,LEGACY_BANK
5175,HISTORY,,191,122,LEGACY_BANK
5176,HISTORY,,191,122,LEGACY_BANK
5177,HISTORY,,191,122,LEGACY_BANK
5178,HISTORY,,191,122,LEGACY_BANK
5179,HISTORY,,192,123,LEGACY_BANK
5180,HISTORY,,192,123,LEGACY_BANK
5181,HISTORY,,192,123,LEGACY_BANK
5182,HISTORY,,192,123,LEGACY_BANK
5183,HISTORY,,192,123,LEGACY_BANK
5184,HISTORY,,192,123,LEGACY_BANK
5185,HISTORY,,192,123,LEGACY_BANK
5186,HISTORY,,192,123,LEGACY_BANK
5187,HISTORY,,192,123,LEGACY_BANK
5188,HISTORY,,192,123,LEGACY_BANK
5189,HISTORY,,192,123,LEGACY_BANK
5190,HISTORY,,192,123,LEGACY_BANK
5191,HISTORY,,192,123,LEGACY_BANK
5192,HISTORY,,192,123,LEGACY_BANK
5193,HISTORY,,192,123,LEGACY_BANK
5194,HISTORY,,193,123,LEGACY_BANK
5195,HISTORY,,193,123,LEGACY_BANK
5196,HISTORY,,193,123,LEGACY_BANK
5197,HISTORY,,193,123,LEGACY_BANK
5198,HISTORY,,193,123,LEGACY_BANK
5199,HISTORY,,193,123,LEGACY_BANK
5200,HISTORY,,193,123,LEGACY_BANK
5201,HISTORY,,193,123,LEGACY_BANK
5202,HISTORY,,193,123,LEGACY_BANK
5203,HISTORY,,193,123,LEGACY_BANK
5204,HISTORY,,193,123,LEGACY_BANK
5205,HISTORY,,193,123,LEGACY_BANK
5206,HISTORY,,193,123,LEGACY_BANK
5207,HISTORY,,193,123,LEGACY_BANK
5208,HISTORY,,193,123,LEGACY_BANK
5209,HISTORY,,194,124,LEGACY_BANK
5210,HISTORY,,194,124,LEGACY_BANK
5211,HISTORY,,194,124,LEGACY_BANK
5212,HISTORY,,194,124,LEGACY_BANK
5213,HISTORY,,194,124,LEGACY_BANK
5214,HISTORY,,194,124,LEGACY_BANK
5215,HISTORY,,194,124,LEGACY_BANK
5216,HISTORY,,194,124,LEGACY_BANK
5217,HISTORY,,194,124,LEGACY_BANK
5218,HISTORY,,194,124,LEGACY_BANK
5219,HISTORY,,194,124,LEGACY_BANK
5220,HISTORY,,194,124,LEGACY_BANK
5221,HISTORY,,194,124,LEGACY_BANK
5222,HISTORY,,194,124,LEGACY_BANK
5223,HISTORY,,194,124,LEGACY_BANK
5224,HISTORY,,195,124,LEGACY_BANK
5225,HISTORY,,195,124,LEGACY_BANK
5226,HISTORY,,195,124,LEGACY_BANK
5227,HISTORY,,195,124,LEGACY_BANK
5228,HISTORY,,195,124,LEGACY_BANK
5229,HISTORY,,195,124,LEGACY_BANK
5230,HISTORY,,195,124,LEGACY_BANK
5231,HISTORY,,195,124,LEGACY_BANK
5232,HISTORY,,195,124,LEGACY_BANK
5233,HISTORY,,195,124,LEGACY_BANK
5234,HISTORY,,195,124,LEGACY_BANK
5235,HISTORY,,195,124,LEGACY_BANK
5236,HISTORY,,195,124,LEGACY_BANK
5237,HISTORY,,195,124,LEGACY_BANK
5238,HISTORY,,195,124,LEGACY_BANK
5239,HISTORY,,196,124,LEGACY_BANK
5240,HISTORY,,196,124,LEGACY_BANK
5241,HISTORY,,196,124,LEGACY_BANK
5242,HISTORY,,196,124,LEGACY_BANK
5243,HISTORY,,196,124,LEGACY_BANK
5244,HISTORY,,196,124,LEGACY_BANK
5245,HISTORY,,196,124,LEGACY_BANK
5246,HISTORY,,196,124,LEGACY_BANK
5247,HISTORY,,196,124,LEGACY_BANK
5248,HISTORY,,196,124,LEGACY_BANK
5249,HISTORY,,196,124,LEGACY_BANK
5250,HISTORY,,196,124,LEGACY_BANK
5251,HISTORY,,196,124,LEGACY_BANK
5252,HISTORY,,196,124,LEGACY_BANK
5253,HISTORY,,196,124,LEGACY_BANK
5254,HISTORY,,197,125,LEGACY_BANK
5255,HISTORY,,197,125,LEGACY_BANK
5256,HISTORY,,197,125,LEGACY_BANK
5257,HISTORY,,197,125,LEGACY_BANK
5258,HISTORY,,197,125,LEGACY_BANK
5259,HISTORY,,197,125,LEGACY_BANK
5260,HISTORY,,197,125,LEGACY_BANK
5261,HISTORY,,197,125,LEGACY_BANK
5262,HISTORY,,197,125,LEGACY_BANK
5263,HISTORY,,197,125,LEGACY_BANK
5264,HISTORY,,197,125,LEGACY_BANK
5265,HISTORY,,197,125,LEGACY_BANK
5266,HISTORY,,197,125,LEGACY_BANK
5267,HISTORY,,197,125,LEGACY_BANK
5268,HISTORY,,197,125,LEGACY_BANK
5269,HISTORY,,198,125,LEGACY_BANK
5270,HISTORY,,198,125,LEGACY_BANK
5271,HISTORY,,198,125,LEGACY_BANK
5272,HISTORY,,198,125,LEGACY_BANK
5273,HISTORY,,198,125,LEGACY_BANK
5274,HISTORY,,198,125,LEGACY_BANK
5275,HISTORY,,198,125,LEGACY_BANK
5276,HISTORY,,198,125,LEGACY_BANK
5277,HISTORY,,198,125,LEGACY_BANK
5278,HISTORY,,198,125,LEGACY_BANK
5279,HISTORY,,198,125,LEGACY_BANK
5280,HISTORY,,198,125,LEGACY_BANK
5281,HISTORY,,198,125,LEGACY_BANK
5282,HISTORY,,198,125,LEGACY_BANK
5283,HISTORY,,198,125,LEGACY_BANK
5284,HISTORY,,200,126,LEGACY_BANK
5285,HISTORY,,200,126,LEGACY_BANK
5286,HISTORY,,200,126,LEGACY_BANK
5287,HISTORY,,200,126,LEGACY_BANK
5288,HISTORY,,200,126,LEGACY_BANK
5289,HISTORY,,200,126,LEGACY_BANK
5290,HISTORY,,200,126,LEGACY_BANK
5291,HISTORY,,200,126,LEGACY_BANK
5292,HISTORY,,200,126,LEGACY_BANK
5293,HISTORY,,200,126,LEGACY_BANK
5294,HISTORY,,200,126,LEGACY_BANK
5295,HISTORY,,200,126,LEGACY_BANK
5296,HISTORY,,200,126,LEGACY_BANK
5297,HISTORY,,200,126,LEGACY_BANK
5298,HISTORY,,200,126,LEGACY_BANK
5299,HISTORY,,201,127,AI_GENERATED
5300,HISTORY,,201,127,AI_GENERATED
5301,HISTORY,,201,127,AI_GENERATED
5302,HISTORY,,201,127,AI_GENERATED
5303,HISTORY,,201,127,AI_GENERATED
5304,HISTORY,,201,127,AI_GENERATED
5305,HISTORY,,201,127,AI_GENERATED
5306,HISTORY,,201,127,AI_GENERATED
5307,HISTORY,,201,127,AI_GENERATED
5308,HISTORY,,201,127,AI_GENERATED
5309,HISTORY,,201,127,AI_GENERATED
5310,HISTORY,,201,127,AI_GENERATED
5311,HISTORY,,201,127,AI_GENERATED
5312,HISTORY,,201,127,AI_GENERATED
5313,HISTORY,,201,127,AI_GENERATED
5314,HISTORY,,201,127,AI_GENERATED
5315,HISTORY,,201,127,AI_GENERATED
5316,HISTORY,,201,127,AI_GENERATED
5317,HISTORY,,201,127,AI_GENERATED
5318,HISTORY,,201,127,AI_GENERATED
5319,HISTORY,,201,127,AI_GENERATED
5320,HISTORY,,201,127,AI_GENERATED
5321,HISTORY,,201,127,AI_GENERATED
5322,HISTORY,,201,127,AI_GENERATED
5323,HISTORY,,201,127,AI_GENERATED
5324,HISTORY,,201,127,AI_GENERATED
5325,HISTORY,,201,127,AI_GENERATED
5326,HISTORY,,201,127,AI_GENERATED
5327,HISTORY,,201,127,AI_GENERATED
5328,HISTORY,,201,127,AI_GENERATED
5329,HISTORY,,201,127,AI_GENERATED
5330,HISTORY,,201,127,AI_GENERATED
5331,HISTORY,,201,127,AI_GENERATED
5332,HISTORY,,201,127,AI_GENERATED
5333,HISTORY,,201,127,AI_GENERATED
5334,HISTORY,,201,127,AI_GENERATED
5335,HISTORY,,201,127,AI_GENERATED
5336,HISTORY,,201,127,AI_GENERATED
5337,HISTORY,,201,127,AI_GENERATED
5338,HISTORY,,201,127,AI_GENERATED
5339,HISTORY,,202,127,AI_GENERATED
5340,HISTORY,,202,127,AI_GENERATED
5341,HISTORY,,202,127,AI_GENERATED
5342,HISTORY,,202,127,AI_GENERATED
5343,HISTORY,,202,127,AI_GENERATED
5344,HISTORY,,202,127,AI_GENERATED
5345,HISTORY,,202,127,AI_GENERATED
5346,HISTORY,,202,127,AI_GENERATED
5347,HISTORY,,202,127,AI_GENERATED
5348,HISTORY,,202,127,AI_GENERATED
5349,HISTORY,,202,127,AI_GENERATED
5350,HISTORY,,202,127,AI_GENERATED
5351,HISTORY,,202,127,AI_GENERATED
5352,HISTORY,,202,127,AI_GENERATED
5353,HISTORY,,202,127,AI_GENERATED
5354,HISTORY,,202,127,AI_GENERATED
5355,HISTORY,,202,127,AI_GENERATED
5356,HISTORY,,202,127,AI_GENERATED
5357,HISTORY,,202,127,AI_GENERATED
5358,HISTORY,,202,127,AI_GENERATED
5359,HISTORY,,202,127,AI_GENERATED
5360,HISTORY,,202,127,AI_GENERATED
5361,HISTORY,,202,127,AI_GENERATED
5362,HISTORY,,202,127,AI_GENERATED
5363,HISTORY,,202,127,AI_GENERATED
5364,HISTORY,,202,127,AI_GENERATED
5365,HISTORY,,202,127,AI_GENERATED
5366,HISTORY,,202,127,AI_GENERATED
5367,HISTORY,,202,127,AI_GENERATED
5368,HISTORY,,202,127,AI_GENERATED
5369,HISTORY,,202,127,AI_GENERATED
5370,HISTORY,,202,127,AI_GENERATED
5371,HISTORY,,202,127,AI_GENERATED
5372,HISTORY,,202,127,AI_GENERATED
5373,HISTORY,,202,127,AI_GENERATED
5374,HISTORY,,202,127,AI_GENERATED
5375,HISTORY,,202,127,AI_GENERATED
5376,HISTORY,,202,127,AI_GENERATED
5377,HISTORY,,202,127,AI_GENERATED
5378,HISTORY,,202,127,AI_GENERATED
5379,HISTORY,,203,128,AI_GENERATED
5380,HISTORY,,203,128,AI_GENERATED
5381,HISTORY,,203,128,AI_GENERATED
5382,HISTORY,,203,128,AI_GENERATED
5383,HISTORY,,203,128,AI_GENERATED
5384,HISTORY,,203,128,AI_GENERATED
5385,HISTORY,,203,128,AI_GENERATED
5386,HISTORY,,203,128,AI_GENERATED
5387,HISTORY,,203,128,AI_GENERATED
5388,HISTORY,,203,128,AI_GENERATED
5389,HISTORY,,203,128,AI_GENERATED
5390,HISTORY,,203,128,AI_GENERATED
5391,HISTORY,,203,128,AI_GENERATED
5392,HISTORY,,203,128,AI_GENERATED
5393,HISTORY,,203,128,AI_GENERATED
5394,HISTORY,,203,128,AI_GENERATED
5395,HISTORY,,203,128,AI_GENERATED
5396,HISTORY,,203,128,AI_GENERATED
5397,HISTORY,,203,128,AI_GENERATED
5398,HISTORY,,203,128,AI_GENERATED
5399,HISTORY,,203,128,AI_GENERATED
5400,HISTORY,,203,128,AI_GENERATED
5401,HISTORY,,203,128,AI_GENERATED
5402,HISTORY,,203,128,AI_GENERATED
5403,HISTORY,,203,128,AI_GENERATED
5404,HISTORY,,203,128,AI_GENERATED
5405,HISTORY,,203,128,AI_GENERATED
5406,HISTORY,,203,128,AI_GENERATED
5407,HISTORY,,203,128,AI_GENERATED
5408,HISTORY,,203,128,AI_GENERATED
5409,HISTORY,,203,128,AI_GENERATED
5410,HISTORY,,203,128,AI_GENERATED
5411,HISTORY,,203,128,AI_GENERATED
5412,HISTORY,,203,128,AI_GENERATED
5413,HISTORY,,203,128,AI_GENERATED
5414,HISTORY,,203,128,AI_GENERATED
5415,HISTORY,,203,128,AI_GENERATED
5416,HISTORY,,203,128,AI_GENERATED
5417,HISTORY,,203,128,AI_GENERATED
5418,HISTORY,,203,128,AI_GENERATED
5419,HISTORY,,203,128,AI_GENERATED
5420,HISTORY,,203,128,AI_GENERATED
5421,HISTORY,,203,128,AI_GENERATED
5422,HISTORY,,203,128,AI_GENERATED
5423,HISTORY,,203,128,AI_GENERATED
5424,HISTORY,,203,128,AI_GENERATED
5425,HISTORY,,203,128,AI_GENERATED
5426,HISTORY,,203,128,AI_GENERATED
5427,HISTORY,,203,128,AI_GENERATED
5428,HISTORY,,203,128,AI_GENERATED
5429,HISTORY,,204,128,AI_GENERATED
5430,HISTORY,,204,128,AI_GENERATED
5431,HISTORY,,204,128,AI_GENERATED
5432,HISTORY,,204,128,AI_GENERATED
5433,HISTORY,,204,128,AI_GENERATED
5434,HISTORY,,204,128,AI_GENERATED
5435,HISTORY,,204,128,AI_GENERATED
5436,HISTORY,,204,128,AI_GENERATED
5437,HISTORY,,204,128,AI_GENERATED
5438,HISTORY,,204,128,AI_GENERATED
5439,HISTORY,,204,128,AI_GENERATED
5440,HISTORY,,204,128,AI_GENERATED
5441,HISTORY,,204,128,AI_GENERATED
5442,HISTORY,,204,128,AI_GENERATED
5443,HISTORY,,204,128,AI_GENERATED
5444,HISTORY,,204,128,AI_GENERATED
5445,HISTORY,,204,128,AI_GENERATED
5446,HISTORY,,204,128,AI_GENERATED
5447,HISTORY,,204,128,AI_GENERATED
5448,HISTORY,,204,128,AI_GENERATED
5449,HISTORY,,204,128,AI_GENERATED
5450,HISTORY,,204,128,AI_GENERATED
5451,HISTORY,,204,128,AI_GENERATED
5452,HISTORY,,204,128,AI_GENERATED
5453,HISTORY,,204,128,AI_GENERATED
5454,HISTORY,,204,128,AI_GENERATED
5455,HISTORY,,204,128,AI_GENERATED
5456,HISTORY,,204,128,AI_GENERATED
5457,HISTORY,,204,128,AI_GENERATED
5458,HISTORY,,204,128,AI_GENERATED
5459,HISTORY,,204,128,AI_GENERATED
5460,HISTORY,,204,128,AI_GENERATED
5461,HISTORY,,204,128,AI_GENERATED
5462,HISTORY,,204,128,AI_GENERATED
5463,HISTORY,,204,128,AI_GENERATED
5464,HISTORY,,204,128,AI_GENERATED
5465,HISTORY,,204,128,AI_GENERATED
5466,HISTORY,,204,128,AI_GENERATED
5467,HISTORY,,204,128,AI_GENERATED
5468,HISTORY,,204,128,AI_GENERATED
5469,HISTORY,,204,128,AI_GENERATED
5470,HISTORY,,204,128,AI_GENERATED
5471,HISTORY,,204,128,AI_GENERATED
5472,HISTORY,,204,128,AI_GENERATED
5473,HISTORY,,204,128,AI_GENERATED
5474,HISTORY,,204,128,AI_GENERATED
5475,HISTORY,,204,128,AI_GENERATED
5476,HISTORY,,204,128,AI_GENERATED
5477,HISTORY,,204,128,AI_GENERATED
5478,HISTORY,,204,128,AI_GENERATED
5479,HISTORY,,205,129,AI_GENERATED
5480,HISTORY,,205,129,AI_GENERATED
5481,HISTORY,,205,129,AI_GENERATED
5482,HISTORY,,205,129,AI_GENERATED
5483,HISTORY,,205,129,AI_GENERATED
5484,HISTORY,,205,129,AI_GENERATED
5485,HISTORY,,205,129,AI_GENERATED
5486,HISTORY,,205,129,AI_GENERATED
5487,HISTORY,,205,129,AI_GENERATED
5488,HISTORY,,205,129,AI_GENERATED
5489,HISTORY,,205,129,AI_GENERATED
5490,HISTORY,,205,129,AI_GENERATED
5491,HISTORY,,205,129,AI_GENERATED
5492,HISTORY,,205,129,AI_GENERATED
5493,HISTORY,,205,129,AI_GENERATED
5494,HISTORY,,205,129,AI_GENERATED
5495,HISTORY,,205,129,AI_GENERATED
5496,HISTORY,,205,129,AI_GENERATED
5497,HISTORY,,205,129,AI_GENERATED
5498,HISTORY,,205,129,AI_GENERATED
5499,HISTORY,,205,129,AI_GENERATED
5500,HISTORY,,205,129,AI_GENERATED
5501,HISTORY,,205,129,AI_GENERATED
5502,HISTORY,,205,129,AI_GENERATED
5503,HISTORY,,205,129,AI_GENERATED
5504,HISTORY,,205,129,AI_GENERATED
5505,HISTORY,,205,129,AI_GENERATED
5506,HISTORY,,205,129,AI_GENERATED
5507,HISTORY,,205,129,AI_GENERATED
5508,HISTORY,,205,129,AI_GENERATED
5509,HISTORY,,205,129,AI_GENERATED
5510,HISTORY,,205,129,AI_GENERATED
5511,HISTORY,,205,129,AI_GENERATED
5512,HISTORY,,205,129,AI_GENERATED
5513,HISTORY,,205,129,AI_GENERATED
5514,HISTORY,,205,129,AI_GENERATED
5515,HISTORY,,205,129,AI_GENERATED
5516,HISTORY,,205,129,AI_GENERATED
5517,HISTORY,,205,129,AI_GENERATED
5518,HISTORY,,205,129,AI_GENERATED
5519,HISTORY,,206,129,AI_GENERATED
5520,HISTORY,,206,129,AI_GENERATED
5521,HISTORY,,206,129,AI_GENERATED
5522,HISTORY,,206,129,AI_GENERATED
5523,HISTORY,,206,129,AI_GENERATED
5524,HISTORY,,206,129,AI_GENERATED
5525,HISTORY,,206,129,AI_GENERATED
5526,HISTORY,,206,129,AI_GENERATED
5527,HISTORY,,206,129,AI_GENERATED
5528,HISTORY,,206,129,AI_GENERATED
5529,HISTORY,,206,129,AI_GENERATED
5530,HISTORY,,206,129,AI_GENERATED
5531,HISTORY,,206,129,AI_GENERATED
5532,HISTORY,,206,129,AI_GENERATED
5533,HISTORY,,206,129,AI_GENERATED
5534,HISTORY,,206,129,AI_GENERATED
5535,HISTORY,,206,129,AI_GENERATED
5536,HISTORY,,206,129,AI_GENERATED
5537,HISTORY,,206,129,AI_GENERATED
5538,HISTORY,,206,129,AI_GENERATED
5539,HISTORY,,206,129,AI_GENERATED
5540,HISTORY,,206,129,AI_GENERATED
5541,HISTORY,,206,129,AI_GENERATED
5542,HISTORY,,206,129,AI_GENERATED
5543,HISTORY,,206,129,AI_GENERATED
5544,HISTORY,,206,129,AI_GENERATED
5545,HISTORY,,206,129,AI_GENERATED
5546,HISTORY,,206,129,AI_GENERATED
5547,HISTORY,,206,129,AI_GENERATED
5548,HISTORY,,206,129,AI_GENERATED
5549,HISTORY,,206,129,AI_GENERATED
5550,HISTORY,,206,129,AI_GENERATED
5551,HISTORY,,206,129,AI_GENERATED
5552,HISTORY,,206,129,AI_GENERATED
5553,HISTORY,,206,129,AI_GENERATED
5554,HISTORY,,206,129,AI_GENERATED
5555,HISTORY,,206,129,AI_GENERATED
5556,HISTORY,,206,129,AI_GENERATED
5557,HISTORY,,206,129,AI_GENERATED
5558,HISTORY,,206,129,AI_GENERATED
5559,HISTORY,,207,129,AI_GENERATED
5560,HISTORY,,207,129,AI_GENERATED
5561,HISTORY,,207,129,AI_GENERATED
5562,HISTORY,,207,129,AI_GENERATED
5563,HISTORY,,207,129,AI_GENERATED
5564,HISTORY,,207,129,AI_GENERATED
5565,HISTORY,,207,129,AI_GENERATED
5566,HISTORY,,207,129,AI_GENERATED
5567,HISTORY,,207,129,AI_GENERATED
5568,HISTORY,,207,129,AI_GENERATED
5569,HISTORY,,207,129,AI_GENERATED
5570,HISTORY,,207,129,AI_GENERATED
5571,HISTORY,,207,129,AI_GENERATED
5572,HISTORY,,207,129,AI_GENERATED
5573,HISTORY,,207,129,AI_GENERATED
5574,HISTORY,,207,129,AI_GENERATED
5575,HISTORY,,207,129,AI_GENERATED
5576,HISTORY,,207,129,AI_GENERATED
5577,GEOGRAPHY,,209,130,LEGACY_BANK
5578,GEOGRAPHY,,209,130,LEGACY_BANK
5579,GEOGRAPHY,,209,130,LEGACY_BANK
5580,GEOGRAPHY,,209,130,LEGACY_BANK
5581,GEOGRAPHY,,209,130,LEGACY_BANK
5582,GEOGRAPHY,,209,130,LEGACY_BANK
5583,GEOGRAPHY,,209,130,LEGACY_BANK
5584,GEOGRAPHY,,209,130,LEGACY_BANK
5585,GEOGRAPHY,,209,130,LEGACY_BANK
5586,GEOGRAPHY,,209,130,LEGACY_BANK
5587,GEOGRAPHY,,209,130,LEGACY_BANK
5588,GEOGRAPHY,,209,130,LEGACY_BANK
5589,GEOGRAPHY,,210,131,LEGACY_BANK
5590,GEOGRAPHY,,210,131,LEGACY_BANK
5591,GEOGRAPHY,,210,131,LEGACY_BANK
5592,GEOGRAPHY,,210,131,LEGACY_BANK
5593,GEOGRAPHY,,210,131,LEGACY_BANK
5594,GEOGRAPHY,,210,131,LEGACY_BANK
5595,GEOGRAPHY,,210,131,LEGACY_BANK
5596,GEOGRAPHY,,210,131,LEGACY_BANK
5597,GEOGRAPHY,,210,131,LEGACY_BANK
5598,GEOGRAPHY,,210,131,LEGACY_BANK
5599,GEOGRAPHY,,210,131,LEGACY_BANK
5600,GEOGRAPHY,,210,131,LEGACY_BANK
5601,GEOGRAPHY,,211,131,LEGACY_BANK
5602,GEOGRAPHY,,211,131,LEGACY_BANK
5603,GEOGRAPHY,,211,131,LEGACY_BANK
5604,GEOGRAPHY,,211,131,LEGACY_BANK
5605,GEOGRAPHY,,211,131,LEGACY_BANK
5606,GEOGRAPHY,,211,131,LEGACY_BANK
5607,GEOGRAPHY,,211,131,LEGACY_BANK
5608,GEOGRAPHY,,211,131,LEGACY_BANK
5609,GEOGRAPHY,,211,131,LEGACY_BANK
5610,GEOGRAPHY,,211,131,LEGACY_BANK
5611,GEOGRAPHY,,211,131,LEGACY_BANK
5612,GEOGRAPHY,,211,131,LEGACY_BANK
5613,GEOGRAPHY,,212,132,LEGACY_BANK
5614,GEOGRAPHY,,212,132,LEGACY_BANK
5615,GEOGRAPHY,,212,132,LEGACY_BANK
5616,GEOGRAPHY,,212,132,LEGACY_BANK
5617,GEOGRAPHY,,212,132,LEGACY_BANK
5618,GEOGRAPHY,,212,132,LEGACY_BANK
5619,GEOGRAPHY,,212,132,LEGACY_BANK
5620,GEOGRAPHY,,212,132,LEGACY_BANK
5621,GEOGRAPHY,,212,132,LEGACY_BANK
5622,GEOGRAPHY,,212,132,LEGACY_BANK
5623,GEOGRAPHY,,212,132,LEGACY_BANK
5624,GEOGRAPHY,,212,132,LEGACY_BANK
5625,GEOGRAPHY,,213,132,LEGACY_BANK
5626,GEOGRAPHY,,213,132,LEGACY_BANK
5627,GEOGRAPHY,,213,132,LEGACY_BANK
5628,GEOGRAPHY,,213,132,LEGACY_BANK
5629,GEOGRAPHY,,213,132,LEGACY_BANK
5630,GEOGRAPHY,,213,132,LEGACY_BANK
5631,GEOGRAPHY,,213,132,LEGACY_BANK
5632,GEOGRAPHY,,213,132,LEGACY_BANK
5633,GEOGRAPHY,,213,132,LEGACY_BANK
5634,GEOGRAPHY,,213,132,LEGACY_BANK
5635,GEOGRAPHY,,213,132,LEGACY_BANK
5636,GEOGRAPHY,,213,132,LEGACY_BANK
5637,GEOGRAPHY,,214,133,LEGACY_BANK
5638,GEOGRAPHY,,214,133,LEGACY_BANK
5639,GEOGRAPHY,,214,133,LEGACY_BANK
5640,GEOGRAPHY,,214,133,LEGACY_BANK
5641,GEOGRAPHY,,214,133,LEGACY_BANK
5642,GEOGRAPHY,,214,133,LEGACY_BANK
5643,GEOGRAPHY,,214,133,LEGACY_BANK
5644,GEOGRAPHY,,214,133,LEGACY_BANK
5645,GEOGRAPHY,,214,133,LEGACY_BANK
5646,GEOGRAPHY,,214,133,LEGACY_BANK
5647,GEOGRAPHY,,214,133,LEGACY_BANK
5648,GEOGRAPHY,,214,133,LEGACY_BANK
5649,GEOGRAPHY,,215,133,LEGACY_BANK
5650,GEOGRAPHY,,215,133,LEGACY_BANK
5651,GEOGRAPHY,,215,133,LEGACY_BANK
5652,GEOGRAPHY,,215,133,LEGACY_BANK
5653,GEOGRAPHY,,215,133,LEGACY_BANK
5654,GEOGRAPHY,,215,133,LEGACY_BANK
5655,GEOGRAPHY,,215,133,LEGACY_BANK
5656,GEOGRAPHY,,215,133,LEGACY_BANK
5657,GEOGRAPHY,,215,133,LEGACY_BANK
5658,GEOGRAPHY,,215,133,LEGACY_BANK
5659,GEOGRAPHY,,215,133,LEGACY_BANK
5660,GEOGRAPHY,,215,133,LEGACY_BANK
5661,GEOGRAPHY,,217,134,LEGACY_BANK
5662,GEOGRAPHY,,217,134,LEGACY_BANK
5663,GEOGRAPHY,,217,134,LEGACY_BANK
5664,GEOGRAPHY,,217,134,LEGACY_BANK
5665,GEOGRAPHY,,217,134,LEGACY_BANK
5666,GEOGRAPHY,,217,134,LEGACY_BANK
5667,GEOGRAPHY,,217,134,LEGACY_BANK
5668,GEOGRAPHY,,217,134,LEGACY_BANK
5669,GEOGRAPHY,,217,134,LEGACY_BANK
5670,GEOGRAPHY,,217,134,LEGACY_BANK
5671,GEOGRAPHY,,217,134,LEGACY_BANK
5672,GEOGRAPHY,,217,134,LEGACY_BANK
5673,GEOGRAPHY,,218,135,LEGACY_BANK
5674,GEOGRAPHY,,218,135,LEGACY_BANK
5675,GEOGRAPHY,,218,135,LEGACY_BANK
5676,GEOGRAPHY,,218,135,LEGACY_BANK
5677,GEOGRAPHY,,218,135,LEGACY_BANK
5678,GEOGRAPHY,,218,135,LEGACY_BANK
5679,GEOGRAPHY,,218,135,LEGACY_BANK
5680,GEOGRAPHY,,218,135,LEGACY_BANK
5681,GEOGRAPHY,,218,135,LEGACY_BANK
5682,GEOGRAPHY,,218,135,LEGACY_BANK
5683,GEOGRAPHY,,218,135,LEGACY_BANK
5684,GEOGRAPHY,,218,135,LEGACY_BANK
5685,GEOGRAPHY,,219,135,LEGACY_BANK
5686,GEOGRAPHY,,219,135,LEGACY_BANK
5687,GEOGRAPHY,,219,135,LEGACY_BANK
5688,GEOGRAPHY,,219,135,LEGACY_BANK
5689,GEOGRAPHY,,219,135,LEGACY_BANK
5690,GEOGRAPHY,,219,135,LEGACY_BANK
5691,GEOGRAPHY,,219,135,LEGACY_BANK
5692,GEOGRAPHY,,219,135,LEGACY_BANK
5693,GEOGRAPHY,,219,135,LEGACY_BANK
5694,GEOGRAPHY,,219,135,LEGACY_BANK
5695,GEOGRAPHY,,219,135,LEGACY_BANK
5696,GEOGRAPHY,,219,135,LEGACY_BANK
5697,GEOGRAPHY,,221,136,LEGACY_BANK
5698,GEOGRAPHY,,221,136,LEGACY_BANK
5699,GEOGRAPHY,,221,136,LEGACY_BANK
5700,GEOGRAPHY,,221,136,LEGACY_BANK
5701,GEOGRAPHY,,221,136,LEGACY_BANK
5702,GEOGRAPHY,,221,136,LEGACY_BANK
5703,GEOGRAPHY,,221,136,LEGACY_BANK
5704,GEOGRAPHY,,221,136,LEGACY_BANK
5705,GEOGRAPHY,,221,136,LEGACY_BANK
5706,GEOGRAPHY,,221,136,LEGACY_BANK
5707,GEOGRAPHY,,221,136,LEGACY_BANK
5708,GEOGRAPHY,,221,136,LEGACY_BANK
5709,EMC,,222,137,LEGACY_BANK
5710,EMC,,222,137,LEGACY_BANK
5711,EMC,,222,137,LEGACY_BANK
5712,EMC,,222,137,LEGACY_BANK
5713,EMC,,222,137,LEGACY_BANK
5714,EMC,,222,137,LEGACY_BANK
5715,EMC,,222,137,LEGACY_BANK
5716,EMC,,222,137,LEGACY_BANK
5717,EMC,,222,137,LEGACY_BANK
5718,EMC,,222,137,LEGACY_BANK
5719,EMC,,222,137,LEGACY_BANK
5720,EMC,,222,137,LEGACY_BANK
5721,EMC,,222,137,LEGACY_BANK
5722,EMC,,222,137,LEGACY_BANK
5723,EMC,,222,137,LEGACY_BANK
5724,EMC,,223,137,LEGACY_BANK
5725,EMC,,223,137,LEGACY_BANK
5726,EMC,,223,137,LEGACY_BANK
5727,EMC,,223,137,LEGACY_BANK
5728,EMC,,223,137,LEGACY_BANK
5729,EMC,,223,137,LEGACY_BANK
5730,EMC,,223,137,LEGACY_BANK
5731,EMC,,223,137,LEGACY_BANK
5732,EMC,,223,137,LEGACY_BANK
5733,EMC,,223,137,LEGACY_BANK
5734,EMC,,223,137,LEGACY_BANK
5735,EMC,,223,137,LEGACY_BANK
5736,EMC,,223,137,LEGACY_BANK
5737,EMC,,223,137,LEGACY_BANK
5738,EMC,,223,137,LEGACY_BANK
5739,EMC,,224,138,LEGACY_BANK
5740,EMC,,224,138,LEGACY_BANK
5741,EMC,,224,138,LEGACY_BANK
5742,EMC,,224,138,LEGACY_BANK
5743,EMC,,224,138,LEGACY_BANK
5744,EMC,,224,138,LEGACY_BANK
5745,EMC,,224,138,LEGACY_BANK
5746,EMC,,224,138,LEGACY_BANK
5747,EMC,,224,138,LEGACY_BANK
5748,EMC,,224,138,LEGACY_BANK
5749,EMC,,224,138,LEGACY_BANK
5750,EMC,,224,138,LEGACY_BANK
5751,EMC,,224,138,LEGACY_BANK
5752,EMC,,224,138,LEGACY_BANK
5753,EMC,,224,138,LEGACY_BANK
5754,EMC,,225,138,LEGACY_BANK
5755,EMC,,225,138,LEGACY_BANK
5756,EMC,,225,138,LEGACY_BANK
5757,EMC,,225,138,LEGACY_BANK
5758,EMC,,225,138,LEGACY_BANK
5759,EMC,,225,138,LEGACY_BANK
5760,EMC,,225,138,LEGACY_BANK
5761,EMC,,225,138,LEGACY_BANK
5762,EMC,,225,138,LEGACY_BANK
5763,EMC,,225,138,LEGACY_BANK
5764,EMC,,225,138,LEGACY_BANK
5765,EMC,,225,138,LEGACY_BANK
5766,EMC,,225,138,LEGACY_BANK
5767,EMC,,225,138,LEGACY_BANK
5768,EMC,,225,138,LEGACY_BANK
5769,EMC,,226,139,LEGACY_BANK
5770,EMC,,226,139,LEGACY_BANK
5771,EMC,,226,139,LEGACY_BANK
5772,EMC,,226,139,LEGACY_BANK
5773,EMC,,226,139,LEGACY_BANK
5774,EMC,,226,139,LEGACY_BANK
5775,EMC,,226,139,LEGACY_BANK
5776,EMC,,226,139,LEGACY_BANK
5777,EMC,,226,139,LEGACY_BANK
5778,EMC,,226,139,LEGACY_BANK
5779,EMC,,226,139,LEGACY_BANK
5780,EMC,,226,139,LEGACY_BANK
5781,EMC,,226,139,LEGACY_BANK
5782,EMC,,226,139,LEGACY_BANK
5783,EMC,,226,139,LEGACY_BANK
5784,EMC,,227,139,LEGACY_BANK
5785,EMC,,227,139,LEGACY_BANK
5786,EMC,,227,139,LEGACY_BANK
5787,EMC,,227,139,LEGACY_BANK
5788,EMC,,227,139,LEGACY_BANK
5789,EMC,,227,139,LEGACY_BANK
5790,EMC,,227,139,LEGACY_BANK
5791,EMC,,227,139,LEGACY_BANK
5792,EMC,,227,139,LEGACY_BANK
5793,EMC,,227,139,LEGACY_BANK
5794,EMC,,227,139,LEGACY_BANK
5795,EMC,,227,139,LEGACY_BANK
5796,EMC,,227,139,LEGACY_BANK
5797,EMC,,227,139,LEGACY_BANK
5798,EMC,,227,139,LEGACY_BANK
5799,EMC,,228,140,LEGACY_BANK
5800,EMC,,228,140,LEGACY_BANK
5801,EMC,,228,140,LEGACY_BANK
5802,EMC,,228,140,LEGACY_BANK
5803,EMC,,228,140,LEGACY_BANK
5804,EMC,,228,140,LEGACY_BANK
5805,EMC,,228,140,LEGACY_BANK
5806,EMC,,228,140,LEGACY_BANK
5807,EMC,,228,140,LEGACY_BANK
5808,EMC,,228,140,LEGACY_BANK
5809,EMC,,228,140,LEGACY_BANK
5810,EMC,,228,140,LEGACY_BANK
5811,EMC,,228,140,LEGACY_BANK
5812,EMC,,228,140,LEGACY_BANK
5813,EMC,,228,140,LEGACY_BANK
5814,EMC,,229,140,LEGACY_BANK
5815,EMC,,229,140,LEGACY_BANK
5816,EMC,,229,140,LEGACY_BANK
5817,EMC,,229,140,LEGACY_BANK
5818,EMC,,229,140,LEGACY_BANK
5819,EMC,,229,140,LEGACY_BANK
5820,EMC,,229,140,LEGACY_BANK
5821,EMC,,229,140,LEGACY_BANK
5822,EMC,,229,140,LEGACY_BANK
5823,EMC,,229,140,LEGACY_BANK
5824,EMC,,229,140,LEGACY_BANK
5825,EMC,,229,140,LEGACY_BANK
5826,EMC,,229,140,LEGACY_BANK
5827,EMC,,229,140,LEGACY_BANK
5828,EMC,,229,140,LEGACY_BANK
5829,EMC,,230,141,LEGACY_BANK
5830,EMC,,230,141,LEGACY_BANK
5831,EMC,,230,141,LEGACY_BANK
5832,EMC,,230,141,LEGACY_BANK
5833,EMC,,230,141,LEGACY_BANK
5834,EMC,,230,141,LEGACY_BANK
5835,EMC,,230,141,LEGACY_BANK
5836,EMC,,230,141,LEGACY_BANK
5837,EMC,,230,141,LEGACY_BANK
5838,EMC,,230,141,LEGACY_BANK
5839,EMC,,230,141,LEGACY_BANK
5840,EMC,,230,141,LEGACY_BANK
5841,EMC,,230,141,LEGACY_BANK
5842,EMC,,230,141,LEGACY_BANK
5843,EMC,,230,141,LEGACY_BANK
5844,EMC,,231,141,LEGACY_BANK
5845,EMC,,231,141,LEGACY_BANK
5846,EMC,,231,141,LEGACY_BANK
5847,EMC,,231,141,LEGACY_BANK
5848,EMC,,231,141,LEGACY_BANK
5849,EMC,,231,141,LEGACY_BANK
5850,EMC,,231,141,LEGACY_BANK
5851,EMC,,231,141,LEGACY_BANK
5852,EMC,,231,141,LEGACY_BANK
5853,EMC,,231,141,LEGACY_BANK
5854,EMC,,231,141,LEGACY_BANK
5855,EMC,,231,141,LEGACY_BANK
5856,EMC,,231,141,LEGACY_BANK
5857,EMC,,231,141,LEGACY_BANK
5858,EMC,,231,141,LEGACY_BANK
5859,EMC,,232,142,LEGACY_BANK
5860,EMC,,232,142,LEGACY_BANK
5861,EMC,,232,142,LEGACY_BANK
5862,EMC,,232,142,LEGACY_BANK
5863,EMC,,232,142,LEGACY_BANK
5864,EMC,,232,142,LEGACY_BANK
5865,EMC,,232,142,LEGACY_BANK
5866,EMC,,232,142,LEGACY_BANK
5867,EMC,,232,142,LEGACY_BANK
5868,EMC,,232,142,LEGACY_BANK
5869,EMC,,232,142,LEGACY_BANK
5870,EMC,,232,142,LEGACY_BANK
5871,EMC,,232,142,LEGACY_BANK
5872,EMC,,232,142,LEGACY_BANK
5873,EMC,,232,142,LEGACY_BANK
5874,EMC,,233,142,LEGACY_BANK
5875,EMC,,233,142,LEGACY_BANK
5876,EMC,,233,142,LEGACY_BANK
5877,EMC,,233,142,LEGACY_BANK
5878,EMC,,233,142,LEGACY_BANK
5879,EMC,,233,142,LEGACY_BANK
5880,EMC,,233,142,LEGACY_BANK
5881,EMC,,233,142,LEGACY_BANK
5882,EMC,,233,142,LEGACY_BANK
5883,EMC,,233,142,LEGACY_BANK
5884,EMC,,233,142,LEGACY_BANK
5885,EMC,,233,142,LEGACY_BANK
5886,EMC,,233,142,LEGACY_BANK
5887,EMC,,233,142,LEGACY_BANK
5888,EMC,,233,142,LEGACY_BANK
5889,EMC,,234,143,AI_GENERATED
5890,EMC,,234,143,AI_GENERATED
5891,EMC,,234,143,AI_GENERATED
5892,EMC,,234,143,AI_GENERATED
5893,EMC,,234,143,AI_GENERATED
5894,EMC,,234,143,AI_GENERATED
5895,EMC,,234,143,AI_GENERATED
5896,EMC,,234,143,AI_GENERATED
5897,EMC,,234,143,AI_GENERATED
5898,EMC,,234,143,AI_GENERATED
5899,EMC,,234,143,AI_GENERATED
5900,EMC,,234,143,AI_GENERATED
5901,EMC,,234,143,AI_GENERATED
5902,EMC,,234,143,AI_GENERATED
5903,EMC,,234,143,AI_GENERATED
5904,EMC,,234,143,AI_GENERATED
5905,EMC,,234,143,AI_GENERATED
5906,EMC,,234,143,AI_GENERATED
5907,EMC,,234,143,AI_GENERATED
5908,EMC,,234,143,AI_GENERATED
5909,EMC,,234,143,AI_GENERATED
5910,EMC,,234,143,AI_GENERATED
5911,EMC,,234,143,AI_GENERATED
5912,EMC,,234,143,AI_GENERATED
5913,EMC,,234,143,AI_GENERATED
5914,EMC,,234,143,AI_GENERATED
5915,EMC,,234,143,AI_GENERATED
5916,EMC,,234,143,AI_GENERATED
5917,EMC,,234,143,AI_GENERATED
5918,EMC,,234,143,AI_GENERATED
5919,EMC,,234,143,AI_GENERATED
5920,EMC,,234,143,AI_GENERATED
5921,EMC,,234,143,AI_GENERATED
5922,EMC,,234,143,AI_GENERATED
5923,EMC,,234,143,AI_GENERATED
5924,EMC,,234,143,AI_GENERATED
5925,EMC,,234,143,AI_GENERATED
5926,EMC,,234,143,AI_GENERATED
5927,EMC,,234,143,AI_GENERATED
5928,EMC,,234,143,AI_GENERATED
5929,EMC,,235,143,AI_GENERATED
5930,EMC,,235,143,AI_GENERATED
5931,EMC,,235,143,AI_GENERATED
5932,EMC,,235,143,AI_GENERATED
5933,EMC,,235,143,AI_GENERATED
5934,EMC,,235,143,AI_GENERATED
5935,EMC,,235,143,AI_GENERATED
5936,EMC,,235,143,AI_GENERATED
5937,EMC,,235,143,AI_GENERATED
5938,EMC,,235,143,AI_GENERATED
5939,EMC,,235,143,AI_GENERATED
5940,EMC,,235,143,AI_GENERATED
5941,EMC,,235,143,AI_GENERATED
5942,EMC,,235,143,AI_GENERATED
5943,EMC,,235,143,AI_GENERATED
5944,EMC,,235,143,AI_GENERATED
5945,EMC,,235,143,AI_GENERATED
5946,EMC,,235,143,AI_GENERATED
5947,EMC,,235,143,AI_GENERATED
5948,EMC,,235,143,AI_GENERATED
5949,EMC,,235,143,AI_GENERATED
5950,EMC,,235,143,AI_GENERATED
5951,EMC,,235,143,AI_GENERATED
5952,EMC,,235,143,AI_GENERATED
5953,EMC,,235,143,AI_GENERATED
5954,EMC,,235,143,AI_GENERATED
5955,EMC,,235,143,AI_GENERATED
5956,EMC,,235,143,AI_GENERATED
5957,EMC,,235,143,AI_GENERATED
5958,EMC,,235,143,AI_GENERATED
5959,EMC,,235,143,AI_GENERATED
5960,EMC,,235,143,AI_GENERATED
5961,EMC,,235,143,AI_GENERATED
5962,EMC,,235,143,AI_GENERATED
5963,EMC,,235,143,AI_GENERATED
5964,EMC,,235,143,AI_GENERATED
5965,EMC,,235,143,AI_GENERATED
5966,EMC,,235,143,AI_GENERATED
5967,EMC,,235,143,AI_GENERATED
5968,EMC,,235,143,AI_GENERATED
5969,EMC,,236,144,AI_GENERATED
5970,EMC,,236,144,AI_GENERATED
5971,EMC,,236,144,AI_GENERATED
5972,EMC,,236,144,AI_GENERATED
5973,EMC,,236,144,AI_GENERATED
5974,EMC,,236,144,AI_GENERATED
5975,EMC,,236,144,AI_GENERATED
5976,EMC,,236,144,AI_GENERATED
5977,EMC,,236,144,AI_GENERATED
5978,EMC,,236,144,AI_GENERATED
5979,EMC,,236,144,AI_GENERATED
5980,EMC,,236,144,AI_GENERATED
5981,EMC,,236,144,AI_GENERATED
5982,EMC,,236,144,AI_GENERATED
5983,EMC,,236,144,AI_GENERATED
5984,EMC,,236,144,AI_GENERATED
5985,EMC,,236,144,AI_GENERATED
5986,EMC,,236,144,AI_GENERATED
5987,EMC,,236,144,AI_GENERATED
5988,EMC,,236,144,AI_GENERATED
5989,EMC,,236,144,AI_GENERATED
5990,EMC,,236,144,AI_GENERATED
5991,EMC,,236,144,AI_GENERATED
5992,EMC,,236,144,AI_GENERATED
5993,EMC,,236,144,AI_GENERATED
5994,EMC,,236,144,AI_GENERATED
5995,EMC,,236,144,AI_GENERATED
5996,EMC,,236,144,AI_GENERATED
5997,EMC,,236,144,AI_GENERATED
5998,EMC,,236,144,AI_GENERATED
5999,EMC,,236,144,AI_GENERATED
6000,EMC,,236,144,AI_GENERATED
6001,EMC,,236,144,AI_GENERATED
6002,EMC,,236,144,AI_GENERATED
6003,EMC,,236,144,AI_GENERATED
6004,EMC,,236,144,AI_GENERATED
6005,EMC,,236,144,AI_GENERATED
6006,EMC,,236,144,AI_GENERATED
6007,EMC,,236,144,AI_GENERATED
6008,EMC,,236,144,AI_GENERATED
6009,EMC,,237,144,AI_GENERATED
6010,EMC,,237,144,AI_GENERATED
6011,EMC,,237,144,AI_GENERATED
6012,EMC,,237,144,AI_GENERATED
6013,EMC,,237,144,AI_GENERATED
6014,EMC,,237,144,AI_GENERATED
6015,EMC,,237,144,AI_GENERATED
6016,EMC,,237,144,AI_GENERATED
6017,EMC,,237,144,AI_GENERATED
6018,EMC,,237,144,AI_GENERATED
6019,EMC,,237,144,AI_GENERATED
6020,EMC,,237,144,AI_GENERATED
6021,EMC,,237,144,AI_GENERATED
6022,EMC,,237,144,AI_GENERATED
6023,EMC,,237,144,AI_GENERATED
6024,EMC,,237,144,AI_GENERATED
6025,EMC,,237,144,AI_GENERATED
6026,EMC,,237,144,AI_GENERATED
6027,EMC,,237,144,AI_GENERATED
6028,EMC,,237,144,AI_GENERATED
6029,EMC,,237,144,AI_GENERATED
6030,EMC,,237,144,AI_GENERATED
6031,EMC,,237,144,AI_GENERATED
6032,EMC,,237,144,AI_GENERATED
6033,EMC,,237,144,AI_GENERATED
6034,EMC,,237,144,AI_GENERATED
6035,EMC,,237,144,AI_GENERATED
6036,EMC,,237,144,AI_GENERATED
6037,EMC,,237,144,AI_GENERATED
6038,EMC,,237,144,AI_GENERATED
6039,EMC,,237,144,AI_GENERATED
6040,EMC,,237,144,AI_GENERATED
6041,EMC,,237,144,AI_GENERATED
6042,EMC,,237,144,AI_GENERATED
6043,EMC,,237,144,AI_GENERATED
6044,EMC,,237,144,AI_GENERATED
6045,EMC,,237,144,AI_GENERATED
6046,EMC,,237,144,AI_GENERATED
6047,EMC,,237,144,AI_GENERATED
6048,EMC,,237,144,AI_GENERATED
6049,EMC,,238,145,LEGACY_BANK
6050,EMC,,238,145,LEGACY_BANK
6051,EMC,,238,145,LEGACY_BANK
6052,EMC,,238,145,LEGACY_BANK
6053,EMC,,238,145,LEGACY_BANK
6054,EMC,,238,145,LEGACY_BANK
6055,EMC,,238,145,LEGACY_BANK
6056,EMC,,238,145,LEGACY_BANK
6057,EMC,,238,145,LEGACY_BANK
6058,EMC,,238,145,LEGACY_BANK
6059,EMC,,238,145,LEGACY_BANK
6060,EMC,,238,145,LEGACY_BANK
6061,EMC,,238,145,LEGACY_BANK
6062,EMC,,238,145,LEGACY_BANK
6063,EMC,,238,145,LEGACY_BANK
6064,EMC,,239,145,LEGACY_BANK
6065,EMC,,239,145,LEGACY_BANK
6066,EMC,,239,145,LEGACY_BANK
6067,EMC,,239,145,LEGACY_BANK
6068,EMC,,239,145,LEGACY_BANK
6069,EMC,,239,145,LEGACY_BANK
6070,EMC,,239,145,LEGACY_BANK
6071,EMC,,239,145,LEGACY_BANK
6072,EMC,,239,145,LEGACY_BANK
6073,EMC,,239,145,LEGACY_BANK
6074,EMC,,239,145,LEGACY_BANK
6075,EMC,,239,145,LEGACY_BANK
6076,EMC,,239,145,LEGACY_BANK
6077,EMC,,239,145,LEGACY_BANK
6078,EMC,,239,145,LEGACY_BANK
6079,PHYSICS_CHEMISTRY,,240,146,LEGACY_BANK
6080,PHYSICS_CHEMISTRY,,240,146,LEGACY_BANK
6081,PHYSICS_CHEMISTRY,,240,146,LEGACY_BANK
6082,PHYSICS_CHEMISTRY,,240,146,LEGACY_BANK
6083,PHYSICS_CHEMISTRY,,240,146,LEGACY_BANK
6084,PHYSICS_CHEMISTRY,,240,146,LEGACY_BANK
6085,PHYSICS_CHEMISTRY,,240,146,LEGACY_BANK
6086,PHYSICS_CHEMISTRY,,240,146,LEGACY_BANK
6087,PHYSICS_CHEMISTRY,,240,146,LEGACY_BANK
6088,PHYSICS_CHEMISTRY,,240,146,LEGACY_BANK
6089,PHYSICS_CHEMISTRY,,240,146,LEGACY_BANK
6090,PHYSICS_CHEMISTRY,,240,146,LEGACY_BANK
6091,PHYSICS_CHEMISTRY,,241,146,LEGACY_BANK
6092,PHYSICS_CHEMISTRY,,241,146,LEGACY_BANK
6093,PHYSICS_CHEMISTRY,,241,146,LEGACY_BANK
6094,PHYSICS_CHEMISTRY,,241,146,LEGACY_BANK
6095,PHYSICS_CHEMISTRY,,241,146,LEGACY_BANK
6096,PHYSICS_CHEMISTRY,,241,146,LEGACY_BANK
6097,PHYSICS_CHEMISTRY,,241,146,LEGACY_BANK
6098,PHYSICS_CHEMISTRY,,241,146,LEGACY_BANK
6099,PHYSICS_CHEMISTRY,,241,146,LEGACY_BANK
6100,PHYSICS_CHEMISTRY,,241,146,LEGACY_BANK
6101,PHYSICS_CHEMISTRY,,241,146,LEGACY_BANK
6102,PHYSICS_CHEMISTRY,,241,146,LEGACY_BANK
6103,PHYSICS_CHEMISTRY,,242,147,LEGACY_BANK
6104,PHYSICS_CHEMISTRY,,242,147,LEGACY_BANK
6105,PHYSICS_CHEMISTRY,,242,147,LEGACY_BANK
6106,PHYSICS_CHEMISTRY,,242,147,LEGACY_BANK
6107,PHYSICS_CHEMISTRY,,242,147,LEGACY_BANK
6108,PHYSICS_CHEMISTRY,,242,147,LEGACY_BANK
6109,PHYSICS_CHEMISTRY,,242,147,LEGACY_BANK
6110,PHYSICS_CHEMISTRY,,242,147,LEGACY_BANK
6111,PHYSICS_CHEMISTRY,,242,147,LEGACY_BANK
6112,PHYSICS_CHEMISTRY,,242,147,LEGACY_BANK
6113,PHYSICS_CHEMISTRY,,243,147,LEGACY_BANK
6114,PHYSICS_CHEMISTRY,,243,147,LEGACY_BANK
6115,PHYSICS_CHEMISTRY,,243,147,LEGACY_BANK
6116,PHYSICS_CHEMISTRY,,243,147,LEGACY_BANK
6117,PHYSICS_CHEMISTRY,,243,147,LEGACY_BANK
6118,PHYSICS_CHEMISTRY,,243,147,LEGACY_BANK
6119,PHYSICS_CHEMISTRY,,243,147,LEGACY_BANK
6120,PHYSICS_CHEMISTRY,,243,147,LEGACY_BANK
6121,PHYSICS_CHEMISTRY,,243,147,LEGACY_BANK
6122,PHYSICS_CHEMISTRY,,243,147,LEGACY_BANK
6123,PHYSICS_CHEMISTRY,,243,147,LEGACY_BANK
6124,PHYSICS_CHEMISTRY,,243,147,LEGACY_BANK
6125,PHYSICS_CHEMISTRY,,244,148,LEGACY_BANK
6126,PHYSICS_CHEMISTRY,,244,148,LEGACY_BANK
6127,PHYSICS_CHEMISTRY,,244,148,LEGACY_BANK
6128,PHYSICS_CHEMISTRY,,244,148,LEGACY_BANK
6129,PHYSICS_CHEMISTRY,,244,148,LEGACY_BANK
6130,PHYSICS_CHEMISTRY,,244,148,LEGACY_BANK
6131,PHYSICS_CHEMISTRY,,244,148,LEGACY_BANK
6132,PHYSICS_CHEMISTRY,,244,148,LEGACY_BANK
6133,PHYSICS_CHEMISTRY,,244,148,LEGACY_BANK
6134,PHYSICS_CHEMISTRY,,244,148,LEGACY_BANK
6135,PHYSICS_CHEMISTRY,,245,148,LEGACY_BANK
6136,PHYSICS_CHEMISTRY,,245,148,LEGACY_BANK
6137,PHYSICS_CHEMISTRY,,245,148,LEGACY_BANK
6138,PHYSICS_CHEMISTRY,,245,148,LEGACY_BANK
6139,PHYSICS_CHEMISTRY,,245,148,LEGACY_BANK
6140,PHYSICS_CHEMISTRY,,245,148,LEGACY_BANK
6141,PHYSICS_CHEMISTRY,,245,148,LEGACY_BANK
6142,PHYSICS_CHEMISTRY,,245,148,LEGACY_BANK
6143,PHYSICS_CHEMISTRY,,245,148,LEGACY_BANK
6144,PHYSICS_CHEMISTRY,,245,148,LEGACY_BANK
6145,PHYSICS_CHEMISTRY,,245,148,LEGACY_BANK
6146,PHYSICS_CHEMISTRY,,245,148,LEGACY_BANK
6147,PHYSICS_CHEMISTRY,,246,149,LEGACY_BANK
6148,PHYSICS_CHEMISTRY,,246,149,LEGACY_BANK
6149,PHYSICS_CHEMISTRY,,246,149,LEGACY_BANK
6150,PHYSICS_CHEMISTRY,,246,149,LEGACY_BANK
6151,PHYSICS_CHEMISTRY,,246,149,LEGACY_BANK
6152,PHYSICS_CHEMISTRY,,246,149,LEGACY_BANK
6153,PHYSICS_CHEMISTRY,,246,149,LEGACY_BANK
6154,PHYSICS_CHEMISTRY,,246,149,LEGACY_BANK
6155,PHYSICS_CHEMISTRY,,246,149,LEGACY_BANK
6156,PHYSICS_CHEMISTRY,,246,149,LEGACY_BANK
6157,PHYSICS_CHEMISTRY,,246,149,LEGACY_BANK
6158,PHYSICS_CHEMISTRY,,246,149,LEGACY_BANK
6159,PHYSICS_CHEMISTRY,,247,149,LEGACY_BANK
6160,PHYSICS_CHEMISTRY,,247,149,LEGACY_BANK
6161,PHYSICS_CHEMISTRY,,247,149,LEGACY_BANK
6162,PHYSICS_CHEMISTRY,,247,149,LEGACY_BANK
6163,PHYSICS_CHEMISTRY,,247,149,LEGACY_BANK
6164,PHYSICS_CHEMISTRY,,247,149,LEGACY_BANK
6165,PHYSICS_CHEMISTRY,,247,149,LEGACY_BANK
6166,PHYSICS_CHEMISTRY,,247,149,LEGACY_BANK
6167,PHYSICS_CHEMISTRY,,247,149,LEGACY_BANK
6168,PHYSICS_CHEMISTRY,,247,149,LEGACY_BANK
6169,PHYSICS_CHEMISTRY,,247,149,LEGACY_BANK
6170,PHYSICS_CHEMISTRY,,247,149,LEGACY_BANK
6171,PHYSICS_CHEMISTRY,,248,150,LEGACY_BANK
6172,PHYSICS_CHEMISTRY,,248,150,LEGACY_BANK
6173,PHYSICS_CHEMISTRY,,248,150,LEGACY_BANK
6174,PHYSICS_CHEMISTRY,,248,150,LEGACY_BANK
6175,PHYSICS_CHEMISTRY,,248,150,LEGACY_BANK
6176,PHYSICS_CHEMISTRY,,248,150,LEGACY_BANK
6177,PHYSICS_CHEMISTRY,,248,150,LEGACY_BANK
6178,PHYSICS_CHEMISTRY,,248,150,LEGACY_BANK
6179,PHYSICS_CHEMISTRY,,248,150,LEGACY_BANK
6180,PHYSICS_CHEMISTRY,,248,150,LEGACY_BANK
6181,PHYSICS_CHEMISTRY,,249,150,LEGACY_BANK
6182,PHYSICS_CHEMISTRY,,249,150,LEGACY_BANK
6183,PHYSICS_CHEMISTRY,,249,150,LEGACY_BANK
6184,PHYSICS_CHEMISTRY,,249,150,LEGACY_BANK
6185,PHYSICS_CHEMISTRY,,249,150,LEGACY_BANK
6186,PHYSICS_CHEMISTRY,,249,150,LEGACY_BANK
6187,PHYSICS_CHEMISTRY,,249,150,LEGACY_BANK
6188,PHYSICS_CHEMISTRY,,249,150,LEGACY_BANK
6189,PHYSICS_CHEMISTRY,,249,150,LEGACY_BANK
6190,PHYSICS_CHEMISTRY,,249,150,LEGACY_BANK
6191,PHYSICS_CHEMISTRY,,249,150,LEGACY_BANK
6192,PHYSICS_CHEMISTRY,,249,150,LEGACY_BANK
6193,PHYSICS_CHEMISTRY,,250,151,LEGACY_BANK
6194,PHYSICS_CHEMISTRY,,250,151,LEGACY_BANK
6195,PHYSICS_CHEMISTRY,,250,151,LEGACY_BANK
6196,PHYSICS_CHEMISTRY,,250,151,LEGACY_BANK
6197,PHYSICS_CHEMISTRY,,250,151,LEGACY_BANK
6198,PHYSICS_CHEMISTRY,,250,151,LEGACY_BANK
6199,PHYSICS_CHEMISTRY,,250,151,LEGACY_BANK
6200,PHYSICS_CHEMISTRY,,250,151,LEGACY_BANK
6201,PHYSICS_CHEMISTRY,,250,151,LEGACY_BANK
6202,PHYSICS_CHEMISTRY,,250,151,LEGACY_BANK
6203,PHYSICS_CHEMISTRY,,250,151,LEGACY_BANK
6204,PHYSICS_CHEMISTRY,,250,151,LEGACY_BANK
6205,PHYSICS_CHEMISTRY,,251,151,LEGACY_BANK
6206,PHYSICS_CHEMISTRY,,251,151,LEGACY_BANK
6207,PHYSICS_CHEMISTRY,,251,151,LEGACY_BANK
6208,PHYSICS_CHEMISTRY,,251,151,LEGACY_BANK
6209,PHYSICS_CHEMISTRY,,251,151,LEGACY_BANK
6210,PHYSICS_CHEMISTRY,,251,151,LEGACY_BANK
6211,PHYSICS_CHEMISTRY,,251,151,LEGACY_BANK
6212,PHYSICS_CHEMISTRY,,251,151,LEGACY_BANK
6213,PHYSICS_CHEMISTRY,,251,151,LEGACY_BANK
6214,PHYSICS_CHEMISTRY,,251,151,LEGACY_BANK
6215,PHYSICS_CHEMISTRY,,251,151,LEGACY_BANK
6216,PHYSICS_CHEMISTRY,,251,151,LEGACY_BANK
6217,PHYSICS_CHEMISTRY,,252,152,LEGACY_BANK
6218,PHYSICS_CHEMISTRY,,252,152,LEGACY_BANK
6219,PHYSICS_CHEMISTRY,,252,152,LEGACY_BANK
6220,PHYSICS_CHEMISTRY,,252,152,LEGACY_BANK
6221,PHYSICS_CHEMISTRY,,252,152,LEGACY_BANK
6222,PHYSICS_CHEMISTRY,,252,152,LEGACY_BANK
6223,PHYSICS_CHEMISTRY,,252,152,LEGACY_BANK
6224,PHYSICS_CHEMISTRY,,252,152,LEGACY_BANK
6225,PHYSICS_CHEMISTRY,,252,152,LEGACY_BANK
6226,PHYSICS_CHEMISTRY,,252,152,LEGACY_BANK
6227,PHYSICS_CHEMISTRY,,253,152,LEGACY_BANK
6228,PHYSICS_CHEMISTRY,,253,152,LEGACY_BANK
6229,PHYSICS_CHEMISTRY,,253,152,LEGACY_BANK
6230,PHYSICS_CHEMISTRY,,253,152,LEGACY_BANK
6231,PHYSICS_CHEMISTRY,,253,152,LEGACY_BANK
6232,PHYSICS_CHEMISTRY,,253,152,LEGACY_BANK
6233,PHYSICS_CHEMISTRY,,253,152,LEGACY_BANK
6234,PHYSICS_CHEMISTRY,,253,152,LEGACY_BANK
6235,PHYSICS_CHEMISTRY,,253,152,LEGACY_BANK
6236,PHYSICS_CHEMISTRY,,253,152,LEGACY_BANK
6237,PHYSICS_CHEMISTRY,,253,152,LEGACY_BANK
6238,PHYSICS_CHEMISTRY,,253,152,LEGACY_BANK
6239,PHYSICS_CHEMISTRY,,254,153,LEGACY_BANK
6240,PHYSICS_CHEMISTRY,,254,153,LEGACY_BANK
6241,PHYSICS_CHEMISTRY,,254,153,LEGACY_BANK
6242,PHYSICS_CHEMISTRY,,254,153,LEGACY_BANK
6243,PHYSICS_CHEMISTRY,,254,153,LEGACY_BANK
6244,PHYSICS_CHEMISTRY,,254,153,LEGACY_BANK
6245,PHYSICS_CHEMISTRY,,254,153,LEGACY_BANK
6246,PHYSICS_CHEMISTRY,,254,153,LEGACY_BANK
6247,PHYSICS_CHEMISTRY,,254,153,LEGACY_BANK
6248,PHYSICS_CHEMISTRY,,254,153,LEGACY_BANK
6249,PHYSICS_CHEMISTRY,,254,153,LEGACY_BANK
6250,PHYSICS_CHEMISTRY,,254,153,LEGACY_BANK
6251,PHYSICS_CHEMISTRY,,255,153,LEGACY_BANK
6252,PHYSICS_CHEMISTRY,,255,153,LEGACY_BANK
6253,PHYSICS_CHEMISTRY,,255,153,LEGACY_BANK
6254,PHYSICS_CHEMISTRY,,255,153,LEGACY_BANK
6255,PHYSICS_CHEMISTRY,,255,153,LEGACY_BANK
6256,PHYSICS_CHEMISTRY,,255,153,LEGACY_BANK
6257,PHYSICS_CHEMISTRY,,255,153,LEGACY_BANK
6258,PHYSICS_CHEMISTRY,,255,153,LEGACY_BANK
6259,PHYSICS_CHEMISTRY,,255,153,LEGACY_BANK
6260,PHYSICS_CHEMISTRY,,255,153,LEGACY_BANK
6261,PHYSICS_CHEMISTRY,,255,153,LEGACY_BANK
6262,PHYSICS_CHEMISTRY,,255,153,LEGACY_BANK
6263,PHYSICS_CHEMISTRY,,256,154,LEGACY_BANK
6264,PHYSICS_CHEMISTRY,,256,154,LEGACY_BANK
6265,PHYSICS_CHEMISTRY,,256,154,LEGACY_BANK
6266,PHYSICS_CHEMISTRY,,256,154,LEGACY_BANK
6267,PHYSICS_CHEMISTRY,,256,154,LEGACY_BANK
6268,PHYSICS_CHEMISTRY,,256,154,LEGACY_BANK
6269,PHYSICS_CHEMISTRY,,256,154,LEGACY_BANK
6270,PHYSICS_CHEMISTRY,,256,154,LEGACY_BANK
6271,PHYSICS_CHEMISTRY,,256,154,LEGACY_BANK
6272,PHYSICS_CHEMISTRY,,256,154,LEGACY_BANK
6273,PHYSICS_CHEMISTRY,,257,154,LEGACY_BANK
6274,PHYSICS_CHEMISTRY,,257,154,LEGACY_BANK
6275,PHYSICS_CHEMISTRY,,257,154,LEGACY_BANK
6276,PHYSICS_CHEMISTRY,,257,154,LEGACY_BANK
6277,PHYSICS_CHEMISTRY,,257,154,LEGACY_BANK
6278,PHYSICS_CHEMISTRY,,257,154,LEGACY_BANK
6279,PHYSICS_CHEMISTRY,,257,154,LEGACY_BANK
6280,PHYSICS_CHEMISTRY,,257,154,LEGACY_BANK
6281,PHYSICS_CHEMISTRY,,257,154,LEGACY_BANK
6282,PHYSICS_CHEMISTRY,,257,154,LEGACY_BANK
6283,PHYSICS_CHEMISTRY,,257,154,LEGACY_BANK
6284,PHYSICS_CHEMISTRY,,257,154,LEGACY_BANK
6285,SVT,,258,155,LEGACY_BANK
6286,SVT,,258,155,LEGACY_BANK
6287,SVT,,258,155,LEGACY_BANK
6288,SVT,,258,155,LEGACY_BANK
6289,SVT,,258,155,LEGACY_BANK
6290,SVT,,258,155,LEGACY_BANK
6291,SVT,,258,155,LEGACY_BANK
6292,SVT,,258,155,LEGACY_BANK
6293,SVT,,258,155,LEGACY_BANK
6294,SVT,,258,155,LEGACY_BANK
6295,SVT,,258,155,LEGACY_BANK
6296,SVT,,258,155,LEGACY_BANK
6297,SVT,,259,155,LEGACY_BANK
6298,SVT,,259,155,LEGACY_BANK
6299,SVT,,259,155,LEGACY_BANK
6300,SVT,,259,155,LEGACY_BANK
6301,SVT,,259,155,LEGACY_BANK
6302,SVT,,259,155,LEGACY_BANK
6303,SVT,,259,155,LEGACY_BANK
6304,SVT,,259,155,LEGACY_BANK
6305,SVT,,259,155,LEGACY_BANK
6306,SVT,,259,155,LEGACY_BANK
6307,SVT,,259,155,LEGACY_BANK
6308,SVT,,259,155,LEGACY_BANK
6309,SVT,,260,156,LEGACY_BANK
6310,SVT,,260,156,LEGACY_BANK
6311,SVT,,260,156,LEGACY_BANK
6312,SVT,,260,156,LEGACY_BANK
6313,SVT,,260,156,LEGACY_BANK
6314,SVT,,260,156,LEGACY_BANK
6315,SVT,,260,156,LEGACY_BANK
6316,SVT,,260,156,LEGACY_BANK
6317,SVT,,260,156,LEGACY_BANK
6318,SVT,,260,156,LEGACY_BANK
6319,SVT,,260,156,LEGACY_BANK
6320,SVT,,260,156,LEGACY_BANK
6321,SVT,,261,156,LEGACY_BANK
6322,SVT,,261,156,LEGACY_BANK
6323,SVT,,261,156,LEGACY_BANK
6324,SVT,,261,156,LEGACY_BANK
6325,SVT,,261,156,LEGACY_BANK
6326,SVT,,261,156,LEGACY_BANK
6327,SVT,,261,156,LEGACY_BANK
6328,SVT,,261,156,LEGACY_BANK
6329,SVT,,261,156,LEGACY_BANK
6330,SVT,,261,156,LEGACY_BANK
6331,SVT,,261,156,LEGACY_BANK
6332,SVT,,261,156,LEGACY_BANK
6333,SVT,,262,157,LEGACY_BANK
6334,SVT,,262,157,LEGACY_BANK
6335,SVT,,262,157,LEGACY_BANK
6336,SVT,,262,157,LEGACY_BANK
6337,SVT,,262,157,LEGACY_BANK
6338,SVT,,262,157,LEGACY_BANK
6339,SVT,,262,157,LEGACY_BANK
6340,SVT,,262,157,LEGACY_BANK
6341,SVT,,262,157,LEGACY_BANK
6342,SVT,,262,157,LEGACY_BANK
6343,SVT,,262,157,LEGACY_BANK
6344,SVT,,262,157,LEGACY_BANK
6345,SVT,,263,157,LEGACY_BANK
6346,SVT,,263,157,LEGACY_BANK
6347,SVT,,263,157,LEGACY_BANK
6348,SVT,,263,157,LEGACY_BANK
6349,SVT,,263,157,LEGACY_BANK
6350,SVT,,263,157,LEGACY_BANK
6351,SVT,,263,157,LEGACY_BANK
6352,SVT,,263,157,LEGACY_BANK
6353,SVT,,263,157,LEGACY_BANK
6354,SVT,,263,157,LEGACY_BANK
6355,SVT,,263,157,LEGACY_BANK
6356,SVT,,263,157,LEGACY_BANK
6357,SVT,,264,158,LEGACY_BANK
6358,SVT,,264,158,LEGACY_BANK
6359,SVT,,264,158,LEGACY_BANK
6360,SVT,,264,158,LEGACY_BANK
6361,SVT,,264,158,LEGACY_BANK
6362,SVT,,264,158,LEGACY_BANK
6363,SVT,,264,158,LEGACY_BANK
6364,SVT,,264,158,LEGACY_BANK
6365,SVT,,264,158,LEGACY_BANK
6366,SVT,,264,158,LEGACY_BANK
6367,SVT,,265,158,LEGACY_BANK
6368,SVT,,265,158,LEGACY_BANK
6369,SVT,,265,158,LEGACY_BANK
6370,SVT,,265,158,LEGACY_BANK
6371,SVT,,265,158,LEGACY_BANK
6372,SVT,,265,158,LEGACY_BANK
6373,SVT,,265,158,LEGACY_BANK
6374,SVT,,265,158,LEGACY_BANK
6375,SVT,,265,158,LEGACY_BANK
6376,SVT,,265,158,LEGACY_BANK
6377,SVT,,265,158,LEGACY_BANK
6378,SVT,,265,158,LEGACY_BANK
6379,SVT,,266,159,LEGACY_BANK
6380,SVT,,266,159,LEGACY_BANK
6381,SVT,,266,159,LEGACY_BANK
6382,SVT,,266,159,LEGACY_BANK
6383,SVT,,266,159,LEGACY_BANK
6384,SVT,,266,159,LEGACY_BANK
6385,SVT,,266,159,LEGACY_BANK
6386,SVT,,266,159,LEGACY_BANK
6387,SVT,,266,159,LEGACY_BANK
6388,SVT,,266,159,LEGACY_BANK
6389,SVT,,266,159,LEGACY_BANK
6390,SVT,,266,159,LEGACY_BANK
6391,SVT,,267,159,LEGACY_BANK
6392,SVT,,267,159,LEGACY_BANK
6393,SVT,,267,159,LEGACY_BANK
6394,SVT,,267,159,LEGACY_BANK
6395,SVT,,267,159,LEGACY_BANK
6396,SVT,,267,159,LEGACY_BANK
6397,SVT,,267,159,LEGACY_BANK
6398,SVT,,267,159,LEGACY_BANK
6399,SVT,,267,159,LEGACY_BANK
6400,SVT,,267,159,LEGACY_BANK
6401,SVT,,267,159,LEGACY_BANK
6402,SVT,,267,159,LEGACY_BANK
6403,SVT,,268,160,LEGACY_BANK
6404,SVT,,268,160,LEGACY_BANK
6405,SVT,,268,160,LEGACY_BANK
6406,SVT,,268,160,LEGACY_BANK
6407,SVT,,268,160,LEGACY_BANK
6408,SVT,,268,160,LEGACY_BANK
6409,SVT,,268,160,LEGACY_BANK
6410,SVT,,268,160,LEGACY_BANK
6411,SVT,,268,160,LEGACY_BANK
6412,SVT,,268,160,LEGACY_BANK
6413,SVT,,269,160,LEGACY_BANK
6414,SVT,,269,160,LEGACY_BANK
6415,SVT,,269,160,LEGACY_BANK
6416,SVT,,269,160,LEGACY_BANK
6417,SVT,,269,160,LEGACY_BANK
6418,SVT,,269,160,LEGACY_BANK
6419,SVT,,269,160,LEGACY_BANK
6420,SVT,,269,160,LEGACY_BANK
6421,SVT,,269,160,LEGACY_BANK
6422,SVT,,269,160,LEGACY_BANK
6423,SVT,,269,160,LEGACY_BANK
6424,SVT,,269,160,LEGACY_BANK
6425,SVT,,270,161,LEGACY_BANK
6426,SVT,,270,161,LEGACY_BANK
6427,SVT,,270,161,LEGACY_BANK
6428,SVT,,270,161,LEGACY_BANK
6429,SVT,,270,161,LEGACY_BANK
6430,SVT,,270,161,LEGACY_BANK
6431,SVT,,270,161,LEGACY_BANK
6432,SVT,,270,161,LEGACY_BANK
6433,SVT,,270,161,LEGACY_BANK
6434,SVT,,270,161,LEGACY_BANK
6435,SVT,,271,161,LEGACY_BANK
6436,SVT,,271,161,LEGACY_BANK
6437,SVT,,271,161,LEGACY_BANK
6438,SVT,,271,161,LEGACY_BANK
6439,SVT,,271,161,LEGACY_BANK
6440,SVT,,271,161,LEGACY_BANK
6441,SVT,,271,161,LEGACY_BANK
6442,SVT,,271,161,LEGACY_BANK
6443,SVT,,271,161,LEGACY_BANK
6444,SVT,,271,161,LEGACY_BANK
6445,SVT,,271,161,LEGACY_BANK
6446,SVT,,271,161,LEGACY_BANK
6447,SVT,,272,162,LEGACY_BANK
6448,SVT,,272,162,LEGACY_BANK
6449,SVT,,272,162,LEGACY_BANK
6450,SVT,,272,162,LEGACY_BANK
6451,SVT,,272,162,LEGACY_BANK
6452,SVT,,272,162,LEGACY_BANK
6453,SVT,,272,162,LEGACY_BANK
6454,SVT,,272,162,LEGACY_BANK
6455,SVT,,272,162,LEGACY_BANK
6456,SVT,,272,162,LEGACY_BANK
6457,SVT,,272,162,LEGACY_BANK
6458,SVT,,272,162,LEGACY_BANK
6459,SVT,,273,162,LEGACY_BANK
6460,SVT,,273,162,LEGACY_BANK
6461,SVT,,273,162,LEGACY_BANK
6462,SVT,,273,162,LEGACY_BANK
6463,SVT,,273,162,LEGACY_BANK
6464,SVT,,273,162,LEGACY_BANK
6465,SVT,,273,162,LEGACY_BANK
6466,SVT,,273,162,LEGACY_BANK
6467,SVT,,273,162,LEGACY_BANK
6468,SVT,,273,162,LEGACY_BANK
6469,SVT,,273,162,LEGACY_BANK
6470,SVT,,273,162,LEGACY_BANK
6471,SVT,,274,163,LEGACY_BANK
6472,SVT,,274,163,LEGACY_BANK
6473,SVT,,274,163,LEGACY_BANK
6474,SVT,,274,163,LEGACY_BANK
6475,SVT,,274,163,LEGACY_BANK
6476,SVT,,274,163,LEGACY_BANK
6477,SVT,,274,163,LEGACY_BANK
6478,SVT,,274,163,LEGACY_BANK
6479,SVT,,274,163,LEGACY_BANK
6480,SVT,,274,163,LEGACY_BANK
6481,SVT,,274,163,LEGACY_BANK
6482,SVT,,274,163,LEGACY_BANK
6483,SVT,,275,163,LEGACY_BANK
6484,SVT,,275,163,LEGACY_BANK
6485,SVT,,275,163,LEGACY_BANK
6486,SVT,,275,163,LEGACY_BANK
6487,SVT,,275,163,LEGACY_BANK
6488,SVT,,275,163,LEGACY_BANK
6489,SVT,,275,163,LEGACY_BANK
6490,SVT,,275,163,LEGACY_BANK
6491,SVT,,275,163,LEGACY_BANK
6492,SVT,,275,163,LEGACY_BANK
6493,SVT,,275,163,LEGACY_BANK
6494,SVT,,275,163,LEGACY_BANK
6495,SVT,,276,164,LEGACY_BANK
6496,SVT,,276,164,LEGACY_BANK
6497,SVT,,276,164,LEGACY_BANK
6498,SVT,,276,164,LEGACY_BANK
6499,SVT,,276,164,LEGACY_BANK
6500,SVT,,276,164,LEGACY_BANK
6501,SVT,,276,164,LEGACY_BANK
6502,SVT,,276,164,LEGACY_BANK
6503,SVT,,276,164,LEGACY_BANK
6504,SVT,,276,164,LEGACY_BANK
6505,SVT,,276,164,LEGACY_BANK
6506,SVT,,276,164,LEGACY_BANK
6507,SVT,,277,164,LEGACY_BANK
6508,SVT,,277,164,LEGACY_BANK
6509,SVT,,277,164,LEGACY_BANK
6510,SVT,,277,164,LEGACY_BANK
6511,SVT,,277,164,LEGACY_BANK
6512,SVT,,277,164,LEGACY_BANK
6513,SVT,,277,164,LEGACY_BANK
6514,SVT,,277,164,LEGACY_BANK
6515,SVT,,277,164,LEGACY_BANK
6516,SVT,,277,164,LEGACY_BANK
6517,SVT,,277,164,LEGACY_BANK
6518,SVT,,277,164,LEGACY_BANK
6519,TECHNOLOGY,,278,165,LEGACY_BANK
6520,TECHNOLOGY,,278,165,LEGACY_BANK
6521,TECHNOLOGY,,278,165,LEGACY_BANK
6522,TECHNOLOGY,,278,165,LEGACY_BANK
6523,TECHNOLOGY,,278,165,LEGACY_BANK
6524,TECHNOLOGY,,278,165,LEGACY_BANK
6525,TECHNOLOGY,,278,165,LEGACY_BANK
6526,TECHNOLOGY,,278,165,LEGACY_BANK
6527,TECHNOLOGY,,278,165,LEGACY_BANK
6528,TECHNOLOGY,,278,165,LEGACY_BANK
6529,TECHNOLOGY,,278,165,LEGACY_BANK
6530,TECHNOLOGY,,278,165,LEGACY_BANK
6531,TECHNOLOGY,,279,165,LEGACY_BANK
6532,TECHNOLOGY,,279,165,LEGACY_BANK
6533,TECHNOLOGY,,279,165,LEGACY_BANK
6534,TECHNOLOGY,,279,165,LEGACY_BANK
6535,TECHNOLOGY,,279,165,LEGACY_BANK
6536,TECHNOLOGY,,279,165,LEGACY_BANK
6537,TECHNOLOGY,,279,165,LEGACY_BANK
6538,TECHNOLOGY,,279,165,LEGACY_BANK
6539,TECHNOLOGY,,279,165,LEGACY_BANK
6540,TECHNOLOGY,,279,165,LEGACY_BANK
6541,TECHNOLOGY,,279,165,LEGACY_BANK
6542,TECHNOLOGY,,279,165,LEGACY_BANK
6543,TECHNOLOGY,,280,166,LEGACY_BANK
6544,TECHNOLOGY,,280,166,LEGACY_BANK
6545,TECHNOLOGY,,280,166,LEGACY_BANK
6546,TECHNOLOGY,,280,166,LEGACY_BANK
6547,TECHNOLOGY,,280,166,LEGACY_BANK
6548,TECHNOLOGY,,280,166,LEGACY_BANK
6549,TECHNOLOGY,,280,166,LEGACY_BANK
6550,TECHNOLOGY,,280,166,LEGACY_BANK
6551,TECHNOLOGY,,280,166,LEGACY_BANK
6552,TECHNOLOGY,,280,166,LEGACY_BANK
6553,TECHNOLOGY,,280,166,LEGACY_BANK
6554,TECHNOLOGY,,280,166,LEGACY_BANK
6555,TECHNOLOGY,,281,166,LEGACY_BANK
6556,TECHNOLOGY,,281,166,LEGACY_BANK
6557,TECHNOLOGY,,281,166,LEGACY_BANK
6558,TECHNOLOGY,,281,166,LEGACY_BANK
6559,TECHNOLOGY,,281,166,LEGACY_BANK
6560,TECHNOLOGY,,281,166,LEGACY_BANK
6561,TECHNOLOGY,,281,166,LEGACY_BANK
6562,TECHNOLOGY,,281,166,LEGACY_BANK
6563,TECHNOLOGY,,281,166,LEGACY_BANK
6564,TECHNOLOGY,,281,166,LEGACY_BANK
6565,TECHNOLOGY,,281,166,LEGACY_BANK
6566,TECHNOLOGY,,281,166,LEGACY_BANK
6567,TECHNOLOGY,,282,167,LEGACY_BANK
6568,TECHNOLOGY,,282,167,LEGACY_BANK
6569,TECHNOLOGY,,282,167,LEGACY_BANK
6570,TECHNOLOGY,,282,167,LEGACY_BANK
6571,TECHNOLOGY,,282,167,LEGACY_BANK
6572,TECHNOLOGY,,282,167,LEGACY_BANK
6573,TECHNOLOGY,,282,167,LEGACY_BANK
6574,TECHNOLOGY,,282,167,LEGACY_BANK
6575,TECHNOLOGY,,282,167,LEGACY_BANK
6576,TECHNOLOGY,,282,167,LEGACY_BANK
6577,TECHNOLOGY,,282,167,LEGACY_BANK
6578,TECHNOLOGY,,282,167,LEGACY_BANK
6579,TECHNOLOGY,,283,167,LEGACY_BANK
6580,TECHNOLOGY,,283,167,LEGACY_BANK
6581,TECHNOLOGY,,283,167,LEGACY_BANK
6582,TECHNOLOGY,,283,167,LEGACY_BANK
6583,TECHNOLOGY,,283,167,LEGACY_BANK
6584,TECHNOLOGY,,283,167,LEGACY_BANK
6585,TECHNOLOGY,,283,167,LEGACY_BANK
6586,TECHNOLOGY,,283,167,LEGACY_BANK
6587,TECHNOLOGY,,283,167,LEGACY_BANK
6588,TECHNOLOGY,,283,167,LEGACY_BANK
6589,TECHNOLOGY,,283,167,LEGACY_BANK
6590,TECHNOLOGY,,283,167,LEGACY_BANK
6591,TECHNOLOGY,,284,168,LEGACY_BANK
6592,TECHNOLOGY,,284,168,LEGACY_BANK
6593,TECHNOLOGY,,284,168,LEGACY_BANK
6594,TECHNOLOGY,,284,168,LEGACY_BANK
6595,TECHNOLOGY,,284,168,LEGACY_BANK
6596,TECHNOLOGY,,284,168,LEGACY_BANK
6597,TECHNOLOGY,,284,168,LEGACY_BANK
6598,TECHNOLOGY,,284,168,LEGACY_BANK
6599,TECHNOLOGY,,284,168,LEGACY_BANK
6600,TECHNOLOGY,,284,168,LEGACY_BANK
6601,TECHNOLOGY,,284,168,LEGACY_BANK
6602,TECHNOLOGY,,284,168,LEGACY_BANK
6603,TECHNOLOGY,,285,168,LEGACY_BANK
6604,TECHNOLOGY,,285,168,LEGACY_BANK
6605,TECHNOLOGY,,285,168,LEGACY_BANK
6606,TECHNOLOGY,,285,168,LEGACY_BANK
6607,TECHNOLOGY,,285,168,LEGACY_BANK
6608,TECHNOLOGY,,285,168,LEGACY_BANK
6609,TECHNOLOGY,,285,168,LEGACY_BANK
6610,TECHNOLOGY,,285,168,LEGACY_BANK
6611,TECHNOLOGY,,285,168,LEGACY_BANK
6612,TECHNOLOGY,,285,168,LEGACY_BANK
6613,TECHNOLOGY,,285,168,LEGACY_BANK
6614,TECHNOLOGY,,285,168,LEGACY_BANK
6615,TECHNOLOGY,,286,169,LEGACY_BANK
6616,TECHNOLOGY,,286,169,LEGACY_BANK
6617,TECHNOLOGY,,286,169,LEGACY_BANK
6618,TECHNOLOGY,,286,169,LEGACY_BANK
6619,TECHNOLOGY,,286,169,LEGACY_BANK
6620,TECHNOLOGY,,286,169,LEGACY_BANK
6621,TECHNOLOGY,,286,169,LEGACY_BANK
6622,TECHNOLOGY,,286,169,LEGACY_BANK
6623,TECHNOLOGY,,286,169,LEGACY_BANK
6624,TECHNOLOGY,,286,169,LEGACY_BANK
6625,TECHNOLOGY,,286,169,LEGACY_BANK
6626,TECHNOLOGY,,286,169,LEGACY_BANK
6627,TECHNOLOGY,,287,169,LEGACY_BANK
6628,TECHNOLOGY,,287,169,LEGACY_BANK
6629,TECHNOLOGY,,287,169,LEGACY_BANK
6630,TECHNOLOGY,,287,169,LEGACY_BANK
6631,TECHNOLOGY,,287,169,LEGACY_BANK
6632,TECHNOLOGY,,287,169,LEGACY_BANK
6633,TECHNOLOGY,,287,169,LEGACY_BANK
6634,TECHNOLOGY,,287,169,LEGACY_BANK
6635,TECHNOLOGY,,287,169,LEGACY_BANK
6636,TECHNOLOGY,,287,169,LEGACY_BANK
6637,TECHNOLOGY,,287,169,LEGACY_BANK
6638,TECHNOLOGY,,287,169,LEGACY_BANK
6639,TECHNOLOGY,,288,170,LEGACY_BANK
6640,TECHNOLOGY,,288,170,LEGACY_BANK
6641,TECHNOLOGY,,288,170,LEGACY_BANK
6642,TECHNOLOGY,,288,170,LEGACY_BANK
6643,TECHNOLOGY,,288,170,LEGACY_BANK
6644,TECHNOLOGY,,288,170,LEGACY_BANK
6645,TECHNOLOGY,,288,170,LEGACY_BANK
6646,TECHNOLOGY,,288,170,LEGACY_BANK
6647,TECHNOLOGY,,288,170,LEGACY_BANK
6648,TECHNOLOGY,,288,170,LEGACY_BANK
6649,TECHNOLOGY,,288,170,LEGACY_BANK
6650,TECHNOLOGY,,288,170,LEGACY_BANK
6651,TECHNOLOGY,,289,170,LEGACY_BANK
6652,TECHNOLOGY,,289,170,LEGACY_BANK
6653,TECHNOLOGY,,289,170,LEGACY_BANK
6654,TECHNOLOGY,,289,170,LEGACY_BANK
6655,TECHNOLOGY,,289,170,LEGACY_BANK
6656,TECHNOLOGY,,289,170,LEGACY_BANK
6657,TECHNOLOGY,,289,170,LEGACY_BANK
6658,TECHNOLOGY,,289,170,LEGACY_BANK
6659,TECHNOLOGY,,289,170,LEGACY_BANK
6660,TECHNOLOGY,,289,170,LEGACY_BANK
6661,TECHNOLOGY,,289,170,LEGACY_BANK
6662,TECHNOLOGY,,289,170,LEGACY_BANK
6663,TECHNOLOGY,,290,171,LEGACY_BANK
6664,TECHNOLOGY,,290,171,LEGACY_BANK
6665,TECHNOLOGY,,290,171,LEGACY_BANK
6666,TECHNOLOGY,,290,171,LEGACY_BANK
6667,TECHNOLOGY,,290,171,LEGACY_BANK
6668,TECHNOLOGY,,290,171,LEGACY_BANK
6669,TECHNOLOGY,,290,171,LEGACY_BANK
6670,TECHNOLOGY,,290,171,LEGACY_BANK
6671,TECHNOLOGY,,290,171,LEGACY_BANK
6672,TECHNOLOGY,,290,171,LEGACY_BANK
6673,TECHNOLOGY,,290,171,LEGACY_BANK
6674,TECHNOLOGY,,290,171,LEGACY_BANK
6675,TECHNOLOGY,,291,171,LEGACY_BANK
6676,TECHNOLOGY,,291,171,LEGACY_BANK
6677,TECHNOLOGY,,291,171,LEGACY_BANK
6678,TECHNOLOGY,,291,171,LEGACY_BANK
6679,TECHNOLOGY,,291,171,LEGACY_BANK
6680,TECHNOLOGY,,291,171,LEGACY_BANK
6681,TECHNOLOGY,,291,171,LEGACY_BANK
6682,TECHNOLOGY,,291,171,LEGACY_BANK
6683,TECHNOLOGY,,291,171,LEGACY_BANK
6684,TECHNOLOGY,,291,171,LEGACY_BANK
6685,TECHNOLOGY,,291,171,LEGACY_BANK
6686,TECHNOLOGY,,291,171,LEGACY_BANK
