content_id,skill_id,chapter_id,subject,family,difficulty_bucket,source_type
3083,79,79,FRENCH,REMEDIATION,Moyen,LEGACY_BANK
3084,79,79,FRENCH,TRANSFER,Difficile,LEGACY_BANK
3085,79,79,FRENCH,AUTOMATISM,Difficile,LEGACY_BANK
3086,79,79,FRENCH,OPEN_RESPONSE,Facile,LEGACY_BANK
3087,79,79,FRENCH,DIRECT_APPLICATION,Moyen,LEGACY_BANK
3088,79,79,FRENCH,MULTI_STEP,Difficile,LEGACY_BANK
3089,79,79,FRENCH,OPEN_RESPONSE,Difficile,LEGACY_BANK
3090,79,79,FRENCH,DOCUMENT_ANALYSIS,Facile,LEGACY_BANK
3091,79,79,FRENCH,JUSTIFICATION,Moyen,LEGACY_BANK
3092,79,79,FRENCH,REASONING,Difficile,LEGACY_BANK
3093,79,79,FRENCH,BREVET_STYLE,Difficile,LEGACY_BANK
3094,79,79,FRENCH,OFFICIAL_ARCHIVE,Facile,LEGACY_BANK
3095,79,79,FRENCH,OPEN_RESPONSE,Difficile,LEGACY_BANK
3096,79,79,FRENCH,AUTOMATISM,Difficile,LEGACY_BANK
3097,79,79,FRENCH,OPEN_RESPONSE,Facile,LEGACY_BANK
3098,79,79,FRENCH,PROBLEM_SOLVING,Difficile,LEGACY_BANK
3099,79,79,FRENCH,OPEN_RESPONSE,Moyen,LEGACY_BANK
3100,79,79,FRENCH,BREVET_STYLE,Difficile,LEGACY_BANK
3101,79,79,FRENCH,OFFICIAL_ARCHIVE,Facile,LEGACY_BANK
3102,79,79,FRENCH,REMEDIATION,Moyen,LEGACY_BANK
3103,79,79,FRENCH,DIRECT_APPLICATION,Moyen,LEGACY_BANK
3104,79,79,FRENCH,MULTI_STEP,Difficile,LEGACY_BANK
3105,79,79,FRENCH,DOCUMENT_ANALYSIS,Facile,LEGACY_BANK
3106,79,79,FRENCH,REASONING,Difficile,LEGACY_BANK
3107,79,79,FRENCH,TRANSFER,Difficile,LEGACY_BANK
3108,79,79,FRENCH,JUSTIFICATION,Moyen,LEGACY_BANK
3109,79,79,FRENCH,PROBLEM_SOLVING,Difficile,LEGACY_BANK
3110,79,79,FRENCH,OPEN_RESPONSE,Difficile,LEGACY_BANK
3111,79,79,FRENCH,OPEN_RESPONSE,Moyen,LEGACY_BANK
3112,79,79,FRENCH,OPEN_RESPONSE,Difficile,LEGACY_BANK
3129,80,79,FRENCH,OPEN_RESPONSE,Moyen,LEGACY_BANK
3130,80,79,FRENCH,BREVET_STYLE,Difficile,LEGACY_BANK
3131,80,79,FRENCH,OPEN_RESPONSE,Difficile,LEGACY_BANK
3132,80,79,FRENCH,OPEN_RESPONSE,Facile,LEGACY_BANK
3133,80,79,FRENCH,DOCUMENT_ANALYSIS,Difficile,LEGACY_BANK
3134,80,79,FRENCH,REASONING,Moyen,LEGACY_BANK
3135,80,79,FRENCH,TRANSFER,Moyen,LEGACY_BANK
3136,80,79,FRENCH,AUTOMATISM,Difficile,LEGACY_BANK
3137,80,79,FRENCH,DIRECT_APPLICATION,Facile,LEGACY_BANK
3138,80,79,FRENCH,REMEDIATION,Facile,LEGACY_BANK
3139,80,79,FRENCH,OPEN_RESPONSE,Facile,LEGACY_BANK
3140,80,79,FRENCH,OFFICIAL_ARCHIVE,Difficile,LEGACY_BANK
3141,80,79,FRENCH,OPEN_RESPONSE,Difficile,LEGACY_BANK
3142,80,79,FRENCH,OPEN_RESPONSE,Moyen,LEGACY_BANK
3113,80,79,FRENCH,TRANSFER,Moyen,LEGACY_BANK
3114,80,79,FRENCH,AUTOMATISM,Difficile,LEGACY_BANK
3115,80,79,FRENCH,OPEN_RESPONSE,Difficile,LEGACY_BANK
3116,80,79,FRENCH,DIRECT_APPLICATION,Facile,LEGACY_BANK
3117,80,79,FRENCH,MULTI_STEP,Moyen,LEGACY_BANK
3118,80,79,FRENCH,PROBLEM_SOLVING,Difficile,LEGACY_BANK
3119,80,79,FRENCH,JUSTIFICATION,Facile,LEGACY_BANK
3120,80,79,FRENCH,REASONING,Moyen,LEGACY_BANK
3121,80,79,FRENCH,BREVET_STYLE,Difficile,LEGACY_BANK
3122,80,79,FRENCH,OFFICIAL_ARCHIVE,Difficile,LEGACY_BANK
3123,80,79,FRENCH,REMEDIATION,Facile,LEGACY_BANK
3124,80,79,FRENCH,OPEN_RESPONSE,Difficile,LEGACY_BANK
3125,80,79,FRENCH,MULTI_STEP,Moyen,LEGACY_BANK
3126,80,79,FRENCH,PROBLEM_SOLVING,Difficile,LEGACY_BANK
3127,80,79,FRENCH,DOCUMENT_ANALYSIS,Difficile,LEGACY_BANK
3128,80,79,FRENCH,JUSTIFICATION,Facile,LEGACY_BANK
3167,81,79,FRENCH,OPEN_RESPONSE,Difficile,LEGACY_BANK
3168,81,79,FRENCH,OPEN_RESPONSE,Moyen,LEGACY_BANK
3169,81,79,FRENCH,OPEN_RESPONSE,Facile,LEGACY_BANK
3170,81,79,FRENCH,DOCUMENT_ANALYSIS,Difficile,LEGACY_BANK
3171,81,79,FRENCH,JUSTIFICATION,Difficile,LEGACY_BANK
3172,81,79,FRENCH,MULTI_STEP,Facile,LEGACY_BANK
3143,81,79,FRENCH,AUTOMATISM,Moyen,LEGACY_BANK
3144,81,79,FRENCH,OPEN_RESPONSE,Difficile,LEGACY_BANK
3145,81,79,FRENCH,DIRECT_APPLICATION,Difficile,LEGACY_BANK
3146,81,79,FRENCH,MULTI_STEP,Facile,LEGACY_BANK
3147,81,79,FRENCH,PROBLEM_SOLVING,Moyen,LEGACY_BANK
3148,81,79,FRENCH,DOCUMENT_ANALYSIS,Difficile,LEGACY_BANK
3149,81,79,FRENCH,OPEN_RESPONSE,Difficile,LEGACY_BANK
3150,81,79,FRENCH,REASONING,Facile,LEGACY_BANK
3151,81,79,FRENCH,BREVET_STYLE,Moyen,LEGACY_BANK
3152,81,79,FRENCH,OFFICIAL_ARCHIVE,Difficile,LEGACY_BANK
3153,81,79,FRENCH,REMEDIATION,Difficile,LEGACY_BANK
3154,81,79,FRENCH,TRANSFER,Facile,LEGACY_BANK
3155,81,79,FRENCH,OPEN_RESPONSE,Difficile,LEGACY_BANK
3156,81,79,FRENCH,DIRECT_APPLICATION,Difficile,LEGACY_BANK
3157,81,79,FRENCH,PROBLEM_SOLVING,Moyen,LEGACY_BANK
3158,81,79,FRENCH,JUSTIFICATION,Difficile,LEGACY_BANK
3159,81,79,FRENCH,REASONING,Facile,LEGACY_BANK
3160,81,79,FRENCH,OPEN_RESPONSE,Moyen,LEGACY_BANK
3161,81,79,FRENCH,REMEDIATION,Difficile,LEGACY_BANK
3162,81,79,FRENCH,TRANSFER,Facile,LEGACY_BANK
3163,81,79,FRENCH,AUTOMATISM,Moyen,LEGACY_BANK
3164,81,79,FRENCH,OPEN_RESPONSE,Facile,LEGACY_BANK
3165,81,79,FRENCH,BREVET_STYLE,Moyen,LEGACY_BANK
3166,81,79,FRENCH,OFFICIAL_ARCHIVE,Difficile,LEGACY_BANK
3175,82,80,FRENCH,MULTI_STEP,Difficile,LEGACY_BANK
3176,82,80,FRENCH,PROBLEM_SOLVING,Facile,LEGACY_BANK
3177,82,80,FRENCH,DOCUMENT_ANALYSIS,Moyen,LEGACY_BANK
3178,82,80,FRENCH,JUSTIFICATION,Difficile,LEGACY_BANK
3179,82,80,FRENCH,OPEN_RESPONSE,Difficile,LEGACY_BANK
3180,82,80,FRENCH,BREVET_STYLE,Facile,LEGACY_BANK
3181,82,80,FRENCH,OFFICIAL_ARCHIVE,Moyen,LEGACY_BANK
3182,82,80,FRENCH,REMEDIATION,Difficile,LEGACY_BANK
3183,82,80,FRENCH,TRANSFER,Difficile,LEGACY_BANK
3184,82,80,FRENCH,AUTOMATISM,Facile,LEGACY_BANK
3185,82,80,FRENCH,OPEN_RESPONSE,Moyen,LEGACY_BANK
3186,82,80,FRENCH,OPEN_RESPONSE,Difficile,LEGACY_BANK
3187,82,80,FRENCH,MULTI_STEP,Difficile,LEGACY_BANK
3188,82,80,FRENCH,JUSTIFICATION,Difficile,LEGACY_BANK
3189,82,80,FRENCH,REASONING,Difficile,LEGACY_BANK
3190,82,80,FRENCH,BREVET_STYLE,Facile,LEGACY_BANK
3191,82,80,FRENCH,REMEDIATION,Difficile,LEGACY_BANK
3192,82,80,FRENCH,DIRECT_APPLICATION,Difficile,LEGACY_BANK
3193,82,80,FRENCH,OPEN_RESPONSE,Facile,LEGACY_BANK
3194,82,80,FRENCH,REASONING,Difficile,LEGACY_BANK
3195,82,80,FRENCH,OPEN_RESPONSE,Difficile,LEGACY_BANK
3196,82,80,FRENCH,AUTOMATISM,Facile,LEGACY_BANK
3197,82,80,FRENCH,DOCUMENT_ANALYSIS,Moyen,LEGACY_BANK
3198,82,80,FRENCH,OFFICIAL_ARCHIVE,Moyen,LEGACY_BANK
3199,82,80,FRENCH,PROBLEM_SOLVING,Facile,LEGACY_BANK
3200,82,80,FRENCH,TRANSFER,Difficile,LEGACY_BANK
3201,82,80,FRENCH,OPEN_RESPONSE,Facile,LEGACY_BANK
3202,82,80,FRENCH,OPEN_RESPONSE,Difficile,LEGACY_BANK
3173,82,80,FRENCH,OPEN_RESPONSE,Moyen,LEGACY_BANK
3174,82,80,FRENCH,DIRECT_APPLICATION,Difficile,LEGACY_BANK
3223,83,80,FRENCH,MULTI_STEP,Difficile,LEGACY_BANK
3224,83,80,FRENCH,OPEN_RESPONSE,Facile,LEGACY_BANK
3225,83,80,FRENCH,DOCUMENT_ANALYSIS,Facile,LEGACY_BANK
3226,83,80,FRENCH,BREVET_STYLE,Difficile,LEGACY_BANK
3227,83,80,FRENCH,REMEDIATION,Moyen,LEGACY_BANK
3228,83,80,FRENCH,TRANSFER,Difficile,LEGACY_BANK
3229,83,80,FRENCH,OPEN_RESPONSE,Moyen,LEGACY_BANK
3230,83,80,FRENCH,AUTOMATISM,Difficile,LEGACY_BANK
3231,83,80,FRENCH,OPEN_RESPONSE,Difficile,LEGACY_BANK
3232,83,80,FRENCH,OPEN_RESPONSE,Difficile,LEGACY_BANK
3203,83,80,FRENCH,DIRECT_APPLICATION,Moyen,LEGACY_BANK
3204,83,80,FRENCH,MULTI_STEP,Difficile,LEGACY_BANK
3205,83,80,FRENCH,PROBLEM_SOLVING,Difficile,LEGACY_BANK
3206,83,80,FRENCH,DOCUMENT_ANALYSIS,Facile,LEGACY_BANK
3207,83,80,FRENCH,JUSTIFICATION,Moyen,LEGACY_BANK
3208,83,80,FRENCH,REASONING,Difficile,LEGACY_BANK
3209,83,80,FRENCH,OPEN_RESPONSE,Difficile,LEGACY_BANK
3210,83,80,FRENCH,OFFICIAL_ARCHIVE,Facile,LEGACY_BANK
3211,83,80,FRENCH,REMEDIATION,Moyen,LEGACY_BANK
3212,83,80,FRENCH,TRANSFER,Difficile,LEGACY_BANK
3213,83,80,FRENCH,AUTOMATISM,Difficile,LEGACY_BANK
3214,83,80,FRENCH,OPEN_RESPONSE,Facile,LEGACY_BANK
3215,83,80,FRENCH,DIRECT_APPLICATION,Moyen,LEGACY_BANK
3216,83,80,FRENCH,OPEN_RESPONSE,Difficile,LEGACY_BANK
3217,83,80,FRENCH,PROBLEM_SOLVING,Difficile,LEGACY_BANK
3218,83,80,FRENCH,JUSTIFICATION,Moyen,LEGACY_BANK
3219,83,80,FRENCH,REASONING,Difficile,LEGACY_BANK
3220,83,80,FRENCH,BREVET_STYLE,Difficile,LEGACY_BANK
3221,83,80,FRENCH,OFFICIAL_ARCHIVE,Facile,LEGACY_BANK
3222,83,80,FRENCH,OPEN_RESPONSE,Moyen,LEGACY_BANK
3257,85,81,FRENCH,DOCUMENT_ANALYSIS,Difficile,LEGACY_BANK
3258,85,81,FRENCH,OPEN_RESPONSE,Facile,LEGACY_BANK
3259,85,81,FRENCH,AUTOMATISM,Moyen,LEGACY_BANK
3260,85,81,FRENCH,DIRECT_APPLICATION,Difficile,LEGACY_BANK
3261,85,81,FRENCH,OPEN_RESPONSE,Moyen,LEGACY_BANK
3262,85,81,FRENCH,OPEN_RESPONSE,Difficile,LEGACY_BANK
3233,85,81,FRENCH,PROBLEM_SOLVING,Moyen,LEGACY_BANK
3234,85,81,FRENCH,DOCUMENT_ANALYSIS,Difficile,LEGACY_BANK
3235,85,81,FRENCH,JUSTIFICATION,Difficile,LEGACY_BANK
3236,85,81,FRENCH,REASONING,Facile,LEGACY_BANK
3237,85,81,FRENCH,BREVET_STYLE,Moyen,LEGACY_BANK
3238,85,81,FRENCH,OFFICIAL_ARCHIVE,Difficile,LEGACY_BANK
3239,85,81,FRENCH,OPEN_RESPONSE,Difficile,LEGACY_BANK
3240,85,81,FRENCH,TRANSFER,Facile,LEGACY_BANK
3241,85,81,FRENCH,AUTOMATISM,Moyen,LEGACY_BANK
3242,85,81,FRENCH,OPEN_RESPONSE,Difficile,LEGACY_BANK
3243,85,81,FRENCH,DIRECT_APPLICATION,Difficile,LEGACY_BANK
3244,85,81,FRENCH,MULTI_STEP,Facile,LEGACY_BANK
3245,85,81,FRENCH,PROBLEM_SOLVING,Moyen,LEGACY_BANK
3246,85,81,FRENCH,JUSTIFICATION,Difficile,LEGACY_BANK
3247,85,81,FRENCH,REASONING,Facile,LEGACY_BANK
3248,85,81,FRENCH,BREVET_STYLE,Moyen,LEGACY_BANK
3249,85,81,FRENCH,OFFICIAL_ARCHIVE,Difficile,LEGACY_BANK
3250,85,81,FRENCH,REMEDIATION,Difficile,LEGACY_BANK
3251,85,81,FRENCH,OPEN_RESPONSE,Moyen,LEGACY_BANK
3252,85,81,FRENCH,OPEN_RESPONSE,Difficile,LEGACY_BANK
3253,85,81,FRENCH,OPEN_RESPONSE,Facile,LEGACY_BANK
3254,85,81,FRENCH,REMEDIATION,Difficile,LEGACY_BANK
3255,85,81,FRENCH,TRANSFER,Facile,LEGACY_BANK
3256,85,81,FRENCH,MULTI_STEP,Facile,LEGACY_BANK
3287,86,81,FRENCH,JUSTIFICATION,Difficile,LEGACY_BANK
3288,86,81,FRENCH,OPEN_RESPONSE,Difficile,LEGACY_BANK
3289,86,81,FRENCH,MULTI_STEP,Difficile,LEGACY_BANK
3290,86,81,FRENCH,TRANSFER,Difficile,LEGACY_BANK
3291,86,81,FRENCH,OPEN_RESPONSE,Moyen,LEGACY_BANK
3292,86,81,FRENCH,OPEN_RESPONSE,Facile,LEGACY_BANK
3263,86,81,FRENCH,DOCUMENT_ANALYSIS,Moyen,LEGACY_BANK
3264,86,81,FRENCH,JUSTIFICATION,Difficile,LEGACY_BANK
3265,86,81,FRENCH,REASONING,Difficile,LEGACY_BANK
3266,86,81,FRENCH,BREVET_STYLE,Facile,LEGACY_BANK
3267,86,81,FRENCH,OFFICIAL_ARCHIVE,Moyen,LEGACY_BANK
3268,86,81,FRENCH,REMEDIATION,Difficile,LEGACY_BANK
3269,86,81,FRENCH,OPEN_RESPONSE,Difficile,LEGACY_BANK
3270,86,81,FRENCH,AUTOMATISM,Facile,LEGACY_BANK
3271,86,81,FRENCH,OPEN_RESPONSE,Moyen,LEGACY_BANK
3272,86,81,FRENCH,DIRECT_APPLICATION,Difficile,LEGACY_BANK
3273,86,81,FRENCH,MULTI_STEP,Difficile,LEGACY_BANK
3274,86,81,FRENCH,PROBLEM_SOLVING,Facile,LEGACY_BANK
3275,86,81,FRENCH,DOCUMENT_ANALYSIS,Moyen,LEGACY_BANK
3276,86,81,FRENCH,OPEN_RESPONSE,Difficile,LEGACY_BANK
3277,86,81,FRENCH,REASONING,Difficile,LEGACY_BANK
3278,86,81,FRENCH,BREVET_STYLE,Facile,LEGACY_BANK
3279,86,81,FRENCH,OFFICIAL_ARCHIVE,Moyen,LEGACY_BANK
3280,86,81,FRENCH,REMEDIATION,Difficile,LEGACY_BANK
3281,86,81,FRENCH,TRANSFER,Difficile,LEGACY_BANK
3282,86,81,FRENCH,AUTOMATISM,Facile,LEGACY_BANK
3283,86,81,FRENCH,DIRECT_APPLICATION,Difficile,LEGACY_BANK
3284,86,81,FRENCH,PROBLEM_SOLVING,Facile,LEGACY_BANK
3285,86,81,FRENCH,OPEN_RESPONSE,Facile,LEGACY_BANK
3286,86,81,FRENCH,OPEN_RESPONSE,Difficile,LEGACY_BANK
3293,87,82,FRENCH,JUSTIFICATION,Moyen,LEGACY_BANK
3294,87,82,FRENCH,REASONING,Difficile,LEGACY_BANK
3295,87,82,FRENCH,BREVET_STYLE,Difficile,LEGACY_BANK
3296,87,82,FRENCH,OFFICIAL_ARCHIVE,Facile,LEGACY_BANK
3297,87,82,FRENCH,REMEDIATION,Moyen,LEGACY_BANK
3298,87,82,FRENCH,TRANSFER,Difficile,LEGACY_BANK
3299,87,82,FRENCH,OPEN_RESPONSE,Difficile,LEGACY_BANK
3324,88,82,FRENCH,DIRECT_APPLICATION,Facile,LEGACY_BANK
3325,88,82,FRENCH,JUSTIFICATION,Facile,LEGACY_BANK
3326,88,82,FRENCH,OPEN_RESPONSE,Moyen,LEGACY_BANK
3327,88,82,FRENCH,OPEN_RESPONSE,Facile,LEGACY_BANK
3328,88,82,FRENCH,TRANSFER,Moyen,LEGACY_BANK
3329,88,82,FRENCH,REMEDIATION,Facile,LEGACY_BANK
3300,88,82,FRENCH,REASONING,Moyen,LEGACY_BANK
3301,88,82,FRENCH,BREVET_STYLE,Difficile,LEGACY_BANK
3302,88,82,FRENCH,OFFICIAL_ARCHIVE,Difficile,LEGACY_BANK
3303,88,82,FRENCH,REMEDIATION,Facile,LEGACY_BANK
3304,88,82,FRENCH,TRANSFER,Moyen,LEGACY_BANK
3305,88,82,FRENCH,AUTOMATISM,Difficile,LEGACY_BANK
3306,88,82,FRENCH,OPEN_RESPONSE,Difficile,LEGACY_BANK
3307,88,82,FRENCH,DIRECT_APPLICATION,Facile,LEGACY_BANK
3308,88,82,FRENCH,MULTI_STEP,Moyen,LEGACY_BANK
3309,88,82,FRENCH,PROBLEM_SOLVING,Difficile,LEGACY_BANK
3310,88,82,FRENCH,DOCUMENT_ANALYSIS,Difficile,LEGACY_BANK
3311,88,82,FRENCH,JUSTIFICATION,Facile,LEGACY_BANK
3312,88,82,FRENCH,OPEN_RESPONSE,Difficile,LEGACY_BANK
3313,88,82,FRENCH,AUTOMATISM,Difficile,LEGACY_BANK
3314,88,82,FRENCH,OPEN_RESPONSE,Moyen,LEGACY_BANK
3315,88,82,FRENCH,PROBLEM_SOLVING,Difficile,LEGACY_BANK
3316,88,82,FRENCH,DOCUMENT_ANALYSIS,Difficile,LEGACY_BANK
3317,88,82,FRENCH,REASONING,Moyen,LEGACY_BANK
3318,88,82,FRENCH,BREVET_STYLE,Difficile,LEGACY_BANK
3319,88,82,FRENCH,OFFICIAL_ARCHIVE,Difficile,LEGACY_BANK
3320,88,82,FRENCH,OPEN_RESPONSE,Facile,LEGACY_BANK
3321,88,82,FRENCH,OPEN_RESPONSE,Difficile,LEGACY_BANK
3322,88,82,FRENCH,MULTI_STEP,Moyen,LEGACY_BANK
3323,88,82,FRENCH,OPEN_RESPONSE,Difficile,LEGACY_BANK
3346,90,83,FRENCH,OPEN_RESPONSE,Facile,LEGACY_BANK
3347,90,83,FRENCH,DOCUMENT_ANALYSIS,Moyen,LEGACY_BANK
3348,90,83,FRENCH,JUSTIFICATION,Difficile,LEGACY_BANK
3349,90,83,FRENCH,BREVET_STYLE,Facile,LEGACY_BANK
3350,90,83,FRENCH,OFFICIAL_ARCHIVE,Moyen,LEGACY_BANK
3351,90,83,FRENCH,TRANSFER,Difficile,LEGACY_BANK
3352,90,83,FRENCH,OPEN_RESPONSE,Difficile,LEGACY_BANK
3353,90,83,FRENCH,MULTI_STEP,Difficile,LEGACY_BANK
3354,90,83,FRENCH,REMEDIATION,Difficile,LEGACY_BANK
3355,90,83,FRENCH,DIRECT_APPLICATION,Difficile,LEGACY_BANK
3356,90,83,FRENCH,REASONING,Difficile,LEGACY_BANK
3357,90,83,FRENCH,AUTOMATISM,Facile,LEGACY_BANK
3358,90,83,FRENCH,OPEN_RESPONSE,Facile,LEGACY_BANK
3359,90,83,FRENCH,OPEN_RESPONSE,Difficile,LEGACY_BANK
3330,90,83,FRENCH,OFFICIAL_ARCHIVE,Moyen,LEGACY_BANK
3331,90,83,FRENCH,REMEDIATION,Difficile,LEGACY_BANK
3332,90,83,FRENCH,TRANSFER,Difficile,LEGACY_BANK
3333,90,83,FRENCH,AUTOMATISM,Facile,LEGACY_BANK
3334,90,83,FRENCH,OPEN_RESPONSE,Moyen,LEGACY_BANK
3335,90,83,FRENCH,DIRECT_APPLICATION,Difficile,LEGACY_BANK
3336,90,83,FRENCH,OPEN_RESPONSE,Difficile,LEGACY_BANK
3337,90,83,FRENCH,PROBLEM_SOLVING,Facile,LEGACY_BANK
3338,90,83,FRENCH,DOCUMENT_ANALYSIS,Moyen,LEGACY_BANK
3339,90,83,FRENCH,JUSTIFICATION,Difficile,LEGACY_BANK
3340,90,83,FRENCH,REASONING,Difficile,LEGACY_BANK
3341,90,83,FRENCH,BREVET_STYLE,Facile,LEGACY_BANK
3342,90,83,FRENCH,OPEN_RESPONSE,Difficile,LEGACY_BANK
3343,90,83,FRENCH,MULTI_STEP,Difficile,LEGACY_BANK
3344,90,83,FRENCH,PROBLEM_SOLVING,Facile,LEGACY_BANK
3345,90,83,FRENCH,OPEN_RESPONSE,Moyen,LEGACY_BANK
3376,91,83,FRENCH,DIRECT_APPLICATION,Moyen,LEGACY_BANK
3377,91,83,FRENCH,PROBLEM_SOLVING,Difficile,LEGACY_BANK
3378,91,83,FRENCH,DOCUMENT_ANALYSIS,Facile,LEGACY_BANK
3379,91,83,FRENCH,OPEN_RESPONSE,Moyen,LEGACY_BANK
3380,91,83,FRENCH,REASONING,Difficile,LEGACY_BANK
3381,91,83,FRENCH,BREVET_STYLE,Difficile,LEGACY_BANK
3382,91,83,FRENCH,PROBLEM_SOLVING,Difficile,LEGACY_BANK
3383,91,83,FRENCH,JUSTIFICATION,Moyen,LEGACY_BANK
3384,91,83,FRENCH,OFFICIAL_ARCHIVE,Facile,LEGACY_BANK
3385,91,83,FRENCH,TRANSFER,Difficile,LEGACY_BANK
3386,91,83,FRENCH,MULTI_STEP,Difficile,LEGACY_BANK
3387,91,83,FRENCH,OPEN_RESPONSE,Difficile,LEGACY_BANK
3388,91,83,FRENCH,OPEN_RESPONSE,Moyen,LEGACY_BANK
3389,91,83,FRENCH,OPEN_RESPONSE,Difficile,LEGACY_BANK
3360,91,83,FRENCH,REMEDIATION,Moyen,LEGACY_BANK
3361,91,83,FRENCH,TRANSFER,Difficile,LEGACY_BANK
3362,91,83,FRENCH,AUTOMATISM,Difficile,LEGACY_BANK
3363,91,83,FRENCH,OPEN_RESPONSE,Facile,LEGACY_BANK
3364,91,83,FRENCH,DIRECT_APPLICATION,Moyen,LEGACY_BANK
3365,91,83,FRENCH,MULTI_STEP,Difficile,LEGACY_BANK
3366,91,83,FRENCH,OPEN_RESPONSE,Difficile,LEGACY_BANK
3367,91,83,FRENCH,DOCUMENT_ANALYSIS,Facile,LEGACY_BANK
3368,91,83,FRENCH,JUSTIFICATION,Moyen,LEGACY_BANK
3369,91,83,FRENCH,REASONING,Difficile,LEGACY_BANK
3370,91,83,FRENCH,BREVET_STYLE,Difficile,LEGACY_BANK
3371,91,83,FRENCH,OFFICIAL_ARCHIVE,Facile,LEGACY_BANK
3372,91,83,FRENCH,REMEDIATION,Moyen,LEGACY_BANK
3373,91,83,FRENCH,OPEN_RESPONSE,Difficile,LEGACY_BANK
3374,91,83,FRENCH,AUTOMATISM,Difficile,LEGACY_BANK
3375,91,83,FRENCH,OPEN_RESPONSE,Facile,LEGACY_BANK
3390,92,84,FRENCH,TRANSFER,Moyen,LEGACY_BANK
3391,92,84,FRENCH,AUTOMATISM,Difficile,LEGACY_BANK
3392,92,84,FRENCH,OPEN_RESPONSE,Difficile,LEGACY_BANK
3393,92,84,FRENCH,DIRECT_APPLICATION,Facile,LEGACY_BANK
3394,92,84,FRENCH,MULTI_STEP,Moyen,LEGACY_BANK
3395,92,84,FRENCH,PROBLEM_SOLVING,Difficile,LEGACY_BANK
3396,92,84,FRENCH,JUSTIFICATION,Facile,LEGACY_BANK
3397,92,84,FRENCH,REASONING,Moyen,LEGACY_BANK
3398,92,84,FRENCH,BREVET_STYLE,Difficile,LEGACY_BANK
3399,92,84,FRENCH,OFFICIAL_ARCHIVE,Difficile,LEGACY_BANK
3410,93,84,FRENCH,REMEDIATION,Difficile,LEGACY_BANK
3411,93,84,FRENCH,TRANSFER,Facile,LEGACY_BANK
3412,93,84,FRENCH,MULTI_STEP,Facile,LEGACY_BANK
3413,93,84,FRENCH,PROBLEM_SOLVING,Moyen,LEGACY_BANK
3414,93,84,FRENCH,DOCUMENT_ANALYSIS,Difficile,LEGACY_BANK
3415,93,84,FRENCH,JUSTIFICATION,Difficile,LEGACY_BANK
3416,93,84,FRENCH,OPEN_RESPONSE,Moyen,LEGACY_BANK
3417,93,84,FRENCH,AUTOMATISM,Moyen,LEGACY_BANK
3418,93,84,FRENCH,OPEN_RESPONSE,Difficile,LEGACY_BANK
3419,93,84,FRENCH,OPEN_RESPONSE,Facile,LEGACY_BANK
3420,93,84,FRENCH,JUSTIFICATION,Difficile,LEGACY_BANK
3421,93,84,FRENCH,OPEN_RESPONSE,Difficile,LEGACY_BANK
3422,93,84,FRENCH,TRANSFER,Facile,LEGACY_BANK
3423,93,84,FRENCH,BREVET_STYLE,Moyen,LEGACY_BANK
3424,93,84,FRENCH,OPEN_RESPONSE,Moyen,LEGACY_BANK
3425,93,84,FRENCH,REMEDIATION,Difficile,LEGACY_BANK
3426,93,84,FRENCH,DIRECT_APPLICATION,Difficile,LEGACY_BANK
3427,93,84,FRENCH,REASONING,Facile,LEGACY_BANK
3428,93,84,FRENCH,OFFICIAL_ARCHIVE,Difficile,LEGACY_BANK
3429,93,84,FRENCH,OPEN_RESPONSE,Facile,LEGACY_BANK
3400,93,84,FRENCH,AUTOMATISM,Moyen,LEGACY_BANK
3401,93,84,FRENCH,OPEN_RESPONSE,Difficile,LEGACY_BANK
3402,93,84,FRENCH,DIRECT_APPLICATION,Difficile,LEGACY_BANK
3403,93,84,FRENCH,MULTI_STEP,Facile,LEGACY_BANK
3404,93,84,FRENCH,PROBLEM_SOLVING,Moyen,LEGACY_BANK
3405,93,84,FRENCH,DOCUMENT_ANALYSIS,Difficile,LEGACY_BANK
3406,93,84,FRENCH,OPEN_RESPONSE,Difficile,LEGACY_BANK
3407,93,84,FRENCH,REASONING,Facile,LEGACY_BANK
3408,93,84,FRENCH,BREVET_STYLE,Moyen,LEGACY_BANK
3409,93,84,FRENCH,OFFICIAL_ARCHIVE,Difficile,LEGACY_BANK
3454,94,85,FRENCH,OPEN_RESPONSE,Moyen,AI_GENERATED
3455,94,85,FRENCH,DIRECT_APPLICATION,Difficile,AI_GENERATED
3456,94,85,FRENCH,MULTI_STEP,Difficile,AI_GENERATED
3457,94,85,FRENCH,OPEN_RESPONSE,Facile,AI_GENERATED
3458,94,85,FRENCH,DOCUMENT_ANALYSIS,Moyen,AI_GENERATED
3459,94,85,FRENCH,JUSTIFICATION,Difficile,AI_GENERATED
3460,94,85,FRENCH,REASONING,Difficile,AI_GENERATED
3461,94,85,FRENCH,BREVET_STYLE,Facile,AI_GENERATED
3462,94,85,FRENCH,OFFICIAL_ARCHIVE,Moyen,AI_GENERATED
3463,94,85,FRENCH,REMEDIATION,Difficile,AI_GENERATED
3464,94,85,FRENCH,OPEN_RESPONSE,Difficile,AI_GENERATED
3465,94,85,FRENCH,AUTOMATISM,Facile,AI_GENERATED
3466,94,85,FRENCH,OPEN_RESPONSE,Moyen,AI_GENERATED
3467,94,85,FRENCH,DIRECT_APPLICATION,Difficile,AI_GENERATED
3468,94,85,FRENCH,MULTI_STEP,Difficile,AI_GENERATED
3469,94,85,FRENCH,PROBLEM_SOLVING,Facile,AI_GENERATED
3430,94,85,FRENCH,OPEN_RESPONSE,Moyen,AI_GENERATED
3431,94,85,FRENCH,DIRECT_APPLICATION,Difficile,AI_GENERATED
3432,94,85,FRENCH,MULTI_STEP,Difficile,AI_GENERATED
3433,94,85,FRENCH,PROBLEM_SOLVING,Facile,AI_GENERATED
3434,94,85,FRENCH,DOCUMENT_ANALYSIS,Moyen,AI_GENERATED
3435,94,85,FRENCH,JUSTIFICATION,Difficile,AI_GENERATED
3436,94,85,FRENCH,OPEN_RESPONSE,Difficile,AI_GENERATED
3437,94,85,FRENCH,BREVET_STYLE,Facile,AI_GENERATED
3438,94,85,FRENCH,OFFICIAL_ARCHIVE,Moyen,AI_GENERATED
3439,94,85,FRENCH,REMEDIATION,Difficile,AI_GENERATED
3440,94,85,FRENCH,TRANSFER,Difficile,AI_GENERATED
3441,94,85,FRENCH,AUTOMATISM,Facile,AI_GENERATED
3442,94,85,FRENCH,OPEN_RESPONSE,Moyen,AI_GENERATED
3443,94,85,FRENCH,OPEN_RESPONSE,Difficile,AI_GENERATED
3444,94,85,FRENCH,MULTI_STEP,Difficile,AI_GENERATED
3445,94,85,FRENCH,PROBLEM_SOLVING,Facile,AI_GENERATED
3446,94,85,FRENCH,DOCUMENT_ANALYSIS,Moyen,AI_GENERATED
3447,94,85,FRENCH,JUSTIFICATION,Difficile,AI_GENERATED
3448,94,85,FRENCH,REASONING,Difficile,AI_GENERATED
3449,94,85,FRENCH,BREVET_STYLE,Facile,AI_GENERATED
3450,94,85,FRENCH,OPEN_RESPONSE,Moyen,AI_GENERATED
3451,94,85,FRENCH,REMEDIATION,Difficile,AI_GENERATED
3452,94,85,FRENCH,TRANSFER,Difficile,AI_GENERATED
3453,94,85,FRENCH,AUTOMATISM,Facile,AI_GENERATED
3486,95,85,FRENCH,JUSTIFICATION,Moyen,AI_GENERATED
3487,95,85,FRENCH,REASONING,Difficile,AI_GENERATED
3488,95,85,FRENCH,BREVET_STYLE,Difficile,AI_GENERATED
3489,95,85,FRENCH,OFFICIAL_ARCHIVE,Facile,AI_GENERATED
3490,95,85,FRENCH,OPEN_RESPONSE,Moyen,AI_GENERATED
3491,95,85,FRENCH,TRANSFER,Difficile,AI_GENERATED
3492,95,85,FRENCH,AUTOMATISM,Difficile,AI_GENERATED
3493,95,85,FRENCH,OPEN_RESPONSE,Facile,AI_GENERATED
3494,95,85,FRENCH,DIRECT_APPLICATION,Moyen,AI_GENERATED
3495,95,85,FRENCH,MULTI_STEP,Difficile,AI_GENERATED
3496,95,85,FRENCH,PROBLEM_SOLVING,Difficile,AI_GENERATED
3497,95,85,FRENCH,OPEN_RESPONSE,Facile,AI_GENERATED
3498,95,85,FRENCH,JUSTIFICATION,Moyen,AI_GENERATED
3499,95,85,FRENCH,REASONING,Difficile,AI_GENERATED
3500,95,85,FRENCH,BREVET_STYLE,Difficile,AI_GENERATED
3501,95,85,FRENCH,OFFICIAL_ARCHIVE,Facile,AI_GENERATED
3502,95,85,FRENCH,REMEDIATION,Moyen,AI_GENERATED
3503,95,85,FRENCH,TRANSFER,Difficile,AI_GENERATED
3504,95,85,FRENCH,OPEN_RESPONSE,Difficile,AI_GENERATED
3505,95,85,FRENCH,OPEN_RESPONSE,Facile,AI_GENERATED
3506,95,85,FRENCH,DIRECT_APPLICATION,Moyen,AI_GENERATED
3507,95,85,FRENCH,MULTI_STEP,Difficile,AI_GENERATED
3508,95,85,FRENCH,PROBLEM_SOLVING,Difficile,AI_GENERATED
3509,95,85,FRENCH,DOCUMENT_ANALYSIS,Facile,AI_GENERATED
3470,95,85,FRENCH,DIRECT_APPLICATION,Moyen,AI_GENERATED
3471,95,85,FRENCH,MULTI_STEP,Difficile,AI_GENERATED
3472,95,85,FRENCH,PROBLEM_SOLVING,Difficile,AI_GENERATED
3473,95,85,FRENCH,DOCUMENT_ANALYSIS,Facile,AI_GENERATED
3474,95,85,FRENCH,JUSTIFICATION,Moyen,AI_GENERATED
3475,95,85,FRENCH,REASONING,Difficile,AI_GENERATED
3476,95,85,FRENCH,OPEN_RESPONSE,Difficile,AI_GENERATED
3477,95,85,FRENCH,OFFICIAL_ARCHIVE,Facile,AI_GENERATED
3478,95,85,FRENCH,REMEDIATION,Moyen,AI_GENERATED
3479,95,85,FRENCH,TRANSFER,Difficile,AI_GENERATED
3480,95,85,FRENCH,AUTOMATISM,Difficile,AI_GENERATED
3481,95,85,FRENCH,OPEN_RESPONSE,Facile,AI_GENERATED
3482,95,85,FRENCH,DIRECT_APPLICATION,Moyen,AI_GENERATED
3483,95,85,FRENCH,OPEN_RESPONSE,Difficile,AI_GENERATED
3484,95,85,FRENCH,PROBLEM_SOLVING,Difficile,AI_GENERATED
3485,95,85,FRENCH,DOCUMENT_ANALYSIS,Facile,AI_GENERATED
3526,96,86,FRENCH,REASONING,Moyen,AI_GENERATED
3527,96,86,FRENCH,BREVET_STYLE,Difficile,AI_GENERATED
3528,96,86,FRENCH,OFFICIAL_ARCHIVE,Difficile,AI_GENERATED
3529,96,86,FRENCH,REMEDIATION,Facile,AI_GENERATED
3530,96,86,FRENCH,OPEN_RESPONSE,Moyen,AI_GENERATED
3531,96,86,FRENCH,AUTOMATISM,Difficile,AI_GENERATED
3532,96,86,FRENCH,OPEN_RESPONSE,Difficile,AI_GENERATED
3533,96,86,FRENCH,DIRECT_APPLICATION,Facile,AI_GENERATED
3534,96,86,FRENCH,MULTI_STEP,Moyen,AI_GENERATED
3535,96,86,FRENCH,PROBLEM_SOLVING,Difficile,AI_GENERATED
3536,96,86,FRENCH,DOCUMENT_ANALYSIS,Difficile,AI_GENERATED
3537,96,86,FRENCH,OPEN_RESPONSE,Facile,AI_GENERATED
3538,96,86,FRENCH,REASONING,Moyen,AI_GENERATED
3539,96,86,FRENCH,BREVET_STYLE,Difficile,AI_GENERATED
3540,96,86,FRENCH,OFFICIAL_ARCHIVE,Difficile,AI_GENERATED
3541,96,86,FRENCH,REMEDIATION,Facile,AI_GENERATED
3542,96,86,FRENCH,TRANSFER,Moyen,AI_GENERATED
3543,96,86,FRENCH,AUTOMATISM,Difficile,AI_GENERATED
3544,96,86,FRENCH,OPEN_RESPONSE,Difficile,AI_GENERATED
3545,96,86,FRENCH,DIRECT_APPLICATION,Facile,AI_GENERATED
3546,96,86,FRENCH,MULTI_STEP,Moyen,AI_GENERATED
3547,96,86,FRENCH,PROBLEM_SOLVING,Difficile,AI_GENERATED
3548,96,86,FRENCH,DOCUMENT_ANALYSIS,Difficile,AI_GENERATED
3549,96,86,FRENCH,JUSTIFICATION,Facile,AI_GENERATED
3510,96,86,FRENCH,MULTI_STEP,Moyen,AI_GENERATED
3511,96,86,FRENCH,PROBLEM_SOLVING,Difficile,AI_GENERATED
3512,96,86,FRENCH,DOCUMENT_ANALYSIS,Difficile,AI_GENERATED
3513,96,86,FRENCH,JUSTIFICATION,Facile,AI_GENERATED
3514,96,86,FRENCH,REASONING,Moyen,AI_GENERATED
3515,96,86,FRENCH,BREVET_STYLE,Difficile,AI_GENERATED
3516,96,86,FRENCH,OPEN_RESPONSE,Difficile,AI_GENERATED
3517,96,86,FRENCH,REMEDIATION,Facile,AI_GENERATED
3518,96,86,FRENCH,TRANSFER,Moyen,AI_GENERATED
3519,96,86,FRENCH,AUTOMATISM,Difficile,AI_GENERATED
3520,96,86,FRENCH,OPEN_RESPONSE,Difficile,AI_GENERATED
3521,96,86,FRENCH,DIRECT_APPLICATION,Facile,AI_GENERATED
3522,96,86,FRENCH,MULTI_STEP,Moyen,AI_GENERATED
3523,96,86,FRENCH,OPEN_RESPONSE,Difficile,AI_GENERATED
3524,96,86,FRENCH,DOCUMENT_ANALYSIS,Difficile,AI_GENERATED
3525,96,86,FRENCH,JUSTIFICATION,Facile,AI_GENERATED
3566,97,86,FRENCH,BREVET_STYLE,Moyen,AI_GENERATED
3567,97,86,FRENCH,OFFICIAL_ARCHIVE,Difficile,AI_GENERATED
3568,97,86,FRENCH,REMEDIATION,Difficile,AI_GENERATED
3569,97,86,FRENCH,TRANSFER,Facile,AI_GENERATED
3570,97,86,FRENCH,OPEN_RESPONSE,Moyen,AI_GENERATED
3571,97,86,FRENCH,OPEN_RESPONSE,Difficile,AI_GENERATED
3572,97,86,FRENCH,DIRECT_APPLICATION,Difficile,AI_GENERATED
3573,97,86,FRENCH,MULTI_STEP,Facile,AI_GENERATED
3574,97,86,FRENCH,PROBLEM_SOLVING,Moyen,AI_GENERATED
3575,97,86,FRENCH,DOCUMENT_ANALYSIS,Difficile,AI_GENERATED
3576,97,86,FRENCH,JUSTIFICATION,Difficile,AI_GENERATED
3577,97,86,FRENCH,OPEN_RESPONSE,Facile,AI_GENERATED
3578,97,86,FRENCH,BREVET_STYLE,Moyen,AI_GENERATED
3579,97,86,FRENCH,OFFICIAL_ARCHIVE,Difficile,AI_GENERATED
3580,97,86,FRENCH,REMEDIATION,Difficile,AI_GENERATED
3581,97,86,FRENCH,TRANSFER,Facile,AI_GENERATED
3582,97,86,FRENCH,AUTOMATISM,Moyen,AI_GENERATED
3583,97,86,FRENCH,OPEN_RESPONSE,Difficile,AI_GENERATED
3584,97,86,FRENCH,OPEN_RESPONSE,Difficile,AI_GENERATED
3585,97,86,FRENCH,MULTI_STEP,Facile,AI_GENERATED
3586,97,86,FRENCH,PROBLEM_SOLVING,Moyen,AI_GENERATED
3587,97,86,FRENCH,DOCUMENT_ANALYSIS,Difficile,AI_GENERATED
3588,97,86,FRENCH,JUSTIFICATION,Difficile,AI_GENERATED
3589,97,86,FRENCH,REASONING,Facile,AI_GENERATED
3550,97,86,FRENCH,PROBLEM_SOLVING,Moyen,AI_GENERATED
3551,97,86,FRENCH,DOCUMENT_ANALYSIS,Difficile,AI_GENERATED
3552,97,86,FRENCH,JUSTIFICATION,Difficile,AI_GENERATED
3553,97,86,FRENCH,REASONING,Facile,AI_GENERATED
3554,97,86,FRENCH,BREVET_STYLE,Moyen,AI_GENERATED
3555,97,86,FRENCH,OFFICIAL_ARCHIVE,Difficile,AI_GENERATED
3556,97,86,FRENCH,OPEN_RESPONSE,Difficile,AI_GENERATED
3557,97,86,FRENCH,TRANSFER,Facile,AI_GENERATED
3558,97,86,FRENCH,AUTOMATISM,Moyen,AI_GENERATED
3559,97,86,FRENCH,OPEN_RESPONSE,Difficile,AI_GENERATED
3560,97,86,FRENCH,DIRECT_APPLICATION,Difficile,AI_GENERATED
3561,97,86,FRENCH,MULTI_STEP,Facile,AI_GENERATED
3562,97,86,FRENCH,PROBLEM_SOLVING,Moyen,AI_GENERATED
3563,97,86,FRENCH,OPEN_RESPONSE,Difficile,AI_GENERATED
3564,97,86,FRENCH,JUSTIFICATION,Difficile,AI_GENERATED
3565,97,86,FRENCH,REASONING,Facile,AI_GENERATED
3614,98,87,FRENCH,PROBLEM_SOLVING,Facile,LEGACY_BANK
3615,98,87,FRENCH,JUSTIFICATION,Difficile,LEGACY_BANK
3616,98,87,FRENCH,OPEN_RESPONSE,Difficile,LEGACY_BANK
3617,98,87,FRENCH,REMEDIATION,Difficile,LEGACY_BANK
3618,98,87,FRENCH,OPEN_RESPONSE,Facile,LEGACY_BANK
3619,98,87,FRENCH,TRANSFER,Difficile,LEGACY_BANK
3590,98,87,FRENCH,DOCUMENT_ANALYSIS,Moyen,LEGACY_BANK
3591,98,87,FRENCH,JUSTIFICATION,Difficile,LEGACY_BANK
3592,98,87,FRENCH,REASONING,Difficile,LEGACY_BANK
3593,98,87,FRENCH,BREVET_STYLE,Facile,LEGACY_BANK
3594,98,87,FRENCH,OFFICIAL_ARCHIVE,Moyen,LEGACY_BANK
3595,98,87,FRENCH,REMEDIATION,Difficile,LEGACY_BANK
3596,98,87,FRENCH,OPEN_RESPONSE,Difficile,LEGACY_BANK
3597,98,87,FRENCH,AUTOMATISM,Facile,LEGACY_BANK
3598,98,87,FRENCH,OPEN_RESPONSE,Moyen,LEGACY_BANK
3599,98,87,FRENCH,DIRECT_APPLICATION,Difficile,LEGACY_BANK
3600,98,87,FRENCH,MULTI_STEP,Difficile,LEGACY_BANK
3601,98,87,FRENCH,PROBLEM_SOLVING,Facile,LEGACY_BANK
3602,98,87,FRENCH,OPEN_RESPONSE,Difficile,LEGACY_BANK
3603,98,87,FRENCH,BREVET_STYLE,Facile,LEGACY_BANK
3604,98,87,FRENCH,OFFICIAL_ARCHIVE,Moyen,LEGACY_BANK
3605,98,87,FRENCH,TRANSFER,Difficile,LEGACY_BANK
3606,98,87,FRENCH,AUTOMATISM,Facile,LEGACY_BANK
3607,98,87,FRENCH,OPEN_RESPONSE,Moyen,LEGACY_BANK
3608,98,87,FRENCH,MULTI_STEP,Difficile,LEGACY_BANK
3609,98,87,FRENCH,DOCUMENT_ANALYSIS,Moyen,LEGACY_BANK
3610,98,87,FRENCH,REASONING,Difficile,LEGACY_BANK
3611,98,87,FRENCH,OPEN_RESPONSE,Facile,LEGACY_BANK
3612,98,87,FRENCH,DIRECT_APPLICATION,Difficile,LEGACY_BANK
3613,98,87,FRENCH,OPEN_RESPONSE,Difficile,LEGACY_BANK
3644,99,87,FRENCH,AUTOMATISM,Difficile,LEGACY_BANK
3645,99,87,FRENCH,MULTI_STEP,Difficile,LEGACY_BANK
3646,99,87,FRENCH,REASONING,Difficile,LEGACY_BANK
3647,99,87,FRENCH,OPEN_RESPONSE,Moyen,LEGACY_BANK
3648,99,87,FRENCH,OPEN_RESPONSE,Difficile,LEGACY_BANK
3649,99,87,FRENCH,OPEN_RESPONSE,Difficile,LEGACY_BANK
3620,99,87,FRENCH,JUSTIFICATION,Moyen,LEGACY_BANK
3621,99,87,FRENCH,REASONING,Difficile,LEGACY_BANK
3622,99,87,FRENCH,BREVET_STYLE,Difficile,LEGACY_BANK
3623,99,87,FRENCH,OFFICIAL_ARCHIVE,Facile,LEGACY_BANK
3624,99,87,FRENCH,REMEDIATION,Moyen,LEGACY_BANK
3625,99,87,FRENCH,TRANSFER,Difficile,LEGACY_BANK
3626,99,87,FRENCH,OPEN_RESPONSE,Difficile,LEGACY_BANK
3627,99,87,FRENCH,OPEN_RESPONSE,Facile,LEGACY_BANK
3628,99,87,FRENCH,DIRECT_APPLICATION,Moyen,LEGACY_BANK
3629,99,87,FRENCH,MULTI_STEP,Difficile,LEGACY_BANK
3630,99,87,FRENCH,PROBLEM_SOLVING,Difficile,LEGACY_BANK
3631,99,87,FRENCH,DOCUMENT_ANALYSIS,Facile,LEGACY_BANK
3632,99,87,FRENCH,JUSTIFICATION,Moyen,LEGACY_BANK
3633,99,87,FRENCH,OPEN_RESPONSE,Difficile,LEGACY_BANK
3634,99,87,FRENCH,OFFICIAL_ARCHIVE,Facile,LEGACY_BANK
3635,99,87,FRENCH,TRANSFER,Difficile,LEGACY_BANK
3636,99,87,FRENCH,AUTOMATISM,Difficile,LEGACY_BANK
3637,99,87,FRENCH,OPEN_RESPONSE,Moyen,LEGACY_BANK
3638,99,87,FRENCH,PROBLEM_SOLVING,Difficile,LEGACY_BANK
3639,99,87,FRENCH,DOCUMENT_ANALYSIS,Facile,LEGACY_BANK
3640,99,87,FRENCH,BREVET_STYLE,Difficile,LEGACY_BANK
3641,99,87,FRENCH,OPEN_RESPONSE,Facile,LEGACY_BANK
3642,99,87,FRENCH,REMEDIATION,Moyen,LEGACY_BANK
3643,99,87,FRENCH,DIRECT_APPLICATION,Moyen,LEGACY_BANK
3674,100,87,FRENCH,TRANSFER,Moyen,LEGACY_BANK
3675,100,87,FRENCH,OPEN_RESPONSE,Difficile,LEGACY_BANK
3676,100,87,FRENCH,OPEN_RESPONSE,Moyen,LEGACY_BANK
3677,100,87,FRENCH,REMEDIATION,Facile,LEGACY_BANK
3678,100,87,FRENCH,AUTOMATISM,Difficile,LEGACY_BANK
3679,100,87,FRENCH,OPEN_RESPONSE,Facile,LEGACY_BANK
3650,100,87,FRENCH,REASONING,Moyen,LEGACY_BANK
3651,100,87,FRENCH,BREVET_STYLE,Difficile,LEGACY_BANK
3652,100,87,FRENCH,OFFICIAL_ARCHIVE,Difficile,LEGACY_BANK
3653,100,87,FRENCH,REMEDIATION,Facile,LEGACY_BANK
3654,100,87,FRENCH,TRANSFER,Moyen,LEGACY_BANK
3655,100,87,FRENCH,AUTOMATISM,Difficile,LEGACY_BANK
3656,100,87,FRENCH,OPEN_RESPONSE,Difficile,LEGACY_BANK
3657,100,87,FRENCH,DIRECT_APPLICATION,Facile,LEGACY_BANK
3658,100,87,FRENCH,MULTI_STEP,Moyen,LEGACY_BANK
3659,100,87,FRENCH,PROBLEM_SOLVING,Difficile,LEGACY_BANK
3660,100,87,FRENCH,DOCUMENT_ANALYSIS,Difficile,LEGACY_BANK
3661,100,87,FRENCH,JUSTIFICATION,Facile,LEGACY_BANK
3662,100,87,FRENCH,OPEN_RESPONSE,Difficile,LEGACY_BANK
3663,100,87,FRENCH,OPEN_RESPONSE,Difficile,LEGACY_BANK
3664,100,87,FRENCH,DIRECT_APPLICATION,Facile,LEGACY_BANK
3665,100,87,FRENCH,OPEN_RESPONSE,Moyen,LEGACY_BANK
3666,100,87,FRENCH,PROBLEM_SOLVING,Difficile,LEGACY_BANK
3667,100,87,FRENCH,DOCUMENT_ANALYSIS,Difficile,LEGACY_BANK
3668,100,87,FRENCH,JUSTIFICATION,Facile,LEGACY_BANK
3669,100,87,FRENCH,REASONING,Moyen,LEGACY_BANK
3670,100,87,FRENCH,BREVET_STYLE,Difficile,LEGACY_BANK
3671,100,87,FRENCH,OFFICIAL_ARCHIVE,Difficile,LEGACY_BANK
3672,100,87,FRENCH,OPEN_RESPONSE,Facile,LEGACY_BANK
3673,100,87,FRENCH,MULTI_STEP,Moyen,LEGACY_BANK
3704,101,88,FRENCH,PROBLEM_SOLVING,Moyen,LEGACY_BANK
3705,101,88,FRENCH,OPEN_RESPONSE,Difficile,LEGACY_BANK
3706,101,88,FRENCH,OFFICIAL_ARCHIVE,Difficile,LEGACY_BANK
3707,101,88,FRENCH,DIRECT_APPLICATION,Difficile,LEGACY_BANK
3708,101,88,FRENCH,OPEN_RESPONSE,Moyen,LEGACY_BANK
3709,101,88,FRENCH,OPEN_RESPONSE,Facile,LEGACY_BANK
3680,101,88,FRENCH,BREVET_STYLE,Moyen,LEGACY_BANK
3681,101,88,FRENCH,OFFICIAL_ARCHIVE,Difficile,LEGACY_BANK
3682,101,88,FRENCH,REMEDIATION,Difficile,LEGACY_BANK
3683,101,88,FRENCH,TRANSFER,Facile,LEGACY_BANK
3684,101,88,FRENCH,AUTOMATISM,Moyen,LEGACY_BANK
3685,101,88,FRENCH,OPEN_RESPONSE,Difficile,LEGACY_BANK
3686,101,88,FRENCH,OPEN_RESPONSE,Difficile,LEGACY_BANK
3687,101,88,FRENCH,MULTI_STEP,Facile,LEGACY_BANK
3688,101,88,FRENCH,PROBLEM_SOLVING,Moyen,LEGACY_BANK
3689,101,88,FRENCH,DOCUMENT_ANALYSIS,Difficile,LEGACY_BANK
3690,101,88,FRENCH,JUSTIFICATION,Difficile,LEGACY_BANK
3691,101,88,FRENCH,REASONING,Facile,LEGACY_BANK
3692,101,88,FRENCH,BREVET_STYLE,Moyen,LEGACY_BANK
3693,101,88,FRENCH,OPEN_RESPONSE,Difficile,LEGACY_BANK
3694,101,88,FRENCH,REMEDIATION,Difficile,LEGACY_BANK
3695,101,88,FRENCH,TRANSFER,Facile,LEGACY_BANK
3696,101,88,FRENCH,AUTOMATISM,Moyen,LEGACY_BANK
3697,101,88,FRENCH,DIRECT_APPLICATION,Difficile,LEGACY_BANK
3698,101,88,FRENCH,MULTI_STEP,Facile,LEGACY_BANK
3699,101,88,FRENCH,OPEN_RESPONSE,Moyen,LEGACY_BANK
3700,101,88,FRENCH,DOCUMENT_ANALYSIS,Difficile,LEGACY_BANK
3701,101,88,FRENCH,JUSTIFICATION,Difficile,LEGACY_BANK
3702,101,88,FRENCH,REASONING,Facile,LEGACY_BANK
3703,101,88,FRENCH,OPEN_RESPONSE,Facile,LEGACY_BANK
3734,102,88,FRENCH,REASONING,Difficile,LEGACY_BANK
3735,102,88,FRENCH,TRANSFER,Difficile,LEGACY_BANK
3736,102,88,FRENCH,OPEN_RESPONSE,Difficile,LEGACY_BANK
3737,102,88,FRENCH,REMEDIATION,Difficile,LEGACY_BANK
3738,102,88,FRENCH,OPEN_RESPONSE,Facile,LEGACY_BANK
3739,102,88,FRENCH,OPEN_RESPONSE,Difficile,LEGACY_BANK
3710,102,88,FRENCH,OFFICIAL_ARCHIVE,Moyen,LEGACY_BANK
3711,102,88,FRENCH,REMEDIATION,Difficile,LEGACY_BANK
3712,102,88,FRENCH,TRANSFER,Difficile,LEGACY_BANK
3713,102,88,FRENCH,AUTOMATISM,Facile,LEGACY_BANK
3714,102,88,FRENCH,OPEN_RESPONSE,Moyen,LEGACY_BANK
3715,102,88,FRENCH,DIRECT_APPLICATION,Difficile,LEGACY_BANK
3716,102,88,FRENCH,OPEN_RESPONSE,Difficile,LEGACY_BANK
3717,102,88,FRENCH,PROBLEM_SOLVING,Facile,LEGACY_BANK
3718,102,88,FRENCH,DOCUMENT_ANALYSIS,Moyen,LEGACY_BANK
3719,102,88,FRENCH,JUSTIFICATION,Difficile,LEGACY_BANK
3720,102,88,FRENCH,REASONING,Difficile,LEGACY_BANK
3721,102,88,FRENCH,BREVET_STYLE,Facile,LEGACY_BANK
3722,102,88,FRENCH,OFFICIAL_ARCHIVE,Moyen,LEGACY_BANK
3723,102,88,FRENCH,OPEN_RESPONSE,Difficile,LEGACY_BANK
3724,102,88,FRENCH,AUTOMATISM,Facile,LEGACY_BANK
3725,102,88,FRENCH,DIRECT_APPLICATION,Difficile,LEGACY_BANK
3726,102,88,FRENCH,MULTI_STEP,Difficile,LEGACY_BANK
3727,102,88,FRENCH,PROBLEM_SOLVING,Facile,LEGACY_BANK
3728,102,88,FRENCH,OPEN_RESPONSE,Moyen,LEGACY_BANK
3729,102,88,FRENCH,JUSTIFICATION,Difficile,LEGACY_BANK
3730,102,88,FRENCH,BREVET_STYLE,Facile,LEGACY_BANK
3731,102,88,FRENCH,OPEN_RESPONSE,Facile,LEGACY_BANK
3732,102,88,FRENCH,MULTI_STEP,Difficile,LEGACY_BANK
3733,102,88,FRENCH,DOCUMENT_ANALYSIS,Moyen,LEGACY_BANK
3740,103,89,FRENCH,REMEDIATION,Moyen,LEGACY_BANK
3741,103,89,FRENCH,TRANSFER,Difficile,LEGACY_BANK
3742,103,89,FRENCH,AUTOMATISM,Difficile,LEGACY_BANK
3743,103,89,FRENCH,OPEN_RESPONSE,Facile,LEGACY_BANK
3744,103,89,FRENCH,DIRECT_APPLICATION,Moyen,LEGACY_BANK
3745,103,89,FRENCH,MULTI_STEP,Difficile,LEGACY_BANK
3746,103,89,FRENCH,OPEN_RESPONSE,Difficile,LEGACY_BANK
3747,103,89,FRENCH,DOCUMENT_ANALYSIS,Facile,LEGACY_BANK
3748,103,89,FRENCH,JUSTIFICATION,Moyen,LEGACY_BANK
3749,103,89,FRENCH,REASONING,Difficile,LEGACY_BANK
3774,104,89,FRENCH,REASONING,Moyen,LEGACY_BANK
3775,104,89,FRENCH,REMEDIATION,Facile,LEGACY_BANK
3776,104,89,FRENCH,OPEN_RESPONSE,Moyen,LEGACY_BANK
3777,104,89,FRENCH,OPEN_RESPONSE,Facile,LEGACY_BANK
3778,104,89,FRENCH,OPEN_RESPONSE,Difficile,LEGACY_BANK
3779,104,89,FRENCH,AUTOMATISM,Difficile,LEGACY_BANK
3750,104,89,FRENCH,TRANSFER,Moyen,LEGACY_BANK
3751,104,89,FRENCH,AUTOMATISM,Difficile,LEGACY_BANK
3752,104,89,FRENCH,OPEN_RESPONSE,Difficile,LEGACY_BANK
3753,104,89,FRENCH,DIRECT_APPLICATION,Facile,LEGACY_BANK
3754,104,89,FRENCH,MULTI_STEP,Moyen,LEGACY_BANK
3755,104,89,FRENCH,PROBLEM_SOLVING,Difficile,LEGACY_BANK
3756,104,89,FRENCH,OPEN_RESPONSE,Difficile,LEGACY_BANK
3757,104,89,FRENCH,JUSTIFICATION,Facile,LEGACY_BANK
3758,104,89,FRENCH,REASONING,Moyen,LEGACY_BANK
3759,104,89,FRENCH,BREVET_STYLE,Difficile,LEGACY_BANK
3760,104,89,FRENCH,OFFICIAL_ARCHIVE,Difficile,LEGACY_BANK
3761,104,89,FRENCH,REMEDIATION,Facile,LEGACY_BANK
3762,104,89,FRENCH,TRANSFER,Moyen,LEGACY_BANK
3763,104,89,FRENCH,OPEN_RESPONSE,Difficile,LEGACY_BANK
3764,104,89,FRENCH,DIRECT_APPLICATION,Facile,LEGACY_BANK
3765,104,89,FRENCH,PROBLEM_SOLVING,Difficile,LEGACY_BANK
3766,104,89,FRENCH,DOCUMENT_ANALYSIS,Difficile,LEGACY_BANK
3767,104,89,FRENCH,OPEN_RESPONSE,Moyen,LEGACY_BANK
3768,104,89,FRENCH,BREVET_STYLE,Difficile,LEGACY_BANK
3769,104,89,FRENCH,OFFICIAL_ARCHIVE,Difficile,LEGACY_BANK
3770,104,89,FRENCH,OPEN_RESPONSE,Facile,LEGACY_BANK
3771,104,89,FRENCH,MULTI_STEP,Moyen,LEGACY_BANK
3772,104,89,FRENCH,DOCUMENT_ANALYSIS,Difficile,LEGACY_BANK
3773,104,89,FRENCH,JUSTIFICATION,Facile,LEGACY_BANK
3780,105,90,FRENCH,AUTOMATISM,Moyen,LEGACY_BANK
3781,105,90,FRENCH,OPEN_RESPONSE,Difficile,LEGACY_BANK
3782,105,90,FRENCH,DIRECT_APPLICATION,Difficile,LEGACY_BANK
3783,105,90,FRENCH,MULTI_STEP,Facile,LEGACY_BANK
3784,105,90,FRENCH,PROBLEM_SOLVING,Moyen,LEGACY_BANK
3785,105,90,FRENCH,DOCUMENT_ANALYSIS,Difficile,LEGACY_BANK
3786,105,90,FRENCH,OPEN_RESPONSE,Difficile,LEGACY_BANK
3787,105,90,FRENCH,REASONING,Facile,LEGACY_BANK
3788,105,90,FRENCH,BREVET_STYLE,Moyen,LEGACY_BANK
3789,105,90,FRENCH,OFFICIAL_ARCHIVE,Difficile,LEGACY_BANK
3814,106,90,FRENCH,REMEDIATION,Difficile,LEGACY_BANK
3815,106,90,FRENCH,OPEN_RESPONSE,Difficile,LEGACY_BANK
3816,106,90,FRENCH,OPEN_RESPONSE,Difficile,LEGACY_BANK
3817,106,90,FRENCH,DOCUMENT_ANALYSIS,Moyen,LEGACY_BANK
3818,106,90,FRENCH,OPEN_RESPONSE,Facile,LEGACY_BANK
3819,106,90,FRENCH,TRANSFER,Difficile,LEGACY_BANK
3790,106,90,FRENCH,OPEN_RESPONSE,Moyen,LEGACY_BANK
3791,106,90,FRENCH,DIRECT_APPLICATION,Difficile,LEGACY_BANK
3792,106,90,FRENCH,MULTI_STEP,Difficile,LEGACY_BANK
3793,106,90,FRENCH,PROBLEM_SOLVING,Facile,LEGACY_BANK
3794,106,90,FRENCH,DOCUMENT_ANALYSIS,Moyen,LEGACY_BANK
3795,106,90,FRENCH,JUSTIFICATION,Difficile,LEGACY_BANK
3796,106,90,FRENCH,OPEN_RESPONSE,Difficile,LEGACY_BANK
3797,106,90,FRENCH,BREVET_STYLE,Facile,LEGACY_BANK
3798,106,90,FRENCH,OFFICIAL_ARCHIVE,Moyen,LEGACY_BANK
3799,106,90,FRENCH,REMEDIATION,Difficile,LEGACY_BANK
3800,106,90,FRENCH,TRANSFER,Difficile,LEGACY_BANK
3801,106,90,FRENCH,AUTOMATISM,Facile,LEGACY_BANK
3802,106,90,FRENCH,OPEN_RESPONSE,Difficile,LEGACY_BANK
3803,106,90,FRENCH,MULTI_STEP,Difficile,LEGACY_BANK
3804,106,90,FRENCH,PROBLEM_SOLVING,Facile,LEGACY_BANK
3805,106,90,FRENCH,JUSTIFICATION,Difficile,LEGACY_BANK
3806,106,90,FRENCH,REASONING,Difficile,LEGACY_BANK
3807,106,90,FRENCH,BREVET_STYLE,Facile,LEGACY_BANK
3808,106,90,FRENCH,AUTOMATISM,Facile,LEGACY_BANK
3809,106,90,FRENCH,OPEN_RESPONSE,Moyen,LEGACY_BANK
3810,106,90,FRENCH,DIRECT_APPLICATION,Difficile,LEGACY_BANK
3811,106,90,FRENCH,OPEN_RESPONSE,Facile,LEGACY_BANK
3812,106,90,FRENCH,REASONING,Difficile,LEGACY_BANK
3813,106,90,FRENCH,OFFICIAL_ARCHIVE,Moyen,LEGACY_BANK
3820,108,91,MATHEMATICS,MULTI_STEP,Moyen,LEGACY_BANK
3821,108,91,MATHEMATICS,PROBLEM_SOLVING,Difficile,LEGACY_BANK
3822,108,91,MATHEMATICS,DOCUMENT_ANALYSIS,Difficile,LEGACY_BANK
3823,108,91,MATHEMATICS,JUSTIFICATION,Facile,LEGACY_BANK
3824,108,91,MATHEMATICS,REASONING,Moyen,LEGACY_BANK
3825,108,91,MATHEMATICS,BREVET_STYLE,Difficile,LEGACY_BANK
3826,108,91,MATHEMATICS,OFFICIAL_ARCHIVE,Difficile,LEGACY_BANK
3827,108,91,MATHEMATICS,REMEDIATION,Facile,LEGACY_BANK
3828,108,91,MATHEMATICS,TRANSFER,Moyen,LEGACY_BANK
3829,108,91,MATHEMATICS,AUTOMATISM,Difficile,LEGACY_BANK
3830,108,91,MATHEMATICS,OPEN_RESPONSE,Difficile,LEGACY_BANK
3831,108,91,MATHEMATICS,DIRECT_APPLICATION,Facile,LEGACY_BANK
3832,109,91,MATHEMATICS,PROBLEM_SOLVING,Moyen,LEGACY_BANK
3833,109,91,MATHEMATICS,DOCUMENT_ANALYSIS,Difficile,LEGACY_BANK
3834,109,91,MATHEMATICS,JUSTIFICATION,Difficile,LEGACY_BANK
3835,109,91,MATHEMATICS,REASONING,Facile,LEGACY_BANK
3836,109,91,MATHEMATICS,BREVET_STYLE,Moyen,LEGACY_BANK
3837,109,91,MATHEMATICS,OFFICIAL_ARCHIVE,Difficile,LEGACY_BANK
3838,109,91,MATHEMATICS,REMEDIATION,Difficile,LEGACY_BANK
3839,109,91,MATHEMATICS,TRANSFER,Facile,LEGACY_BANK
3840,109,91,MATHEMATICS,AUTOMATISM,Moyen,LEGACY_BANK
3841,109,91,MATHEMATICS,OPEN_RESPONSE,Difficile,LEGACY_BANK
3842,109,91,MATHEMATICS,DIRECT_APPLICATION,Difficile,LEGACY_BANK
3843,109,91,MATHEMATICS,MULTI_STEP,Facile,LEGACY_BANK
3868,111,92,MATHEMATICS,JUSTIFICATION,Moyen,LEGACY_BANK
3869,111,92,MATHEMATICS,REASONING,Difficile,LEGACY_BANK
3870,111,92,MATHEMATICS,BREVET_STYLE,Difficile,LEGACY_BANK
3871,111,92,MATHEMATICS,OFFICIAL_ARCHIVE,Facile,LEGACY_BANK
3872,111,92,MATHEMATICS,REMEDIATION,Moyen,LEGACY_BANK
3873,111,92,MATHEMATICS,TRANSFER,Difficile,LEGACY_BANK
3874,111,92,MATHEMATICS,AUTOMATISM,Difficile,LEGACY_BANK
3875,111,92,MATHEMATICS,OPEN_RESPONSE,Facile,LEGACY_BANK
3876,111,92,MATHEMATICS,DIRECT_APPLICATION,Moyen,LEGACY_BANK
3877,111,92,MATHEMATICS,MULTI_STEP,Difficile,LEGACY_BANK
3878,111,92,MATHEMATICS,PROBLEM_SOLVING,Difficile,LEGACY_BANK
3879,111,92,MATHEMATICS,DOCUMENT_ANALYSIS,Facile,LEGACY_BANK
3880,111,92,MATHEMATICS,JUSTIFICATION,Moyen,LEGACY_BANK
3881,111,92,MATHEMATICS,REASONING,Difficile,LEGACY_BANK
3882,111,92,MATHEMATICS,BREVET_STYLE,Difficile,LEGACY_BANK
3883,111,92,MATHEMATICS,OFFICIAL_ARCHIVE,Facile,LEGACY_BANK
3844,111,92,MATHEMATICS,JUSTIFICATION,Moyen,LEGACY_BANK
3845,111,92,MATHEMATICS,REASONING,Difficile,LEGACY_BANK
3846,111,92,MATHEMATICS,BREVET_STYLE,Difficile,LEGACY_BANK
3847,111,92,MATHEMATICS,OFFICIAL_ARCHIVE,Facile,LEGACY_BANK
3848,111,92,MATHEMATICS,REMEDIATION,Moyen,LEGACY_BANK
3849,111,92,MATHEMATICS,TRANSFER,Difficile,LEGACY_BANK
3850,111,92,MATHEMATICS,AUTOMATISM,Difficile,LEGACY_BANK
3851,111,92,MATHEMATICS,OPEN_RESPONSE,Facile,LEGACY_BANK
3852,111,92,MATHEMATICS,DIRECT_APPLICATION,Moyen,LEGACY_BANK
3853,111,92,MATHEMATICS,MULTI_STEP,Difficile,LEGACY_BANK
3854,111,92,MATHEMATICS,PROBLEM_SOLVING,Difficile,LEGACY_BANK
3855,111,92,MATHEMATICS,DOCUMENT_ANALYSIS,Facile,LEGACY_BANK
3856,111,92,MATHEMATICS,JUSTIFICATION,Moyen,LEGACY_BANK
3857,111,92,MATHEMATICS,REASONING,Difficile,LEGACY_BANK
3858,111,92,MATHEMATICS,BREVET_STYLE,Difficile,LEGACY_BANK
3859,111,92,MATHEMATICS,OFFICIAL_ARCHIVE,Facile,LEGACY_BANK
3860,111,92,MATHEMATICS,REMEDIATION,Moyen,LEGACY_BANK
3861,111,92,MATHEMATICS,TRANSFER,Difficile,LEGACY_BANK
3862,111,92,MATHEMATICS,AUTOMATISM,Difficile,LEGACY_BANK
3863,111,92,MATHEMATICS,OPEN_RESPONSE,Facile,LEGACY_BANK
3864,111,92,MATHEMATICS,DIRECT_APPLICATION,Moyen,LEGACY_BANK
3865,111,92,MATHEMATICS,MULTI_STEP,Difficile,LEGACY_BANK
3866,111,92,MATHEMATICS,PROBLEM_SOLVING,Difficile,LEGACY_BANK
3867,111,92,MATHEMATICS,DOCUMENT_ANALYSIS,Facile,LEGACY_BANK
3900,112,92,MATHEMATICS,TRANSFER,Moyen,LEGACY_BANK
3901,112,92,MATHEMATICS,AUTOMATISM,Difficile,LEGACY_BANK
3902,112,92,MATHEMATICS,OPEN_RESPONSE,Difficile,LEGACY_BANK
3903,112,92,MATHEMATICS,DIRECT_APPLICATION,Facile,LEGACY_BANK
3904,112,92,MATHEMATICS,MULTI_STEP,Moyen,LEGACY_BANK
3905,112,92,MATHEMATICS,PROBLEM_SOLVING,Difficile,LEGACY_BANK
3906,112,92,MATHEMATICS,DOCUMENT_ANALYSIS,Difficile,LEGACY_BANK
3907,112,92,MATHEMATICS,JUSTIFICATION,Facile,LEGACY_BANK
3908,112,92,MATHEMATICS,REASONING,Moyen,LEGACY_BANK
3909,112,92,MATHEMATICS,BREVET_STYLE,Difficile,LEGACY_BANK
3910,112,92,MATHEMATICS,OFFICIAL_ARCHIVE,Difficile,LEGACY_BANK
3911,112,92,MATHEMATICS,REMEDIATION,Facile,LEGACY_BANK
3912,112,92,MATHEMATICS,TRANSFER,Moyen,LEGACY_BANK
3913,112,92,MATHEMATICS,AUTOMATISM,Difficile,LEGACY_BANK
3914,112,92,MATHEMATICS,OPEN_RESPONSE,Difficile,LEGACY_BANK
3915,112,92,MATHEMATICS,DIRECT_APPLICATION,Facile,LEGACY_BANK
3916,112,92,MATHEMATICS,MULTI_STEP,Moyen,LEGACY_BANK
3917,112,92,MATHEMATICS,PROBLEM_SOLVING,Difficile,LEGACY_BANK
3918,112,92,MATHEMATICS,DOCUMENT_ANALYSIS,Difficile,LEGACY_BANK
3919,112,92,MATHEMATICS,JUSTIFICATION,Facile,LEGACY_BANK
3920,112,92,MATHEMATICS,REASONING,Moyen,LEGACY_BANK
3921,112,92,MATHEMATICS,BREVET_STYLE,Difficile,LEGACY_BANK
3922,112,92,MATHEMATICS,OFFICIAL_ARCHIVE,Difficile,LEGACY_BANK
3923,112,92,MATHEMATICS,REMEDIATION,Facile,LEGACY_BANK
3884,112,92,MATHEMATICS,REASONING,Moyen,LEGACY_BANK
3885,112,92,MATHEMATICS,BREVET_STYLE,Difficile,LEGACY_BANK
3886,112,92,MATHEMATICS,OFFICIAL_ARCHIVE,Difficile,LEGACY_BANK
3887,112,92,MATHEMATICS,REMEDIATION,Facile,LEGACY_BANK
3888,112,92,MATHEMATICS,TRANSFER,Moyen,LEGACY_BANK
3889,112,92,MATHEMATICS,AUTOMATISM,Difficile,LEGACY_BANK
3890,112,92,MATHEMATICS,OPEN_RESPONSE,Difficile,LEGACY_BANK
3891,112,92,MATHEMATICS,DIRECT_APPLICATION,Facile,LEGACY_BANK
3892,112,92,MATHEMATICS,MULTI_STEP,Moyen,LEGACY_BANK
3893,112,92,MATHEMATICS,PROBLEM_SOLVING,Difficile,LEGACY_BANK
3894,112,92,MATHEMATICS,DOCUMENT_ANALYSIS,Difficile,LEGACY_BANK
3895,112,92,MATHEMATICS,JUSTIFICATION,Facile,LEGACY_BANK
3896,112,92,MATHEMATICS,REASONING,Moyen,LEGACY_BANK
3897,112,92,MATHEMATICS,BREVET_STYLE,Difficile,LEGACY_BANK
3898,112,92,MATHEMATICS,OFFICIAL_ARCHIVE,Difficile,LEGACY_BANK
3899,112,92,MATHEMATICS,REMEDIATION,Facile,LEGACY_BANK
3924,113,93,MATHEMATICS,BREVET_STYLE,Moyen,LEGACY_BANK
3925,113,93,MATHEMATICS,OFFICIAL_ARCHIVE,Difficile,LEGACY_BANK
3926,113,93,MATHEMATICS,REMEDIATION,Difficile,LEGACY_BANK
3927,113,93,MATHEMATICS,TRANSFER,Facile,LEGACY_BANK
3928,113,93,MATHEMATICS,AUTOMATISM,Moyen,LEGACY_BANK
3929,113,93,MATHEMATICS,OPEN_RESPONSE,Difficile,LEGACY_BANK
3930,113,93,MATHEMATICS,DIRECT_APPLICATION,Difficile,LEGACY_BANK
3931,113,93,MATHEMATICS,MULTI_STEP,Facile,LEGACY_BANK
3932,113,93,MATHEMATICS,PROBLEM_SOLVING,Moyen,LEGACY_BANK
3933,113,93,MATHEMATICS,DOCUMENT_ANALYSIS,Difficile,LEGACY_BANK
3934,113,93,MATHEMATICS,JUSTIFICATION,Difficile,LEGACY_BANK
3935,113,93,MATHEMATICS,REASONING,Facile,LEGACY_BANK
3936,114,93,MATHEMATICS,OFFICIAL_ARCHIVE,Moyen,LEGACY_BANK
3937,114,93,MATHEMATICS,REMEDIATION,Difficile,LEGACY_BANK
3938,114,93,MATHEMATICS,TRANSFER,Difficile,LEGACY_BANK
3939,114,93,MATHEMATICS,AUTOMATISM,Facile,LEGACY_BANK
3940,114,93,MATHEMATICS,OPEN_RESPONSE,Moyen,LEGACY_BANK
3941,114,93,MATHEMATICS,DIRECT_APPLICATION,Difficile,LEGACY_BANK
3942,114,93,MATHEMATICS,MULTI_STEP,Difficile,LEGACY_BANK
3943,114,93,MATHEMATICS,PROBLEM_SOLVING,Facile,LEGACY_BANK
3944,114,93,MATHEMATICS,DOCUMENT_ANALYSIS,Moyen,LEGACY_BANK
3945,114,93,MATHEMATICS,JUSTIFICATION,Difficile,LEGACY_BANK
3946,114,93,MATHEMATICS,REASONING,Difficile,LEGACY_BANK
3947,114,93,MATHEMATICS,BREVET_STYLE,Facile,LEGACY_BANK
3948,115,93,MATHEMATICS,REMEDIATION,Moyen,LEGACY_BANK
3949,115,93,MATHEMATICS,TRANSFER,Difficile,LEGACY_BANK
3950,115,93,MATHEMATICS,AUTOMATISM,Difficile,LEGACY_BANK
3951,115,93,MATHEMATICS,OPEN_RESPONSE,Facile,LEGACY_BANK
3952,115,93,MATHEMATICS,DIRECT_APPLICATION,Moyen,LEGACY_BANK
3953,115,93,MATHEMATICS,MULTI_STEP,Difficile,LEGACY_BANK
3954,115,93,MATHEMATICS,PROBLEM_SOLVING,Difficile,LEGACY_BANK
3955,115,93,MATHEMATICS,DOCUMENT_ANALYSIS,Facile,LEGACY_BANK
3956,115,93,MATHEMATICS,JUSTIFICATION,Moyen,LEGACY_BANK
3957,115,93,MATHEMATICS,REASONING,Difficile,LEGACY_BANK
3958,115,93,MATHEMATICS,BREVET_STYLE,Difficile,LEGACY_BANK
3959,115,93,MATHEMATICS,OFFICIAL_ARCHIVE,Facile,LEGACY_BANK
3960,116,94,MATHEMATICS,TRANSFER,Moyen,LEGACY_BANK
3961,116,94,MATHEMATICS,AUTOMATISM,Difficile,LEGACY_BANK
3962,116,94,MATHEMATICS,OPEN_RESPONSE,Difficile,LEGACY_BANK
3963,116,94,MATHEMATICS,DIRECT_APPLICATION,Facile,LEGACY_BANK
3964,116,94,MATHEMATICS,MULTI_STEP,Moyen,LEGACY_BANK
3965,116,94,MATHEMATICS,PROBLEM_SOLVING,Difficile,LEGACY_BANK
3966,116,94,MATHEMATICS,DOCUMENT_ANALYSIS,Difficile,LEGACY_BANK
3967,116,94,MATHEMATICS,JUSTIFICATION,Facile,LEGACY_BANK
3968,116,94,MATHEMATICS,REASONING,Moyen,LEGACY_BANK
3969,116,94,MATHEMATICS,BREVET_STYLE,Difficile,LEGACY_BANK
3970,116,94,MATHEMATICS,OFFICIAL_ARCHIVE,Difficile,LEGACY_BANK
3971,116,94,MATHEMATICS,REMEDIATION,Facile,LEGACY_BANK
3972,117,94,MATHEMATICS,AUTOMATISM,Moyen,LEGACY_BANK
3973,117,94,MATHEMATICS,OPEN_RESPONSE,Difficile,LEGACY_BANK
3974,117,94,MATHEMATICS,DIRECT_APPLICATION,Difficile,LEGACY_BANK
3975,117,94,MATHEMATICS,MULTI_STEP,Facile,LEGACY_BANK
3976,117,94,MATHEMATICS,PROBLEM_SOLVING,Moyen,LEGACY_BANK
3977,117,94,MATHEMATICS,DOCUMENT_ANALYSIS,Difficile,LEGACY_BANK
3978,117,94,MATHEMATICS,JUSTIFICATION,Difficile,LEGACY_BANK
3979,117,94,MATHEMATICS,REASONING,Facile,LEGACY_BANK
3980,117,94,MATHEMATICS,BREVET_STYLE,Moyen,LEGACY_BANK
3981,117,94,MATHEMATICS,OFFICIAL_ARCHIVE,Difficile,LEGACY_BANK
3982,117,94,MATHEMATICS,REMEDIATION,Difficile,LEGACY_BANK
3983,117,94,MATHEMATICS,TRANSFER,Facile,LEGACY_BANK
3984,118,94,MATHEMATICS,OPEN_RESPONSE,Moyen,LEGACY_BANK
3985,118,94,MATHEMATICS,DIRECT_APPLICATION,Difficile,LEGACY_BANK
3986,118,94,MATHEMATICS,MULTI_STEP,Difficile,LEGACY_BANK
3987,118,94,MATHEMATICS,PROBLEM_SOLVING,Facile,LEGACY_BANK
3988,118,94,MATHEMATICS,DOCUMENT_ANALYSIS,Moyen,LEGACY_BANK
3989,118,94,MATHEMATICS,JUSTIFICATION,Difficile,LEGACY_BANK
3990,118,94,MATHEMATICS,REASONING,Difficile,LEGACY_BANK
3991,118,94,MATHEMATICS,BREVET_STYLE,Facile,LEGACY_BANK
3992,118,94,MATHEMATICS,OFFICIAL_ARCHIVE,Moyen,LEGACY_BANK
3993,118,94,MATHEMATICS,REMEDIATION,Difficile,LEGACY_BANK
3994,118,94,MATHEMATICS,TRANSFER,Difficile,LEGACY_BANK
3995,118,94,MATHEMATICS,AUTOMATISM,Facile,LEGACY_BANK
4020,119,95,MATHEMATICS,DIRECT_APPLICATION,Moyen,LEGACY_BANK
4021,119,95,MATHEMATICS,MULTI_STEP,Difficile,LEGACY_BANK
4022,119,95,MATHEMATICS,PROBLEM_SOLVING,Difficile,LEGACY_BANK
4023,119,95,MATHEMATICS,DOCUMENT_ANALYSIS,Facile,LEGACY_BANK
4024,119,95,MATHEMATICS,JUSTIFICATION,Moyen,LEGACY_BANK
4025,119,95,MATHEMATICS,REASONING,Difficile,LEGACY_BANK
4026,119,95,MATHEMATICS,BREVET_STYLE,Difficile,LEGACY_BANK
4027,119,95,MATHEMATICS,OFFICIAL_ARCHIVE,Facile,LEGACY_BANK
4028,119,95,MATHEMATICS,REMEDIATION,Moyen,LEGACY_BANK
4029,119,95,MATHEMATICS,TRANSFER,Difficile,LEGACY_BANK
4030,119,95,MATHEMATICS,AUTOMATISM,Difficile,LEGACY_BANK
4031,119,95,MATHEMATICS,OPEN_RESPONSE,Facile,LEGACY_BANK
4032,119,95,MATHEMATICS,DIRECT_APPLICATION,Moyen,LEGACY_BANK
4033,119,95,MATHEMATICS,MULTI_STEP,Difficile,LEGACY_BANK
4034,119,95,MATHEMATICS,PROBLEM_SOLVING,Difficile,LEGACY_BANK
4035,119,95,MATHEMATICS,DOCUMENT_ANALYSIS,Facile,LEGACY_BANK
4036,119,95,MATHEMATICS,JUSTIFICATION,Moyen,LEGACY_BANK
4037,119,95,MATHEMATICS,REASONING,Difficile,LEGACY_BANK
4038,119,95,MATHEMATICS,BREVET_STYLE,Difficile,LEGACY_BANK
4039,119,95,MATHEMATICS,OFFICIAL_ARCHIVE,Facile,LEGACY_BANK
4040,119,95,MATHEMATICS,REMEDIATION,Moyen,LEGACY_BANK
4041,119,95,MATHEMATICS,TRANSFER,Difficile,LEGACY_BANK
4042,119,95,MATHEMATICS,AUTOMATISM,Difficile,LEGACY_BANK
4043,119,95,MATHEMATICS,OPEN_RESPONSE,Facile,LEGACY_BANK
4044,119,95,MATHEMATICS,MULTI_STEP,Difficile,LEGACY_BANK
4045,119,95,MATHEMATICS,PROBLEM_SOLVING,Difficile,LEGACY_BANK
3996,119,95,MATHEMATICS,DIRECT_APPLICATION,Moyen,LEGACY_BANK
3997,119,95,MATHEMATICS,MULTI_STEP,Difficile,LEGACY_BANK
3998,119,95,MATHEMATICS,PROBLEM_SOLVING,Difficile,LEGACY_BANK
3999,119,95,MATHEMATICS,DOCUMENT_ANALYSIS,Facile,LEGACY_BANK
4000,119,95,MATHEMATICS,JUSTIFICATION,Moyen,LEGACY_BANK
4001,119,95,MATHEMATICS,REASONING,Difficile,LEGACY_BANK
4002,119,95,MATHEMATICS,BREVET_STYLE,Difficile,LEGACY_BANK
4003,119,95,MATHEMATICS,OFFICIAL_ARCHIVE,Facile,LEGACY_BANK
4004,119,95,MATHEMATICS,REMEDIATION,Moyen,LEGACY_BANK
4005,119,95,MATHEMATICS,TRANSFER,Difficile,LEGACY_BANK
4006,119,95,MATHEMATICS,AUTOMATISM,Difficile,LEGACY_BANK
4007,119,95,MATHEMATICS,OPEN_RESPONSE,Facile,LEGACY_BANK
4008,119,95,MATHEMATICS,DIRECT_APPLICATION,Moyen,LEGACY_BANK
4009,119,95,MATHEMATICS,MULTI_STEP,Difficile,LEGACY_BANK
4010,119,95,MATHEMATICS,PROBLEM_SOLVING,Difficile,LEGACY_BANK
4011,119,95,MATHEMATICS,DOCUMENT_ANALYSIS,Facile,LEGACY_BANK
4012,119,95,MATHEMATICS,JUSTIFICATION,Moyen,LEGACY_BANK
4013,119,95,MATHEMATICS,REASONING,Difficile,LEGACY_BANK
4014,119,95,MATHEMATICS,BREVET_STYLE,Difficile,LEGACY_BANK
4015,119,95,MATHEMATICS,OFFICIAL_ARCHIVE,Facile,LEGACY_BANK
4016,119,95,MATHEMATICS,REMEDIATION,Moyen,LEGACY_BANK
4017,119,95,MATHEMATICS,TRANSFER,Difficile,LEGACY_BANK
4018,119,95,MATHEMATICS,AUTOMATISM,Difficile,LEGACY_BANK
4019,119,95,MATHEMATICS,OPEN_RESPONSE,Facile,LEGACY_BANK
4070,120,95,MATHEMATICS,MULTI_STEP,Moyen,LEGACY_BANK
4071,120,95,MATHEMATICS,PROBLEM_SOLVING,Difficile,LEGACY_BANK
4072,120,95,MATHEMATICS,DOCUMENT_ANALYSIS,Difficile,LEGACY_BANK
4073,120,95,MATHEMATICS,JUSTIFICATION,Facile,LEGACY_BANK
4074,120,95,MATHEMATICS,REASONING,Moyen,LEGACY_BANK
4075,120,95,MATHEMATICS,BREVET_STYLE,Difficile,LEGACY_BANK
4076,120,95,MATHEMATICS,OFFICIAL_ARCHIVE,Difficile,LEGACY_BANK
4077,120,95,MATHEMATICS,REMEDIATION,Facile,LEGACY_BANK
4078,120,95,MATHEMATICS,TRANSFER,Moyen,LEGACY_BANK
4079,120,95,MATHEMATICS,AUTOMATISM,Difficile,LEGACY_BANK
4080,120,95,MATHEMATICS,OPEN_RESPONSE,Difficile,LEGACY_BANK
4081,120,95,MATHEMATICS,DIRECT_APPLICATION,Facile,LEGACY_BANK
4082,120,95,MATHEMATICS,MULTI_STEP,Moyen,LEGACY_BANK
4083,120,95,MATHEMATICS,PROBLEM_SOLVING,Difficile,LEGACY_BANK
4084,120,95,MATHEMATICS,DOCUMENT_ANALYSIS,Difficile,LEGACY_BANK
4085,120,95,MATHEMATICS,JUSTIFICATION,Facile,LEGACY_BANK
4086,120,95,MATHEMATICS,REASONING,Moyen,LEGACY_BANK
4087,120,95,MATHEMATICS,BREVET_STYLE,Difficile,LEGACY_BANK
4088,120,95,MATHEMATICS,OFFICIAL_ARCHIVE,Difficile,LEGACY_BANK
4089,120,95,MATHEMATICS,REMEDIATION,Facile,LEGACY_BANK
4090,120,95,MATHEMATICS,TRANSFER,Moyen,LEGACY_BANK
4091,120,95,MATHEMATICS,AUTOMATISM,Difficile,LEGACY_BANK
4092,120,95,MATHEMATICS,OPEN_RESPONSE,Difficile,LEGACY_BANK
4093,120,95,MATHEMATICS,DIRECT_APPLICATION,Facile,LEGACY_BANK
4094,120,95,MATHEMATICS,MULTI_STEP,Moyen,LEGACY_BANK
4095,120,95,MATHEMATICS,PROBLEM_SOLVING,Difficile,LEGACY_BANK
4046,120,95,MATHEMATICS,MULTI_STEP,Moyen,LEGACY_BANK
4047,120,95,MATHEMATICS,PROBLEM_SOLVING,Difficile,LEGACY_BANK
4048,120,95,MATHEMATICS,DOCUMENT_ANALYSIS,Difficile,LEGACY_BANK
4049,120,95,MATHEMATICS,JUSTIFICATION,Facile,LEGACY_BANK
4050,120,95,MATHEMATICS,REASONING,Moyen,LEGACY_BANK
4051,120,95,MATHEMATICS,BREVET_STYLE,Difficile,LEGACY_BANK
4052,120,95,MATHEMATICS,OFFICIAL_ARCHIVE,Difficile,LEGACY_BANK
4053,120,95,MATHEMATICS,REMEDIATION,Facile,LEGACY_BANK
4054,120,95,MATHEMATICS,TRANSFER,Moyen,LEGACY_BANK
4055,120,95,MATHEMATICS,AUTOMATISM,Difficile,LEGACY_BANK
4056,120,95,MATHEMATICS,OPEN_RESPONSE,Difficile,LEGACY_BANK
4057,120,95,MATHEMATICS,DIRECT_APPLICATION,Facile,LEGACY_BANK
4058,120,95,MATHEMATICS,MULTI_STEP,Moyen,LEGACY_BANK
4059,120,95,MATHEMATICS,PROBLEM_SOLVING,Difficile,LEGACY_BANK
4060,120,95,MATHEMATICS,DOCUMENT_ANALYSIS,Difficile,LEGACY_BANK
4061,120,95,MATHEMATICS,JUSTIFICATION,Facile,LEGACY_BANK
4062,120,95,MATHEMATICS,REASONING,Moyen,LEGACY_BANK
4063,120,95,MATHEMATICS,BREVET_STYLE,Difficile,LEGACY_BANK
4064,120,95,MATHEMATICS,OFFICIAL_ARCHIVE,Difficile,LEGACY_BANK
4065,120,95,MATHEMATICS,REMEDIATION,Facile,LEGACY_BANK
4066,120,95,MATHEMATICS,TRANSFER,Moyen,LEGACY_BANK
4067,120,95,MATHEMATICS,AUTOMATISM,Difficile,LEGACY_BANK
4068,120,95,MATHEMATICS,OPEN_RESPONSE,Difficile,LEGACY_BANK
4069,120,95,MATHEMATICS,DIRECT_APPLICATION,Facile,LEGACY_BANK
4096,121,96,MATHEMATICS,PROBLEM_SOLVING,Moyen,LEGACY_BANK
4097,121,96,MATHEMATICS,DOCUMENT_ANALYSIS,Difficile,LEGACY_BANK
4098,121,96,MATHEMATICS,JUSTIFICATION,Difficile,LEGACY_BANK
4099,121,96,MATHEMATICS,REASONING,Facile,LEGACY_BANK
4100,121,96,MATHEMATICS,BREVET_STYLE,Moyen,LEGACY_BANK
4101,121,96,MATHEMATICS,OFFICIAL_ARCHIVE,Difficile,LEGACY_BANK
4102,121,96,MATHEMATICS,REMEDIATION,Difficile,LEGACY_BANK
4103,121,96,MATHEMATICS,TRANSFER,Facile,LEGACY_BANK
4104,121,96,MATHEMATICS,AUTOMATISM,Moyen,LEGACY_BANK
4105,121,96,MATHEMATICS,OPEN_RESPONSE,Difficile,LEGACY_BANK
4106,121,96,MATHEMATICS,DIRECT_APPLICATION,Difficile,LEGACY_BANK
4107,121,96,MATHEMATICS,MULTI_STEP,Facile,LEGACY_BANK
4108,122,96,MATHEMATICS,DOCUMENT_ANALYSIS,Moyen,LEGACY_BANK
4109,122,96,MATHEMATICS,JUSTIFICATION,Difficile,LEGACY_BANK
4110,122,96,MATHEMATICS,REASONING,Difficile,LEGACY_BANK
4111,122,96,MATHEMATICS,BREVET_STYLE,Facile,LEGACY_BANK
4112,122,96,MATHEMATICS,OFFICIAL_ARCHIVE,Moyen,LEGACY_BANK
4113,122,96,MATHEMATICS,REMEDIATION,Difficile,LEGACY_BANK
4114,122,96,MATHEMATICS,TRANSFER,Difficile,LEGACY_BANK
4115,122,96,MATHEMATICS,AUTOMATISM,Facile,LEGACY_BANK
4116,122,96,MATHEMATICS,OPEN_RESPONSE,Moyen,LEGACY_BANK
4117,122,96,MATHEMATICS,DIRECT_APPLICATION,Difficile,LEGACY_BANK
4118,122,96,MATHEMATICS,MULTI_STEP,Difficile,LEGACY_BANK
4119,122,96,MATHEMATICS,PROBLEM_SOLVING,Facile,LEGACY_BANK
4120,123,96,MATHEMATICS,JUSTIFICATION,Moyen,LEGACY_BANK
4121,123,96,MATHEMATICS,REASONING,Difficile,LEGACY_BANK
4122,123,96,MATHEMATICS,BREVET_STYLE,Difficile,LEGACY_BANK
4123,123,96,MATHEMATICS,OFFICIAL_ARCHIVE,Facile,LEGACY_BANK
4124,123,96,MATHEMATICS,REMEDIATION,Moyen,LEGACY_BANK
4125,123,96,MATHEMATICS,TRANSFER,Difficile,LEGACY_BANK
4126,123,96,MATHEMATICS,AUTOMATISM,Difficile,LEGACY_BANK
4127,123,96,MATHEMATICS,OPEN_RESPONSE,Facile,LEGACY_BANK
4128,123,96,MATHEMATICS,DIRECT_APPLICATION,Moyen,LEGACY_BANK
4129,123,96,MATHEMATICS,MULTI_STEP,Difficile,LEGACY_BANK
4130,123,96,MATHEMATICS,PROBLEM_SOLVING,Difficile,LEGACY_BANK
4131,123,96,MATHEMATICS,DOCUMENT_ANALYSIS,Facile,LEGACY_BANK
4132,124,97,MATHEMATICS,REASONING,Moyen,LEGACY_BANK
4133,124,97,MATHEMATICS,BREVET_STYLE,Difficile,LEGACY_BANK
4134,124,97,MATHEMATICS,OFFICIAL_ARCHIVE,Difficile,LEGACY_BANK
4135,124,97,MATHEMATICS,REMEDIATION,Facile,LEGACY_BANK
4136,124,97,MATHEMATICS,TRANSFER,Moyen,LEGACY_BANK
4137,124,97,MATHEMATICS,AUTOMATISM,Difficile,LEGACY_BANK
4138,124,97,MATHEMATICS,OPEN_RESPONSE,Difficile,LEGACY_BANK
4139,124,97,MATHEMATICS,DIRECT_APPLICATION,Facile,LEGACY_BANK
4140,124,97,MATHEMATICS,MULTI_STEP,Moyen,LEGACY_BANK
4141,124,97,MATHEMATICS,PROBLEM_SOLVING,Difficile,LEGACY_BANK
4158,125,97,MATHEMATICS,AUTOMATISM,Moyen,LEGACY_BANK
4159,125,97,MATHEMATICS,OPEN_RESPONSE,Difficile,LEGACY_BANK
4160,125,97,MATHEMATICS,DIRECT_APPLICATION,Difficile,LEGACY_BANK
4161,125,97,MATHEMATICS,MULTI_STEP,Facile,LEGACY_BANK
4162,125,97,MATHEMATICS,PROBLEM_SOLVING,Moyen,LEGACY_BANK
4163,125,97,MATHEMATICS,DOCUMENT_ANALYSIS,Difficile,LEGACY_BANK
4164,125,97,MATHEMATICS,JUSTIFICATION,Difficile,LEGACY_BANK
4165,125,97,MATHEMATICS,REASONING,Facile,LEGACY_BANK
4166,125,97,MATHEMATICS,BREVET_STYLE,Moyen,LEGACY_BANK
4167,125,97,MATHEMATICS,OFFICIAL_ARCHIVE,Difficile,LEGACY_BANK
4168,125,97,MATHEMATICS,REMEDIATION,Difficile,LEGACY_BANK
4169,125,97,MATHEMATICS,TRANSFER,Facile,LEGACY_BANK
4170,125,97,MATHEMATICS,AUTOMATISM,Moyen,LEGACY_BANK
4171,125,97,MATHEMATICS,OPEN_RESPONSE,Difficile,LEGACY_BANK
4172,125,97,MATHEMATICS,DIRECT_APPLICATION,Difficile,LEGACY_BANK
4173,125,97,MATHEMATICS,MULTI_STEP,Facile,LEGACY_BANK
4174,125,97,MATHEMATICS,PROBLEM_SOLVING,Moyen,LEGACY_BANK
4175,125,97,MATHEMATICS,DOCUMENT_ANALYSIS,Difficile,LEGACY_BANK
4176,125,97,MATHEMATICS,JUSTIFICATION,Difficile,LEGACY_BANK
4177,125,97,MATHEMATICS,REASONING,Facile,LEGACY_BANK
4178,125,97,MATHEMATICS,BREVET_STYLE,Moyen,LEGACY_BANK
4179,125,97,MATHEMATICS,OFFICIAL_ARCHIVE,Difficile,LEGACY_BANK
4180,125,97,MATHEMATICS,REMEDIATION,Difficile,LEGACY_BANK
4181,125,97,MATHEMATICS,TRANSFER,Facile,LEGACY_BANK
4182,125,97,MATHEMATICS,AUTOMATISM,Moyen,LEGACY_BANK
4183,125,97,MATHEMATICS,OPEN_RESPONSE,Difficile,LEGACY_BANK
4184,125,97,MATHEMATICS,DIRECT_APPLICATION,Difficile,LEGACY_BANK
4185,125,97,MATHEMATICS,MULTI_STEP,Facile,LEGACY_BANK
4186,125,97,MATHEMATICS,PROBLEM_SOLVING,Moyen,LEGACY_BANK
4187,125,97,MATHEMATICS,DOCUMENT_ANALYSIS,Difficile,LEGACY_BANK
4188,125,97,MATHEMATICS,JUSTIFICATION,Difficile,LEGACY_BANK
4189,125,97,MATHEMATICS,REASONING,Facile,LEGACY_BANK
4190,125,97,MATHEMATICS,BREVET_STYLE,Moyen,LEGACY_BANK
4191,125,97,MATHEMATICS,OFFICIAL_ARCHIVE,Difficile,LEGACY_BANK
4142,125,97,MATHEMATICS,BREVET_STYLE,Moyen,LEGACY_BANK
4143,125,97,MATHEMATICS,OFFICIAL_ARCHIVE,Difficile,LEGACY_BANK
4144,125,97,MATHEMATICS,REMEDIATION,Difficile,LEGACY_BANK
4145,125,97,MATHEMATICS,TRANSFER,Facile,LEGACY_BANK
4146,125,97,MATHEMATICS,AUTOMATISM,Moyen,LEGACY_BANK
4147,125,97,MATHEMATICS,OPEN_RESPONSE,Difficile,LEGACY_BANK
4148,125,97,MATHEMATICS,DIRECT_APPLICATION,Difficile,LEGACY_BANK
4149,125,97,MATHEMATICS,MULTI_STEP,Facile,LEGACY_BANK
4150,125,97,MATHEMATICS,PROBLEM_SOLVING,Moyen,LEGACY_BANK
4151,125,97,MATHEMATICS,DOCUMENT_ANALYSIS,Difficile,LEGACY_BANK
4152,125,97,MATHEMATICS,JUSTIFICATION,Difficile,LEGACY_BANK
4153,125,97,MATHEMATICS,REASONING,Facile,LEGACY_BANK
4154,125,97,MATHEMATICS,BREVET_STYLE,Moyen,LEGACY_BANK
4155,125,97,MATHEMATICS,OFFICIAL_ARCHIVE,Difficile,LEGACY_BANK
4156,125,97,MATHEMATICS,REMEDIATION,Difficile,LEGACY_BANK
4157,125,97,MATHEMATICS,TRANSFER,Facile,LEGACY_BANK
4216,126,97,MATHEMATICS,OFFICIAL_ARCHIVE,Moyen,LEGACY_BANK
4217,126,97,MATHEMATICS,REMEDIATION,Difficile,LEGACY_BANK
4218,126,97,MATHEMATICS,TRANSFER,Difficile,LEGACY_BANK
4219,126,97,MATHEMATICS,AUTOMATISM,Facile,LEGACY_BANK
4220,126,97,MATHEMATICS,OPEN_RESPONSE,Moyen,LEGACY_BANK
4221,126,97,MATHEMATICS,DIRECT_APPLICATION,Difficile,LEGACY_BANK
4222,126,97,MATHEMATICS,MULTI_STEP,Difficile,LEGACY_BANK
4223,126,97,MATHEMATICS,PROBLEM_SOLVING,Facile,LEGACY_BANK
4224,126,97,MATHEMATICS,DOCUMENT_ANALYSIS,Moyen,LEGACY_BANK
4225,126,97,MATHEMATICS,JUSTIFICATION,Difficile,LEGACY_BANK
4226,126,97,MATHEMATICS,REASONING,Difficile,LEGACY_BANK
4227,126,97,MATHEMATICS,BREVET_STYLE,Facile,LEGACY_BANK
4228,126,97,MATHEMATICS,OFFICIAL_ARCHIVE,Moyen,LEGACY_BANK
4229,126,97,MATHEMATICS,REMEDIATION,Difficile,LEGACY_BANK
4230,126,97,MATHEMATICS,TRANSFER,Difficile,LEGACY_BANK
4231,126,97,MATHEMATICS,AUTOMATISM,Facile,LEGACY_BANK
4232,126,97,MATHEMATICS,OPEN_RESPONSE,Moyen,LEGACY_BANK
4233,126,97,MATHEMATICS,DIRECT_APPLICATION,Difficile,LEGACY_BANK
4234,126,97,MATHEMATICS,MULTI_STEP,Difficile,LEGACY_BANK
4235,126,97,MATHEMATICS,PROBLEM_SOLVING,Facile,LEGACY_BANK
4236,126,97,MATHEMATICS,DOCUMENT_ANALYSIS,Moyen,LEGACY_BANK
4237,126,97,MATHEMATICS,JUSTIFICATION,Difficile,LEGACY_BANK
4238,126,97,MATHEMATICS,REASONING,Difficile,LEGACY_BANK
4239,126,97,MATHEMATICS,BREVET_STYLE,Facile,LEGACY_BANK
4240,126,97,MATHEMATICS,OFFICIAL_ARCHIVE,Moyen,LEGACY_BANK
4241,126,97,MATHEMATICS,REMEDIATION,Difficile,LEGACY_BANK
4192,126,97,MATHEMATICS,OFFICIAL_ARCHIVE,Moyen,LEGACY_BANK
4193,126,97,MATHEMATICS,REMEDIATION,Difficile,LEGACY_BANK
4194,126,97,MATHEMATICS,TRANSFER,Difficile,LEGACY_BANK
4195,126,97,MATHEMATICS,AUTOMATISM,Facile,LEGACY_BANK
4196,126,97,MATHEMATICS,OPEN_RESPONSE,Moyen,LEGACY_BANK
4197,126,97,MATHEMATICS,DIRECT_APPLICATION,Difficile,LEGACY_BANK
4198,126,97,MATHEMATICS,MULTI_STEP,Difficile,LEGACY_BANK
4199,126,97,MATHEMATICS,PROBLEM_SOLVING,Facile,LEGACY_BANK
4200,126,97,MATHEMATICS,DOCUMENT_ANALYSIS,Moyen,LEGACY_BANK
4201,126,97,MATHEMATICS,JUSTIFICATION,Difficile,LEGACY_BANK
4202,126,97,MATHEMATICS,REASONING,Difficile,LEGACY_BANK
4203,126,97,MATHEMATICS,BREVET_STYLE,Facile,LEGACY_BANK
4204,126,97,MATHEMATICS,OFFICIAL_ARCHIVE,Moyen,LEGACY_BANK
4205,126,97,MATHEMATICS,REMEDIATION,Difficile,LEGACY_BANK
4206,126,97,MATHEMATICS,TRANSFER,Difficile,LEGACY_BANK
4207,126,97,MATHEMATICS,AUTOMATISM,Facile,LEGACY_BANK
4208,126,97,MATHEMATICS,OPEN_RESPONSE,Moyen,LEGACY_BANK
4209,126,97,MATHEMATICS,DIRECT_APPLICATION,Difficile,LEGACY_BANK
4210,126,97,MATHEMATICS,MULTI_STEP,Difficile,LEGACY_BANK
4211,126,97,MATHEMATICS,PROBLEM_SOLVING,Facile,LEGACY_BANK
4212,126,97,MATHEMATICS,DOCUMENT_ANALYSIS,Moyen,LEGACY_BANK
4213,126,97,MATHEMATICS,JUSTIFICATION,Difficile,LEGACY_BANK
4214,126,97,MATHEMATICS,REASONING,Difficile,LEGACY_BANK
4215,126,97,MATHEMATICS,BREVET_STYLE,Facile,LEGACY_BANK
4242,127,98,MATHEMATICS,REMEDIATION,Moyen,LEGACY_BANK
4243,127,98,MATHEMATICS,TRANSFER,Difficile,LEGACY_BANK
4244,127,98,MATHEMATICS,AUTOMATISM,Difficile,LEGACY_BANK
4245,127,98,MATHEMATICS,OPEN_RESPONSE,Facile,LEGACY_BANK
4246,127,98,MATHEMATICS,DIRECT_APPLICATION,Moyen,LEGACY_BANK
4247,127,98,MATHEMATICS,MULTI_STEP,Difficile,LEGACY_BANK
4248,127,98,MATHEMATICS,PROBLEM_SOLVING,Difficile,LEGACY_BANK
4249,127,98,MATHEMATICS,DOCUMENT_ANALYSIS,Facile,LEGACY_BANK
4250,127,98,MATHEMATICS,JUSTIFICATION,Moyen,LEGACY_BANK
4251,127,98,MATHEMATICS,REASONING,Difficile,LEGACY_BANK
4252,127,98,MATHEMATICS,BREVET_STYLE,Difficile,LEGACY_BANK
4253,127,98,MATHEMATICS,OFFICIAL_ARCHIVE,Facile,LEGACY_BANK
4254,128,98,MATHEMATICS,TRANSFER,Moyen,LEGACY_BANK
4255,128,98,MATHEMATICS,AUTOMATISM,Difficile,LEGACY_BANK
4256,128,98,MATHEMATICS,OPEN_RESPONSE,Difficile,LEGACY_BANK
4257,128,98,MATHEMATICS,DIRECT_APPLICATION,Facile,LEGACY_BANK
4258,128,98,MATHEMATICS,MULTI_STEP,Moyen,LEGACY_BANK
4259,128,98,MATHEMATICS,PROBLEM_SOLVING,Difficile,LEGACY_BANK
4260,128,98,MATHEMATICS,DOCUMENT_ANALYSIS,Difficile,LEGACY_BANK
4261,128,98,MATHEMATICS,JUSTIFICATION,Facile,LEGACY_BANK
4262,128,98,MATHEMATICS,REASONING,Moyen,LEGACY_BANK
4263,128,98,MATHEMATICS,BREVET_STYLE,Difficile,LEGACY_BANK
4264,128,98,MATHEMATICS,OFFICIAL_ARCHIVE,Difficile,LEGACY_BANK
4265,128,98,MATHEMATICS,REMEDIATION,Facile,LEGACY_BANK
4290,130,99,MATHEMATICS,DIRECT_APPLICATION,Difficile,LEGACY_BANK
4291,130,99,MATHEMATICS,PROBLEM_SOLVING,Facile,LEGACY_BANK
4292,130,99,MATHEMATICS,DOCUMENT_ANALYSIS,Moyen,LEGACY_BANK
4293,130,99,MATHEMATICS,JUSTIFICATION,Difficile,LEGACY_BANK
4294,130,99,MATHEMATICS,REASONING,Difficile,LEGACY_BANK
4295,130,99,MATHEMATICS,BREVET_STYLE,Facile,LEGACY_BANK
4296,130,99,MATHEMATICS,OFFICIAL_ARCHIVE,Moyen,LEGACY_BANK
4297,130,99,MATHEMATICS,REMEDIATION,Difficile,LEGACY_BANK
4298,130,99,MATHEMATICS,TRANSFER,Difficile,LEGACY_BANK
4299,130,99,MATHEMATICS,AUTOMATISM,Facile,LEGACY_BANK
4300,130,99,MATHEMATICS,OPEN_RESPONSE,Moyen,LEGACY_BANK
4301,130,99,MATHEMATICS,DIRECT_APPLICATION,Difficile,LEGACY_BANK
4302,130,99,MATHEMATICS,MULTI_STEP,Difficile,LEGACY_BANK
4303,130,99,MATHEMATICS,PROBLEM_SOLVING,Facile,LEGACY_BANK
4304,130,99,MATHEMATICS,DOCUMENT_ANALYSIS,Moyen,LEGACY_BANK
4305,130,99,MATHEMATICS,JUSTIFICATION,Difficile,LEGACY_BANK
4266,130,99,MATHEMATICS,OPEN_RESPONSE,Moyen,LEGACY_BANK
4267,130,99,MATHEMATICS,DIRECT_APPLICATION,Difficile,LEGACY_BANK
4268,130,99,MATHEMATICS,MULTI_STEP,Difficile,LEGACY_BANK
4269,130,99,MATHEMATICS,PROBLEM_SOLVING,Facile,LEGACY_BANK
4270,130,99,MATHEMATICS,DOCUMENT_ANALYSIS,Moyen,LEGACY_BANK
4271,130,99,MATHEMATICS,JUSTIFICATION,Difficile,LEGACY_BANK
4272,130,99,MATHEMATICS,REASONING,Difficile,LEGACY_BANK
4273,130,99,MATHEMATICS,BREVET_STYLE,Facile,LEGACY_BANK
4274,130,99,MATHEMATICS,OFFICIAL_ARCHIVE,Moyen,LEGACY_BANK
4275,130,99,MATHEMATICS,REMEDIATION,Difficile,LEGACY_BANK
4276,130,99,MATHEMATICS,TRANSFER,Difficile,LEGACY_BANK
4277,130,99,MATHEMATICS,AUTOMATISM,Facile,LEGACY_BANK
4278,130,99,MATHEMATICS,OPEN_RESPONSE,Moyen,LEGACY_BANK
4279,130,99,MATHEMATICS,DIRECT_APPLICATION,Difficile,LEGACY_BANK
4280,130,99,MATHEMATICS,MULTI_STEP,Difficile,LEGACY_BANK
4281,130,99,MATHEMATICS,PROBLEM_SOLVING,Facile,LEGACY_BANK
4282,130,99,MATHEMATICS,DOCUMENT_ANALYSIS,Moyen,LEGACY_BANK
4283,130,99,MATHEMATICS,REASONING,Difficile,LEGACY_BANK
4284,130,99,MATHEMATICS,BREVET_STYLE,Facile,LEGACY_BANK
4285,130,99,MATHEMATICS,OFFICIAL_ARCHIVE,Moyen,LEGACY_BANK
4286,130,99,MATHEMATICS,REMEDIATION,Difficile,LEGACY_BANK
4287,130,99,MATHEMATICS,TRANSFER,Difficile,LEGACY_BANK
4288,130,99,MATHEMATICS,AUTOMATISM,Facile,LEGACY_BANK
4289,130,99,MATHEMATICS,OPEN_RESPONSE,Moyen,LEGACY_BANK
4306,131,100,MATHEMATICS,DIRECT_APPLICATION,Moyen,LEGACY_BANK
4307,131,100,MATHEMATICS,MULTI_STEP,Difficile,LEGACY_BANK
4308,131,100,MATHEMATICS,PROBLEM_SOLVING,Difficile,LEGACY_BANK
4309,131,100,MATHEMATICS,DOCUMENT_ANALYSIS,Facile,LEGACY_BANK
4310,131,100,MATHEMATICS,JUSTIFICATION,Moyen,LEGACY_BANK
4311,131,100,MATHEMATICS,REASONING,Difficile,LEGACY_BANK
4312,131,100,MATHEMATICS,BREVET_STYLE,Difficile,LEGACY_BANK
4313,131,100,MATHEMATICS,OFFICIAL_ARCHIVE,Facile,LEGACY_BANK
4314,131,100,MATHEMATICS,REMEDIATION,Moyen,LEGACY_BANK
4315,131,100,MATHEMATICS,TRANSFER,Difficile,LEGACY_BANK
4340,132,100,MATHEMATICS,MULTI_STEP,Moyen,LEGACY_BANK
4341,132,100,MATHEMATICS,PROBLEM_SOLVING,Difficile,LEGACY_BANK
4342,132,100,MATHEMATICS,DOCUMENT_ANALYSIS,Difficile,LEGACY_BANK
4343,132,100,MATHEMATICS,JUSTIFICATION,Facile,LEGACY_BANK
4344,132,100,MATHEMATICS,REASONING,Moyen,LEGACY_BANK
4345,132,100,MATHEMATICS,BREVET_STYLE,Difficile,LEGACY_BANK
4346,132,100,MATHEMATICS,OFFICIAL_ARCHIVE,Difficile,LEGACY_BANK
4347,132,100,MATHEMATICS,REMEDIATION,Facile,LEGACY_BANK
4348,132,100,MATHEMATICS,TRANSFER,Moyen,LEGACY_BANK
4349,132,100,MATHEMATICS,AUTOMATISM,Difficile,LEGACY_BANK
4350,132,100,MATHEMATICS,OPEN_RESPONSE,Difficile,LEGACY_BANK
4351,132,100,MATHEMATICS,DIRECT_APPLICATION,Facile,LEGACY_BANK
4352,132,100,MATHEMATICS,PROBLEM_SOLVING,Difficile,LEGACY_BANK
4353,132,100,MATHEMATICS,DOCUMENT_ANALYSIS,Difficile,LEGACY_BANK
4354,132,100,MATHEMATICS,JUSTIFICATION,Facile,LEGACY_BANK
4355,132,100,MATHEMATICS,REASONING,Moyen,LEGACY_BANK
4316,132,100,MATHEMATICS,MULTI_STEP,Moyen,LEGACY_BANK
4317,132,100,MATHEMATICS,PROBLEM_SOLVING,Difficile,LEGACY_BANK
4318,132,100,MATHEMATICS,DOCUMENT_ANALYSIS,Difficile,LEGACY_BANK
4319,132,100,MATHEMATICS,JUSTIFICATION,Facile,LEGACY_BANK
4320,132,100,MATHEMATICS,REASONING,Moyen,LEGACY_BANK
4321,132,100,MATHEMATICS,BREVET_STYLE,Difficile,LEGACY_BANK
4322,132,100,MATHEMATICS,OFFICIAL_ARCHIVE,Difficile,LEGACY_BANK
4323,132,100,MATHEMATICS,REMEDIATION,Facile,LEGACY_BANK
4324,132,100,MATHEMATICS,TRANSFER,Moyen,LEGACY_BANK
4325,132,100,MATHEMATICS,AUTOMATISM,Difficile,LEGACY_BANK
4326,132,100,MATHEMATICS,OPEN_RESPONSE,Difficile,LEGACY_BANK
4327,132,100,MATHEMATICS,DIRECT_APPLICATION,Facile,LEGACY_BANK
4328,132,100,MATHEMATICS,MULTI_STEP,Moyen,LEGACY_BANK
4329,132,100,MATHEMATICS,PROBLEM_SOLVING,Difficile,LEGACY_BANK
4330,132,100,MATHEMATICS,DOCUMENT_ANALYSIS,Difficile,LEGACY_BANK
4331,132,100,MATHEMATICS,JUSTIFICATION,Facile,LEGACY_BANK
4332,132,100,MATHEMATICS,REASONING,Moyen,LEGACY_BANK
4333,132,100,MATHEMATICS,BREVET_STYLE,Difficile,LEGACY_BANK
4334,132,100,MATHEMATICS,OFFICIAL_ARCHIVE,Difficile,LEGACY_BANK
4335,132,100,MATHEMATICS,REMEDIATION,Facile,LEGACY_BANK
4336,132,100,MATHEMATICS,TRANSFER,Moyen,LEGACY_BANK
4337,132,100,MATHEMATICS,AUTOMATISM,Difficile,LEGACY_BANK
4338,132,100,MATHEMATICS,OPEN_RESPONSE,Difficile,LEGACY_BANK
4339,132,100,MATHEMATICS,DIRECT_APPLICATION,Facile,LEGACY_BANK
4356,133,101,MATHEMATICS,PROBLEM_SOLVING,Moyen,LEGACY_BANK
4357,133,101,MATHEMATICS,DOCUMENT_ANALYSIS,Difficile,LEGACY_BANK
4358,133,101,MATHEMATICS,JUSTIFICATION,Difficile,LEGACY_BANK
4359,133,101,MATHEMATICS,REASONING,Facile,LEGACY_BANK
4360,133,101,MATHEMATICS,BREVET_STYLE,Moyen,LEGACY_BANK
4361,133,101,MATHEMATICS,OFFICIAL_ARCHIVE,Difficile,LEGACY_BANK
4362,133,101,MATHEMATICS,REMEDIATION,Difficile,LEGACY_BANK
4363,133,101,MATHEMATICS,TRANSFER,Facile,LEGACY_BANK
4364,133,101,MATHEMATICS,AUTOMATISM,Moyen,LEGACY_BANK
4365,133,101,MATHEMATICS,OPEN_RESPONSE,Difficile,LEGACY_BANK
4390,134,101,MATHEMATICS,DOCUMENT_ANALYSIS,Moyen,LEGACY_BANK
4391,134,101,MATHEMATICS,JUSTIFICATION,Difficile,LEGACY_BANK
4392,134,101,MATHEMATICS,REASONING,Difficile,LEGACY_BANK
4393,134,101,MATHEMATICS,BREVET_STYLE,Facile,LEGACY_BANK
4394,134,101,MATHEMATICS,OFFICIAL_ARCHIVE,Moyen,LEGACY_BANK
4395,134,101,MATHEMATICS,REMEDIATION,Difficile,LEGACY_BANK
4396,134,101,MATHEMATICS,TRANSFER,Difficile,LEGACY_BANK
4397,134,101,MATHEMATICS,AUTOMATISM,Facile,LEGACY_BANK
4398,134,101,MATHEMATICS,OPEN_RESPONSE,Moyen,LEGACY_BANK
4399,134,101,MATHEMATICS,DIRECT_APPLICATION,Difficile,LEGACY_BANK
4400,134,101,MATHEMATICS,MULTI_STEP,Difficile,LEGACY_BANK
4401,134,101,MATHEMATICS,PROBLEM_SOLVING,Facile,LEGACY_BANK
4402,134,101,MATHEMATICS,DOCUMENT_ANALYSIS,Moyen,LEGACY_BANK
4403,134,101,MATHEMATICS,JUSTIFICATION,Difficile,LEGACY_BANK
4404,134,101,MATHEMATICS,REASONING,Difficile,LEGACY_BANK
4405,134,101,MATHEMATICS,BREVET_STYLE,Facile,LEGACY_BANK
4366,134,101,MATHEMATICS,DOCUMENT_ANALYSIS,Moyen,LEGACY_BANK
4367,134,101,MATHEMATICS,JUSTIFICATION,Difficile,LEGACY_BANK
4368,134,101,MATHEMATICS,REASONING,Difficile,LEGACY_BANK
4369,134,101,MATHEMATICS,BREVET_STYLE,Facile,LEGACY_BANK
4370,134,101,MATHEMATICS,OFFICIAL_ARCHIVE,Moyen,LEGACY_BANK
4371,134,101,MATHEMATICS,REMEDIATION,Difficile,LEGACY_BANK
4372,134,101,MATHEMATICS,TRANSFER,Difficile,LEGACY_BANK
4373,134,101,MATHEMATICS,AUTOMATISM,Facile,LEGACY_BANK
4374,134,101,MATHEMATICS,OPEN_RESPONSE,Moyen,LEGACY_BANK
4375,134,101,MATHEMATICS,DIRECT_APPLICATION,Difficile,LEGACY_BANK
4376,134,101,MATHEMATICS,MULTI_STEP,Difficile,LEGACY_BANK
4377,134,101,MATHEMATICS,PROBLEM_SOLVING,Facile,LEGACY_BANK
4378,134,101,MATHEMATICS,DOCUMENT_ANALYSIS,Moyen,LEGACY_BANK
4379,134,101,MATHEMATICS,JUSTIFICATION,Difficile,LEGACY_BANK
4380,134,101,MATHEMATICS,REASONING,Difficile,LEGACY_BANK
4381,134,101,MATHEMATICS,BREVET_STYLE,Facile,LEGACY_BANK
4382,134,101,MATHEMATICS,OFFICIAL_ARCHIVE,Moyen,LEGACY_BANK
4383,134,101,MATHEMATICS,REMEDIATION,Difficile,LEGACY_BANK
4384,134,101,MATHEMATICS,TRANSFER,Difficile,LEGACY_BANK
4385,134,101,MATHEMATICS,AUTOMATISM,Facile,LEGACY_BANK
4386,134,101,MATHEMATICS,OPEN_RESPONSE,Moyen,LEGACY_BANK
4387,134,101,MATHEMATICS,DIRECT_APPLICATION,Difficile,LEGACY_BANK
4388,134,101,MATHEMATICS,MULTI_STEP,Difficile,LEGACY_BANK
4389,134,101,MATHEMATICS,PROBLEM_SOLVING,Facile,LEGACY_BANK
4422,135,101,MATHEMATICS,REMEDIATION,Moyen,LEGACY_BANK
4423,135,101,MATHEMATICS,TRANSFER,Difficile,LEGACY_BANK
4424,135,101,MATHEMATICS,AUTOMATISM,Difficile,LEGACY_BANK
4425,135,101,MATHEMATICS,OPEN_RESPONSE,Facile,LEGACY_BANK
4426,135,101,MATHEMATICS,DIRECT_APPLICATION,Moyen,LEGACY_BANK
4427,135,101,MATHEMATICS,MULTI_STEP,Difficile,LEGACY_BANK
4428,135,101,MATHEMATICS,PROBLEM_SOLVING,Difficile,LEGACY_BANK
4429,135,101,MATHEMATICS,DOCUMENT_ANALYSIS,Facile,LEGACY_BANK
4430,135,101,MATHEMATICS,JUSTIFICATION,Moyen,LEGACY_BANK
4431,135,101,MATHEMATICS,REASONING,Difficile,LEGACY_BANK
4432,135,101,MATHEMATICS,BREVET_STYLE,Difficile,LEGACY_BANK
4433,135,101,MATHEMATICS,OFFICIAL_ARCHIVE,Facile,LEGACY_BANK
4434,135,101,MATHEMATICS,REMEDIATION,Moyen,LEGACY_BANK
4435,135,101,MATHEMATICS,TRANSFER,Difficile,LEGACY_BANK
4436,135,101,MATHEMATICS,AUTOMATISM,Difficile,LEGACY_BANK
4437,135,101,MATHEMATICS,OPEN_RESPONSE,Facile,LEGACY_BANK
4438,135,101,MATHEMATICS,DIRECT_APPLICATION,Moyen,LEGACY_BANK
4439,135,101,MATHEMATICS,MULTI_STEP,Difficile,LEGACY_BANK
4440,135,101,MATHEMATICS,PROBLEM_SOLVING,Difficile,LEGACY_BANK
4441,135,101,MATHEMATICS,DOCUMENT_ANALYSIS,Facile,LEGACY_BANK
4442,135,101,MATHEMATICS,JUSTIFICATION,Moyen,LEGACY_BANK
4443,135,101,MATHEMATICS,REASONING,Difficile,LEGACY_BANK
4444,135,101,MATHEMATICS,BREVET_STYLE,Difficile,LEGACY_BANK
4445,135,101,MATHEMATICS,OFFICIAL_ARCHIVE,Facile,LEGACY_BANK
4406,135,101,MATHEMATICS,JUSTIFICATION,Moyen,LEGACY_BANK
4407,135,101,MATHEMATICS,REASONING,Difficile,LEGACY_BANK
4408,135,101,MATHEMATICS,BREVET_STYLE,Difficile,LEGACY_BANK
4409,135,101,MATHEMATICS,OFFICIAL_ARCHIVE,Facile,LEGACY_BANK
4410,135,101,MATHEMATICS,REMEDIATION,Moyen,LEGACY_BANK
4411,135,101,MATHEMATICS,TRANSFER,Difficile,LEGACY_BANK
4412,135,101,MATHEMATICS,AUTOMATISM,Difficile,LEGACY_BANK
4413,135,101,MATHEMATICS,OPEN_RESPONSE,Facile,LEGACY_BANK
4414,135,101,MATHEMATICS,DIRECT_APPLICATION,Moyen,LEGACY_BANK
4415,135,101,MATHEMATICS,MULTI_STEP,Difficile,LEGACY_BANK
4416,135,101,MATHEMATICS,PROBLEM_SOLVING,Difficile,LEGACY_BANK
4417,135,101,MATHEMATICS,DOCUMENT_ANALYSIS,Facile,LEGACY_BANK
4418,135,101,MATHEMATICS,JUSTIFICATION,Moyen,LEGACY_BANK
4419,135,101,MATHEMATICS,REASONING,Difficile,LEGACY_BANK
4420,135,101,MATHEMATICS,BREVET_STYLE,Difficile,LEGACY_BANK
4421,135,101,MATHEMATICS,OFFICIAL_ARCHIVE,Facile,LEGACY_BANK
4446,136,102,MATHEMATICS,REASONING,Moyen,LEGACY_BANK
4447,136,102,MATHEMATICS,BREVET_STYLE,Difficile,LEGACY_BANK
4448,136,102,MATHEMATICS,OFFICIAL_ARCHIVE,Difficile,LEGACY_BANK
4449,136,102,MATHEMATICS,REMEDIATION,Facile,LEGACY_BANK
4450,136,102,MATHEMATICS,TRANSFER,Moyen,LEGACY_BANK
4451,136,102,MATHEMATICS,AUTOMATISM,Difficile,LEGACY_BANK
4452,136,102,MATHEMATICS,OPEN_RESPONSE,Difficile,LEGACY_BANK
4453,136,102,MATHEMATICS,DIRECT_APPLICATION,Facile,LEGACY_BANK
4454,136,102,MATHEMATICS,MULTI_STEP,Moyen,LEGACY_BANK
4455,136,102,MATHEMATICS,PROBLEM_SOLVING,Difficile,LEGACY_BANK
4480,137,102,MATHEMATICS,BREVET_STYLE,Moyen,LEGACY_BANK
4481,137,102,MATHEMATICS,OFFICIAL_ARCHIVE,Difficile,LEGACY_BANK
4482,137,102,MATHEMATICS,REMEDIATION,Difficile,LEGACY_BANK
4483,137,102,MATHEMATICS,TRANSFER,Facile,LEGACY_BANK
4484,137,102,MATHEMATICS,AUTOMATISM,Moyen,LEGACY_BANK
4485,137,102,MATHEMATICS,OPEN_RESPONSE,Difficile,LEGACY_BANK
4486,137,102,MATHEMATICS,DIRECT_APPLICATION,Difficile,LEGACY_BANK
4487,137,102,MATHEMATICS,MULTI_STEP,Facile,LEGACY_BANK
4488,137,102,MATHEMATICS,PROBLEM_SOLVING,Moyen,LEGACY_BANK
4489,137,102,MATHEMATICS,DOCUMENT_ANALYSIS,Difficile,LEGACY_BANK
4490,137,102,MATHEMATICS,JUSTIFICATION,Difficile,LEGACY_BANK
4491,137,102,MATHEMATICS,BREVET_STYLE,Moyen,LEGACY_BANK
4492,137,102,MATHEMATICS,REMEDIATION,Difficile,LEGACY_BANK
4493,137,102,MATHEMATICS,TRANSFER,Facile,LEGACY_BANK
4494,137,102,MATHEMATICS,AUTOMATISM,Moyen,LEGACY_BANK
4495,137,102,MATHEMATICS,OPEN_RESPONSE,Difficile,LEGACY_BANK
4456,137,102,MATHEMATICS,BREVET_STYLE,Moyen,LEGACY_BANK
4457,137,102,MATHEMATICS,OFFICIAL_ARCHIVE,Difficile,LEGACY_BANK
4458,137,102,MATHEMATICS,REMEDIATION,Difficile,LEGACY_BANK
4459,137,102,MATHEMATICS,TRANSFER,Facile,LEGACY_BANK
4460,137,102,MATHEMATICS,AUTOMATISM,Moyen,LEGACY_BANK
4461,137,102,MATHEMATICS,OPEN_RESPONSE,Difficile,LEGACY_BANK
4462,137,102,MATHEMATICS,DIRECT_APPLICATION,Difficile,LEGACY_BANK
4463,137,102,MATHEMATICS,MULTI_STEP,Facile,LEGACY_BANK
4464,137,102,MATHEMATICS,PROBLEM_SOLVING,Moyen,LEGACY_BANK
4465,137,102,MATHEMATICS,DOCUMENT_ANALYSIS,Difficile,LEGACY_BANK
4466,137,102,MATHEMATICS,JUSTIFICATION,Difficile,LEGACY_BANK
4467,137,102,MATHEMATICS,REASONING,Facile,LEGACY_BANK
4468,137,102,MATHEMATICS,BREVET_STYLE,Moyen,LEGACY_BANK
4469,137,102,MATHEMATICS,OFFICIAL_ARCHIVE,Difficile,LEGACY_BANK
4470,137,102,MATHEMATICS,REMEDIATION,Difficile,LEGACY_BANK
4471,137,102,MATHEMATICS,TRANSFER,Facile,LEGACY_BANK
4472,137,102,MATHEMATICS,AUTOMATISM,Moyen,LEGACY_BANK
4473,137,102,MATHEMATICS,OPEN_RESPONSE,Difficile,LEGACY_BANK
4474,137,102,MATHEMATICS,DIRECT_APPLICATION,Difficile,LEGACY_BANK
4475,137,102,MATHEMATICS,MULTI_STEP,Facile,LEGACY_BANK
4476,137,102,MATHEMATICS,PROBLEM_SOLVING,Moyen,LEGACY_BANK
4477,137,102,MATHEMATICS,DOCUMENT_ANALYSIS,Difficile,LEGACY_BANK
4478,137,102,MATHEMATICS,JUSTIFICATION,Difficile,LEGACY_BANK
4479,137,102,MATHEMATICS,REASONING,Facile,LEGACY_BANK
4496,138,103,MATHEMATICS,OFFICIAL_ARCHIVE,Moyen,LEGACY_BANK
4497,138,103,MATHEMATICS,REMEDIATION,Difficile,LEGACY_BANK
4498,138,103,MATHEMATICS,TRANSFER,Difficile,LEGACY_BANK
4499,138,103,MATHEMATICS,AUTOMATISM,Facile,LEGACY_BANK
4500,138,103,MATHEMATICS,OPEN_RESPONSE,Moyen,LEGACY_BANK
4501,138,103,MATHEMATICS,DIRECT_APPLICATION,Difficile,LEGACY_BANK
4502,138,103,MATHEMATICS,MULTI_STEP,Difficile,LEGACY_BANK
4503,138,103,MATHEMATICS,PROBLEM_SOLVING,Facile,LEGACY_BANK
4504,138,103,MATHEMATICS,DOCUMENT_ANALYSIS,Moyen,LEGACY_BANK
4505,138,103,MATHEMATICS,JUSTIFICATION,Difficile,LEGACY_BANK
4506,138,103,MATHEMATICS,REASONING,Difficile,LEGACY_BANK
4507,138,103,MATHEMATICS,BREVET_STYLE,Facile,LEGACY_BANK
4508,139,103,MATHEMATICS,REMEDIATION,Moyen,LEGACY_BANK
4509,139,103,MATHEMATICS,TRANSFER,Difficile,LEGACY_BANK
4510,139,103,MATHEMATICS,AUTOMATISM,Difficile,LEGACY_BANK
4511,139,103,MATHEMATICS,OPEN_RESPONSE,Facile,LEGACY_BANK
4512,139,103,MATHEMATICS,DIRECT_APPLICATION,Moyen,LEGACY_BANK
4513,139,103,MATHEMATICS,MULTI_STEP,Difficile,LEGACY_BANK
4514,139,103,MATHEMATICS,PROBLEM_SOLVING,Difficile,LEGACY_BANK
4515,139,103,MATHEMATICS,DOCUMENT_ANALYSIS,Facile,LEGACY_BANK
4516,139,103,MATHEMATICS,JUSTIFICATION,Moyen,LEGACY_BANK
4517,139,103,MATHEMATICS,REASONING,Difficile,LEGACY_BANK
4518,139,103,MATHEMATICS,BREVET_STYLE,Difficile,LEGACY_BANK
4519,139,103,MATHEMATICS,OFFICIAL_ARCHIVE,Facile,LEGACY_BANK
4520,140,103,MATHEMATICS,TRANSFER,Moyen,LEGACY_BANK
4521,140,103,MATHEMATICS,AUTOMATISM,Difficile,LEGACY_BANK
4522,140,103,MATHEMATICS,OPEN_RESPONSE,Difficile,LEGACY_BANK
4523,140,103,MATHEMATICS,DIRECT_APPLICATION,Facile,LEGACY_BANK
4524,140,103,MATHEMATICS,MULTI_STEP,Moyen,LEGACY_BANK
4525,140,103,MATHEMATICS,PROBLEM_SOLVING,Difficile,LEGACY_BANK
4526,140,103,MATHEMATICS,DOCUMENT_ANALYSIS,Difficile,LEGACY_BANK
4527,140,103,MATHEMATICS,JUSTIFICATION,Facile,LEGACY_BANK
4528,140,103,MATHEMATICS,REASONING,Moyen,LEGACY_BANK
4529,140,103,MATHEMATICS,BREVET_STYLE,Difficile,LEGACY_BANK
4530,140,103,MATHEMATICS,OFFICIAL_ARCHIVE,Difficile,LEGACY_BANK
4531,140,103,MATHEMATICS,REMEDIATION,Facile,LEGACY_BANK
4532,141,104,MATHEMATICS,AUTOMATISM,Moyen,LEGACY_BANK
4533,141,104,MATHEMATICS,OPEN_RESPONSE,Difficile,LEGACY_BANK
4534,141,104,MATHEMATICS,DIRECT_APPLICATION,Difficile,LEGACY_BANK
4535,141,104,MATHEMATICS,MULTI_STEP,Facile,LEGACY_BANK
4536,141,104,MATHEMATICS,PROBLEM_SOLVING,Moyen,LEGACY_BANK
4537,141,104,MATHEMATICS,DOCUMENT_ANALYSIS,Difficile,LEGACY_BANK
4538,141,104,MATHEMATICS,JUSTIFICATION,Difficile,LEGACY_BANK
4539,141,104,MATHEMATICS,REASONING,Facile,LEGACY_BANK
4540,141,104,MATHEMATICS,BREVET_STYLE,Moyen,LEGACY_BANK
4541,141,104,MATHEMATICS,OFFICIAL_ARCHIVE,Difficile,LEGACY_BANK
4542,142,104,MATHEMATICS,OPEN_RESPONSE,Moyen,LEGACY_BANK
4543,142,104,MATHEMATICS,DIRECT_APPLICATION,Difficile,LEGACY_BANK
4544,142,104,MATHEMATICS,MULTI_STEP,Difficile,LEGACY_BANK
4545,142,104,MATHEMATICS,PROBLEM_SOLVING,Facile,LEGACY_BANK
4546,142,104,MATHEMATICS,DOCUMENT_ANALYSIS,Moyen,LEGACY_BANK
4547,142,104,MATHEMATICS,JUSTIFICATION,Difficile,LEGACY_BANK
4548,142,104,MATHEMATICS,REASONING,Difficile,LEGACY_BANK
4549,142,104,MATHEMATICS,BREVET_STYLE,Facile,LEGACY_BANK
4550,142,104,MATHEMATICS,OFFICIAL_ARCHIVE,Moyen,LEGACY_BANK
4551,142,104,MATHEMATICS,REMEDIATION,Difficile,LEGACY_BANK
4552,142,104,MATHEMATICS,TRANSFER,Difficile,LEGACY_BANK
4553,142,104,MATHEMATICS,AUTOMATISM,Facile,LEGACY_BANK
4554,143,104,MATHEMATICS,DIRECT_APPLICATION,Moyen,LEGACY_BANK
4555,143,104,MATHEMATICS,MULTI_STEP,Difficile,LEGACY_BANK
4556,143,104,MATHEMATICS,PROBLEM_SOLVING,Difficile,LEGACY_BANK
4557,143,104,MATHEMATICS,DOCUMENT_ANALYSIS,Facile,LEGACY_BANK
4558,143,104,MATHEMATICS,JUSTIFICATION,Moyen,LEGACY_BANK
4559,143,104,MATHEMATICS,REASONING,Difficile,LEGACY_BANK
4560,143,104,MATHEMATICS,BREVET_STYLE,Difficile,LEGACY_BANK
4561,143,104,MATHEMATICS,OFFICIAL_ARCHIVE,Facile,LEGACY_BANK
4562,143,104,MATHEMATICS,REMEDIATION,Moyen,LEGACY_BANK
4563,143,104,MATHEMATICS,TRANSFER,Difficile,LEGACY_BANK
4564,143,104,MATHEMATICS,AUTOMATISM,Difficile,LEGACY_BANK
4565,143,104,MATHEMATICS,OPEN_RESPONSE,Facile,LEGACY_BANK
4570,144,105,MATHEMATICS,REASONING,Moyen,LEGACY_BANK
4571,144,105,MATHEMATICS,BREVET_STYLE,Difficile,LEGACY_BANK
4572,144,105,MATHEMATICS,OFFICIAL_ARCHIVE,Difficile,LEGACY_BANK
4573,144,105,MATHEMATICS,REMEDIATION,Facile,LEGACY_BANK
4574,144,105,MATHEMATICS,TRANSFER,Moyen,LEGACY_BANK
4575,144,105,MATHEMATICS,AUTOMATISM,Difficile,LEGACY_BANK
4566,144,105,MATHEMATICS,MULTI_STEP,Moyen,LEGACY_BANK
4567,144,105,MATHEMATICS,PROBLEM_SOLVING,Difficile,LEGACY_BANK
4568,144,105,MATHEMATICS,DOCUMENT_ANALYSIS,Difficile,LEGACY_BANK
4569,144,105,MATHEMATICS,JUSTIFICATION,Facile,LEGACY_BANK
4576,145,105,MATHEMATICS,PROBLEM_SOLVING,Moyen,LEGACY_BANK
4577,145,105,MATHEMATICS,DOCUMENT_ANALYSIS,Difficile,LEGACY_BANK
4578,145,105,MATHEMATICS,JUSTIFICATION,Difficile,LEGACY_BANK
4579,145,105,MATHEMATICS,REASONING,Facile,LEGACY_BANK
4580,145,105,MATHEMATICS,BREVET_STYLE,Moyen,LEGACY_BANK
4581,145,105,MATHEMATICS,OFFICIAL_ARCHIVE,Difficile,LEGACY_BANK
4582,145,105,MATHEMATICS,REMEDIATION,Difficile,LEGACY_BANK
4583,145,105,MATHEMATICS,TRANSFER,Facile,LEGACY_BANK
4584,145,105,MATHEMATICS,AUTOMATISM,Moyen,LEGACY_BANK
4585,145,105,MATHEMATICS,OPEN_RESPONSE,Difficile,LEGACY_BANK
4586,145,105,MATHEMATICS,DIRECT_APPLICATION,Difficile,LEGACY_BANK
4587,145,105,MATHEMATICS,MULTI_STEP,Facile,LEGACY_BANK
4588,146,106,MATHEMATICS,DOCUMENT_ANALYSIS,Moyen,LEGACY_BANK
4589,146,106,MATHEMATICS,JUSTIFICATION,Difficile,LEGACY_BANK
4590,146,106,MATHEMATICS,REASONING,Difficile,LEGACY_BANK
4591,146,106,MATHEMATICS,BREVET_STYLE,Facile,LEGACY_BANK
4592,146,106,MATHEMATICS,OFFICIAL_ARCHIVE,Moyen,LEGACY_BANK
4593,146,106,MATHEMATICS,REMEDIATION,Difficile,LEGACY_BANK
4594,146,106,MATHEMATICS,TRANSFER,Difficile,LEGACY_BANK
4595,146,106,MATHEMATICS,AUTOMATISM,Facile,LEGACY_BANK
4596,146,106,MATHEMATICS,OPEN_RESPONSE,Moyen,LEGACY_BANK
4597,146,106,MATHEMATICS,DIRECT_APPLICATION,Difficile,LEGACY_BANK
4598,146,106,MATHEMATICS,MULTI_STEP,Difficile,LEGACY_BANK
4599,146,106,MATHEMATICS,PROBLEM_SOLVING,Facile,LEGACY_BANK
4600,146,106,MATHEMATICS,DOCUMENT_ANALYSIS,Moyen,LEGACY_BANK
4601,146,106,MATHEMATICS,JUSTIFICATION,Difficile,LEGACY_BANK
4602,146,106,MATHEMATICS,REASONING,Difficile,LEGACY_BANK
4603,146,106,MATHEMATICS,BREVET_STYLE,Facile,LEGACY_BANK
4604,146,106,MATHEMATICS,OFFICIAL_ARCHIVE,Moyen,LEGACY_BANK
4605,146,106,MATHEMATICS,REMEDIATION,Difficile,LEGACY_BANK
4606,146,106,MATHEMATICS,TRANSFER,Difficile,LEGACY_BANK
4607,146,106,MATHEMATICS,AUTOMATISM,Facile,LEGACY_BANK
4632,147,106,MATHEMATICS,JUSTIFICATION,Moyen,LEGACY_BANK
4633,147,106,MATHEMATICS,REASONING,Difficile,LEGACY_BANK
4634,147,106,MATHEMATICS,BREVET_STYLE,Difficile,LEGACY_BANK
4635,147,106,MATHEMATICS,OFFICIAL_ARCHIVE,Facile,LEGACY_BANK
4636,147,106,MATHEMATICS,REMEDIATION,Moyen,LEGACY_BANK
4637,147,106,MATHEMATICS,TRANSFER,Difficile,LEGACY_BANK
4638,147,106,MATHEMATICS,AUTOMATISM,Difficile,LEGACY_BANK
4639,147,106,MATHEMATICS,OPEN_RESPONSE,Facile,LEGACY_BANK
4640,147,106,MATHEMATICS,DIRECT_APPLICATION,Moyen,LEGACY_BANK
4641,147,106,MATHEMATICS,MULTI_STEP,Difficile,LEGACY_BANK
4642,147,106,MATHEMATICS,PROBLEM_SOLVING,Difficile,LEGACY_BANK
4643,147,106,MATHEMATICS,DOCUMENT_ANALYSIS,Facile,LEGACY_BANK
4644,147,106,MATHEMATICS,JUSTIFICATION,Moyen,LEGACY_BANK
4645,147,106,MATHEMATICS,REASONING,Difficile,LEGACY_BANK
4646,147,106,MATHEMATICS,BREVET_STYLE,Difficile,LEGACY_BANK
4647,147,106,MATHEMATICS,OFFICIAL_ARCHIVE,Facile,LEGACY_BANK
4608,147,106,MATHEMATICS,JUSTIFICATION,Moyen,LEGACY_BANK
4609,147,106,MATHEMATICS,REASONING,Difficile,LEGACY_BANK
4610,147,106,MATHEMATICS,BREVET_STYLE,Difficile,LEGACY_BANK
4611,147,106,MATHEMATICS,OFFICIAL_ARCHIVE,Facile,LEGACY_BANK
4612,147,106,MATHEMATICS,REMEDIATION,Moyen,LEGACY_BANK
4613,147,106,MATHEMATICS,TRANSFER,Difficile,LEGACY_BANK
4614,147,106,MATHEMATICS,AUTOMATISM,Difficile,LEGACY_BANK
4615,147,106,MATHEMATICS,OPEN_RESPONSE,Facile,LEGACY_BANK
4616,147,106,MATHEMATICS,DIRECT_APPLICATION,Moyen,LEGACY_BANK
4617,147,106,MATHEMATICS,MULTI_STEP,Difficile,LEGACY_BANK
4618,147,106,MATHEMATICS,PROBLEM_SOLVING,Difficile,LEGACY_BANK
4619,147,106,MATHEMATICS,DOCUMENT_ANALYSIS,Facile,LEGACY_BANK
4620,147,106,MATHEMATICS,JUSTIFICATION,Moyen,LEGACY_BANK
4621,147,106,MATHEMATICS,REASONING,Difficile,LEGACY_BANK
4622,147,106,MATHEMATICS,BREVET_STYLE,Difficile,LEGACY_BANK
4623,147,106,MATHEMATICS,OFFICIAL_ARCHIVE,Facile,LEGACY_BANK
4624,147,106,MATHEMATICS,REMEDIATION,Moyen,LEGACY_BANK
4625,147,106,MATHEMATICS,TRANSFER,Difficile,LEGACY_BANK
4626,147,106,MATHEMATICS,AUTOMATISM,Difficile,LEGACY_BANK
4627,147,106,MATHEMATICS,OPEN_RESPONSE,Facile,LEGACY_BANK
4628,147,106,MATHEMATICS,DIRECT_APPLICATION,Moyen,LEGACY_BANK
4629,147,106,MATHEMATICS,MULTI_STEP,Difficile,LEGACY_BANK
4630,147,106,MATHEMATICS,PROBLEM_SOLVING,Difficile,LEGACY_BANK
4631,147,106,MATHEMATICS,DOCUMENT_ANALYSIS,Facile,LEGACY_BANK
4648,148,107,MATHEMATICS,REASONING,Moyen,LEGACY_BANK
4649,148,107,MATHEMATICS,BREVET_STYLE,Difficile,LEGACY_BANK
4650,148,107,MATHEMATICS,OFFICIAL_ARCHIVE,Difficile,LEGACY_BANK
4651,148,107,MATHEMATICS,REMEDIATION,Facile,LEGACY_BANK
4652,148,107,MATHEMATICS,TRANSFER,Moyen,LEGACY_BANK
4653,148,107,MATHEMATICS,AUTOMATISM,Difficile,LEGACY_BANK
4654,148,107,MATHEMATICS,OPEN_RESPONSE,Difficile,LEGACY_BANK
4655,148,107,MATHEMATICS,DIRECT_APPLICATION,Facile,LEGACY_BANK
4656,148,107,MATHEMATICS,MULTI_STEP,Moyen,LEGACY_BANK
4657,148,107,MATHEMATICS,PROBLEM_SOLVING,Difficile,LEGACY_BANK
4658,148,107,MATHEMATICS,DOCUMENT_ANALYSIS,Difficile,LEGACY_BANK
4659,148,107,MATHEMATICS,JUSTIFICATION,Facile,LEGACY_BANK
4660,149,107,MATHEMATICS,BREVET_STYLE,Moyen,LEGACY_BANK
4661,149,107,MATHEMATICS,OFFICIAL_ARCHIVE,Difficile,LEGACY_BANK
4662,149,107,MATHEMATICS,REMEDIATION,Difficile,LEGACY_BANK
4663,149,107,MATHEMATICS,TRANSFER,Facile,LEGACY_BANK
4664,149,107,MATHEMATICS,AUTOMATISM,Moyen,LEGACY_BANK
4665,149,107,MATHEMATICS,OPEN_RESPONSE,Difficile,LEGACY_BANK
4666,149,107,MATHEMATICS,DIRECT_APPLICATION,Difficile,LEGACY_BANK
4667,149,107,MATHEMATICS,MULTI_STEP,Facile,LEGACY_BANK
4668,149,107,MATHEMATICS,PROBLEM_SOLVING,Moyen,LEGACY_BANK
4669,149,107,MATHEMATICS,DOCUMENT_ANALYSIS,Difficile,LEGACY_BANK
4670,149,107,MATHEMATICS,JUSTIFICATION,Difficile,LEGACY_BANK
4671,149,107,MATHEMATICS,REASONING,Facile,LEGACY_BANK
4672,150,108,MATHEMATICS,OFFICIAL_ARCHIVE,Moyen,LEGACY_BANK
4673,150,108,MATHEMATICS,REMEDIATION,Difficile,LEGACY_BANK
4674,150,108,MATHEMATICS,TRANSFER,Difficile,LEGACY_BANK
4675,150,108,MATHEMATICS,AUTOMATISM,Facile,LEGACY_BANK
4676,150,108,MATHEMATICS,OPEN_RESPONSE,Moyen,LEGACY_BANK
4677,150,108,MATHEMATICS,DIRECT_APPLICATION,Difficile,LEGACY_BANK
4678,150,108,MATHEMATICS,MULTI_STEP,Difficile,LEGACY_BANK
4679,150,108,MATHEMATICS,PROBLEM_SOLVING,Facile,LEGACY_BANK
4680,150,108,MATHEMATICS,DOCUMENT_ANALYSIS,Moyen,LEGACY_BANK
4681,150,108,MATHEMATICS,JUSTIFICATION,Difficile,LEGACY_BANK
4682,150,108,MATHEMATICS,REASONING,Difficile,LEGACY_BANK
4683,150,108,MATHEMATICS,BREVET_STYLE,Facile,LEGACY_BANK
4684,151,108,MATHEMATICS,REMEDIATION,Moyen,LEGACY_BANK
4685,151,108,MATHEMATICS,TRANSFER,Difficile,LEGACY_BANK
4686,151,108,MATHEMATICS,AUTOMATISM,Difficile,LEGACY_BANK
4687,151,108,MATHEMATICS,OPEN_RESPONSE,Facile,LEGACY_BANK
4688,151,108,MATHEMATICS,DIRECT_APPLICATION,Moyen,LEGACY_BANK
4689,151,108,MATHEMATICS,MULTI_STEP,Difficile,LEGACY_BANK
4690,151,108,MATHEMATICS,PROBLEM_SOLVING,Difficile,LEGACY_BANK
4691,151,108,MATHEMATICS,DOCUMENT_ANALYSIS,Facile,LEGACY_BANK
4692,151,108,MATHEMATICS,JUSTIFICATION,Moyen,LEGACY_BANK
4693,151,108,MATHEMATICS,REASONING,Difficile,LEGACY_BANK
4694,151,108,MATHEMATICS,BREVET_STYLE,Difficile,LEGACY_BANK
4695,151,108,MATHEMATICS,OFFICIAL_ARCHIVE,Facile,LEGACY_BANK
4696,152,109,MATHEMATICS,TRANSFER,Moyen,LEGACY_BANK
4697,152,109,MATHEMATICS,AUTOMATISM,Difficile,LEGACY_BANK
4698,152,109,MATHEMATICS,OPEN_RESPONSE,Difficile,LEGACY_BANK
4699,152,109,MATHEMATICS,DIRECT_APPLICATION,Facile,LEGACY_BANK
4700,152,109,MATHEMATICS,MULTI_STEP,Moyen,LEGACY_BANK
4701,152,109,MATHEMATICS,PROBLEM_SOLVING,Difficile,LEGACY_BANK
4702,152,109,MATHEMATICS,DOCUMENT_ANALYSIS,Difficile,LEGACY_BANK
4703,152,109,MATHEMATICS,JUSTIFICATION,Facile,LEGACY_BANK
4704,152,109,MATHEMATICS,REASONING,Moyen,LEGACY_BANK
4705,152,109,MATHEMATICS,BREVET_STYLE,Difficile,LEGACY_BANK
4706,153,109,MATHEMATICS,AUTOMATISM,Moyen,LEGACY_BANK
4707,153,109,MATHEMATICS,OPEN_RESPONSE,Difficile,LEGACY_BANK
4708,153,109,MATHEMATICS,DIRECT_APPLICATION,Difficile,LEGACY_BANK
4709,153,109,MATHEMATICS,MULTI_STEP,Facile,LEGACY_BANK
4710,153,109,MATHEMATICS,PROBLEM_SOLVING,Moyen,LEGACY_BANK
4711,153,109,MATHEMATICS,DOCUMENT_ANALYSIS,Difficile,LEGACY_BANK
4712,153,109,MATHEMATICS,JUSTIFICATION,Difficile,LEGACY_BANK
4713,153,109,MATHEMATICS,REASONING,Facile,LEGACY_BANK
4714,153,109,MATHEMATICS,BREVET_STYLE,Moyen,LEGACY_BANK
4715,153,109,MATHEMATICS,OFFICIAL_ARCHIVE,Difficile,LEGACY_BANK
4716,153,109,MATHEMATICS,REMEDIATION,Difficile,LEGACY_BANK
4717,153,109,MATHEMATICS,TRANSFER,Facile,LEGACY_BANK
4718,154,109,MATHEMATICS,OPEN_RESPONSE,Moyen,LEGACY_BANK
4719,154,109,MATHEMATICS,DIRECT_APPLICATION,Difficile,LEGACY_BANK
4720,154,109,MATHEMATICS,MULTI_STEP,Difficile,LEGACY_BANK
4721,154,109,MATHEMATICS,PROBLEM_SOLVING,Facile,LEGACY_BANK
4722,154,109,MATHEMATICS,DOCUMENT_ANALYSIS,Moyen,LEGACY_BANK
4723,154,109,MATHEMATICS,JUSTIFICATION,Difficile,LEGACY_BANK
4724,154,109,MATHEMATICS,REASONING,Difficile,LEGACY_BANK
4725,154,109,MATHEMATICS,BREVET_STYLE,Facile,LEGACY_BANK
4726,154,109,MATHEMATICS,OFFICIAL_ARCHIVE,Moyen,LEGACY_BANK
4727,154,109,MATHEMATICS,REMEDIATION,Difficile,LEGACY_BANK
4728,154,109,MATHEMATICS,TRANSFER,Difficile,LEGACY_BANK
4729,154,109,MATHEMATICS,AUTOMATISM,Facile,LEGACY_BANK
4730,155,110,MATHEMATICS,DIRECT_APPLICATION,Moyen,LEGACY_BANK
4731,155,110,MATHEMATICS,MULTI_STEP,Difficile,LEGACY_BANK
4732,155,110,MATHEMATICS,PROBLEM_SOLVING,Difficile,LEGACY_BANK
4733,155,110,MATHEMATICS,DOCUMENT_ANALYSIS,Facile,LEGACY_BANK
4734,155,110,MATHEMATICS,JUSTIFICATION,Moyen,LEGACY_BANK
4735,155,110,MATHEMATICS,REASONING,Difficile,LEGACY_BANK
4736,155,110,MATHEMATICS,BREVET_STYLE,Difficile,LEGACY_BANK
4737,155,110,MATHEMATICS,OFFICIAL_ARCHIVE,Facile,LEGACY_BANK
4738,155,110,MATHEMATICS,REMEDIATION,Moyen,LEGACY_BANK
4739,155,110,MATHEMATICS,TRANSFER,Difficile,LEGACY_BANK
4740,156,110,MATHEMATICS,MULTI_STEP,Moyen,LEGACY_BANK
4741,156,110,MATHEMATICS,PROBLEM_SOLVING,Difficile,LEGACY_BANK
4742,156,110,MATHEMATICS,DOCUMENT_ANALYSIS,Difficile,LEGACY_BANK
4743,156,110,MATHEMATICS,JUSTIFICATION,Facile,LEGACY_BANK
4744,156,110,MATHEMATICS,REASONING,Moyen,LEGACY_BANK
4745,156,110,MATHEMATICS,BREVET_STYLE,Difficile,LEGACY_BANK
4746,156,110,MATHEMATICS,OFFICIAL_ARCHIVE,Difficile,LEGACY_BANK
4747,156,110,MATHEMATICS,REMEDIATION,Facile,LEGACY_BANK
4748,156,110,MATHEMATICS,TRANSFER,Moyen,LEGACY_BANK
4749,156,110,MATHEMATICS,AUTOMATISM,Difficile,LEGACY_BANK
4750,156,110,MATHEMATICS,OPEN_RESPONSE,Difficile,LEGACY_BANK
4751,156,110,MATHEMATICS,DIRECT_APPLICATION,Facile,LEGACY_BANK
4752,157,111,MATHEMATICS,PROBLEM_SOLVING,Moyen,LEGACY_BANK
4753,157,111,MATHEMATICS,DOCUMENT_ANALYSIS,Difficile,LEGACY_BANK
4754,157,111,MATHEMATICS,JUSTIFICATION,Difficile,LEGACY_BANK
4755,157,111,MATHEMATICS,REASONING,Facile,LEGACY_BANK
4756,157,111,MATHEMATICS,BREVET_STYLE,Moyen,LEGACY_BANK
4757,157,111,MATHEMATICS,OFFICIAL_ARCHIVE,Difficile,LEGACY_BANK
4758,157,111,MATHEMATICS,REMEDIATION,Difficile,LEGACY_BANK
4759,157,111,MATHEMATICS,TRANSFER,Facile,LEGACY_BANK
4760,157,111,MATHEMATICS,AUTOMATISM,Moyen,LEGACY_BANK
4761,157,111,MATHEMATICS,OPEN_RESPONSE,Difficile,LEGACY_BANK
4762,157,111,MATHEMATICS,DIRECT_APPLICATION,Difficile,LEGACY_BANK
4763,157,111,MATHEMATICS,MULTI_STEP,Facile,LEGACY_BANK
4764,158,111,MATHEMATICS,DOCUMENT_ANALYSIS,Moyen,LEGACY_BANK
4765,158,111,MATHEMATICS,JUSTIFICATION,Difficile,LEGACY_BANK
4766,158,111,MATHEMATICS,REASONING,Difficile,LEGACY_BANK
4767,158,111,MATHEMATICS,BREVET_STYLE,Facile,LEGACY_BANK
4768,158,111,MATHEMATICS,OFFICIAL_ARCHIVE,Moyen,LEGACY_BANK
4769,158,111,MATHEMATICS,REMEDIATION,Difficile,LEGACY_BANK
4770,158,111,MATHEMATICS,TRANSFER,Difficile,LEGACY_BANK
4771,158,111,MATHEMATICS,AUTOMATISM,Facile,LEGACY_BANK
4772,158,111,MATHEMATICS,OPEN_RESPONSE,Moyen,LEGACY_BANK
4773,158,111,MATHEMATICS,DIRECT_APPLICATION,Difficile,LEGACY_BANK
4774,158,111,MATHEMATICS,MULTI_STEP,Difficile,LEGACY_BANK
4775,158,111,MATHEMATICS,PROBLEM_SOLVING,Facile,LEGACY_BANK
4776,159,111,MATHEMATICS,JUSTIFICATION,Moyen,LEGACY_BANK
4777,159,111,MATHEMATICS,REASONING,Difficile,LEGACY_BANK
4778,159,111,MATHEMATICS,BREVET_STYLE,Difficile,LEGACY_BANK
4779,159,111,MATHEMATICS,OFFICIAL_ARCHIVE,Facile,LEGACY_BANK
4780,159,111,MATHEMATICS,REMEDIATION,Moyen,LEGACY_BANK
4781,159,111,MATHEMATICS,TRANSFER,Difficile,LEGACY_BANK
4782,159,111,MATHEMATICS,AUTOMATISM,Difficile,LEGACY_BANK
4783,159,111,MATHEMATICS,OPEN_RESPONSE,Facile,LEGACY_BANK
4784,159,111,MATHEMATICS,DIRECT_APPLICATION,Moyen,LEGACY_BANK
4785,159,111,MATHEMATICS,MULTI_STEP,Difficile,LEGACY_BANK
4786,159,111,MATHEMATICS,PROBLEM_SOLVING,Difficile,LEGACY_BANK
4787,159,111,MATHEMATICS,DOCUMENT_ANALYSIS,Facile,LEGACY_BANK
4788,160,111,MATHEMATICS,REASONING,Moyen,LEGACY_BANK
4789,160,111,MATHEMATICS,BREVET_STYLE,Difficile,LEGACY_BANK
4790,160,111,MATHEMATICS,OFFICIAL_ARCHIVE,Difficile,LEGACY_BANK
4791,160,111,MATHEMATICS,REMEDIATION,Facile,LEGACY_BANK
4792,160,111,MATHEMATICS,TRANSFER,Moyen,LEGACY_BANK
4793,160,111,MATHEMATICS,AUTOMATISM,Difficile,LEGACY_BANK
4794,160,111,MATHEMATICS,OPEN_RESPONSE,Difficile,LEGACY_BANK
4795,160,111,MATHEMATICS,DIRECT_APPLICATION,Facile,LEGACY_BANK
4796,160,111,MATHEMATICS,MULTI_STEP,Moyen,LEGACY_BANK
4797,160,111,MATHEMATICS,PROBLEM_SOLVING,Difficile,LEGACY_BANK
4798,160,111,MATHEMATICS,DOCUMENT_ANALYSIS,Difficile,LEGACY_BANK
4799,160,111,MATHEMATICS,JUSTIFICATION,Facile,LEGACY_BANK
4800,161,112,MATHEMATICS,BREVET_STYLE,Moyen,LEGACY_BANK
4801,161,112,MATHEMATICS,OFFICIAL_ARCHIVE,Difficile,LEGACY_BANK
4802,161,112,MATHEMATICS,REMEDIATION,Difficile,LEGACY_BANK
4803,161,112,MATHEMATICS,TRANSFER,Facile,LEGACY_BANK
4804,161,112,MATHEMATICS,AUTOMATISM,Moyen,LEGACY_BANK
4805,161,112,MATHEMATICS,OPEN_RESPONSE,Difficile,LEGACY_BANK
4806,161,112,MATHEMATICS,DIRECT_APPLICATION,Difficile,LEGACY_BANK
4807,161,112,MATHEMATICS,MULTI_STEP,Facile,LEGACY_BANK
4808,161,112,MATHEMATICS,PROBLEM_SOLVING,Moyen,LEGACY_BANK
4809,161,112,MATHEMATICS,DOCUMENT_ANALYSIS,Difficile,LEGACY_BANK
4810,161,112,MATHEMATICS,JUSTIFICATION,Difficile,LEGACY_BANK
4811,161,112,MATHEMATICS,REASONING,Facile,LEGACY_BANK
4812,162,112,MATHEMATICS,OFFICIAL_ARCHIVE,Moyen,LEGACY_BANK
4813,162,112,MATHEMATICS,REMEDIATION,Difficile,LEGACY_BANK
4814,162,112,MATHEMATICS,TRANSFER,Difficile,LEGACY_BANK
4815,162,112,MATHEMATICS,AUTOMATISM,Facile,LEGACY_BANK
4816,162,112,MATHEMATICS,OPEN_RESPONSE,Moyen,LEGACY_BANK
4817,162,112,MATHEMATICS,DIRECT_APPLICATION,Difficile,LEGACY_BANK
4818,162,112,MATHEMATICS,MULTI_STEP,Difficile,LEGACY_BANK
4819,162,112,MATHEMATICS,PROBLEM_SOLVING,Facile,LEGACY_BANK
4820,162,112,MATHEMATICS,DOCUMENT_ANALYSIS,Moyen,LEGACY_BANK
4821,162,112,MATHEMATICS,JUSTIFICATION,Difficile,LEGACY_BANK
4822,162,112,MATHEMATICS,REASONING,Difficile,LEGACY_BANK
4823,162,112,MATHEMATICS,BREVET_STYLE,Facile,LEGACY_BANK
4824,163,113,MATHEMATICS,REMEDIATION,Moyen,LEGACY_BANK
4825,163,113,MATHEMATICS,TRANSFER,Difficile,LEGACY_BANK
4826,163,113,MATHEMATICS,AUTOMATISM,Difficile,LEGACY_BANK
4827,163,113,MATHEMATICS,OPEN_RESPONSE,Facile,LEGACY_BANK
4828,163,113,MATHEMATICS,DIRECT_APPLICATION,Moyen,LEGACY_BANK
4829,163,113,MATHEMATICS,MULTI_STEP,Difficile,LEGACY_BANK
4830,163,113,MATHEMATICS,PROBLEM_SOLVING,Difficile,LEGACY_BANK
4831,163,113,MATHEMATICS,DOCUMENT_ANALYSIS,Facile,LEGACY_BANK
4832,163,113,MATHEMATICS,JUSTIFICATION,Moyen,LEGACY_BANK
4833,163,113,MATHEMATICS,REASONING,Difficile,LEGACY_BANK
4834,163,113,MATHEMATICS,BREVET_STYLE,Difficile,LEGACY_BANK
4835,163,113,MATHEMATICS,OFFICIAL_ARCHIVE,Facile,LEGACY_BANK
4836,164,113,MATHEMATICS,TRANSFER,Moyen,LEGACY_BANK
4837,164,113,MATHEMATICS,AUTOMATISM,Difficile,LEGACY_BANK
4838,164,113,MATHEMATICS,OPEN_RESPONSE,Difficile,LEGACY_BANK
4839,164,113,MATHEMATICS,DIRECT_APPLICATION,Facile,LEGACY_BANK
4840,164,113,MATHEMATICS,MULTI_STEP,Moyen,LEGACY_BANK
4841,164,113,MATHEMATICS,PROBLEM_SOLVING,Difficile,LEGACY_BANK
4842,164,113,MATHEMATICS,DOCUMENT_ANALYSIS,Difficile,LEGACY_BANK
4843,164,113,MATHEMATICS,JUSTIFICATION,Facile,LEGACY_BANK
4844,164,113,MATHEMATICS,REASONING,Moyen,LEGACY_BANK
4845,164,113,MATHEMATICS,BREVET_STYLE,Difficile,LEGACY_BANK
4846,164,113,MATHEMATICS,OFFICIAL_ARCHIVE,Difficile,LEGACY_BANK
4847,164,113,MATHEMATICS,REMEDIATION,Facile,LEGACY_BANK
4848,165,114,MATHEMATICS,AUTOMATISM,Moyen,LEGACY_BANK
4849,165,114,MATHEMATICS,OPEN_RESPONSE,Difficile,LEGACY_BANK
4850,165,114,MATHEMATICS,DIRECT_APPLICATION,Difficile,LEGACY_BANK
4851,165,114,MATHEMATICS,MULTI_STEP,Facile,LEGACY_BANK
4852,165,114,MATHEMATICS,PROBLEM_SOLVING,Moyen,LEGACY_BANK
4853,165,114,MATHEMATICS,DOCUMENT_ANALYSIS,Difficile,LEGACY_BANK
4854,165,114,MATHEMATICS,JUSTIFICATION,Difficile,LEGACY_BANK
4855,165,114,MATHEMATICS,REASONING,Facile,LEGACY_BANK
4856,165,114,MATHEMATICS,BREVET_STYLE,Moyen,LEGACY_BANK
4857,165,114,MATHEMATICS,OFFICIAL_ARCHIVE,Difficile,LEGACY_BANK
4858,165,114,MATHEMATICS,REMEDIATION,Difficile,LEGACY_BANK
4859,165,114,MATHEMATICS,TRANSFER,Facile,LEGACY_BANK
4860,166,114,MATHEMATICS,OPEN_RESPONSE,Moyen,LEGACY_BANK
4861,166,114,MATHEMATICS,DIRECT_APPLICATION,Difficile,LEGACY_BANK
4862,166,114,MATHEMATICS,MULTI_STEP,Difficile,LEGACY_BANK
4863,166,114,MATHEMATICS,PROBLEM_SOLVING,Facile,LEGACY_BANK
4864,166,114,MATHEMATICS,DOCUMENT_ANALYSIS,Moyen,LEGACY_BANK
4865,166,114,MATHEMATICS,JUSTIFICATION,Difficile,LEGACY_BANK
4866,166,114,MATHEMATICS,REASONING,Difficile,LEGACY_BANK
4867,166,114,MATHEMATICS,BREVET_STYLE,Facile,LEGACY_BANK
4868,166,114,MATHEMATICS,OFFICIAL_ARCHIVE,Moyen,LEGACY_BANK
4869,166,114,MATHEMATICS,REMEDIATION,Difficile,LEGACY_BANK
4870,166,114,MATHEMATICS,TRANSFER,Difficile,LEGACY_BANK
4871,166,114,MATHEMATICS,AUTOMATISM,Facile,LEGACY_BANK
4872,167,114,MATHEMATICS,DIRECT_APPLICATION,Moyen,LEGACY_BANK
4873,167,114,MATHEMATICS,MULTI_STEP,Difficile,LEGACY_BANK
4874,167,114,MATHEMATICS,PROBLEM_SOLVING,Difficile,LEGACY_BANK
4875,167,114,MATHEMATICS,DOCUMENT_ANALYSIS,Facile,LEGACY_BANK
4876,167,114,MATHEMATICS,JUSTIFICATION,Moyen,LEGACY_BANK
4877,167,114,MATHEMATICS,REASONING,Difficile,LEGACY_BANK
4878,167,114,MATHEMATICS,BREVET_STYLE,Difficile,LEGACY_BANK
4879,167,114,MATHEMATICS,OFFICIAL_ARCHIVE,Facile,LEGACY_BANK
4880,167,114,MATHEMATICS,REMEDIATION,Moyen,LEGACY_BANK
4881,167,114,MATHEMATICS,TRANSFER,Difficile,LEGACY_BANK
4882,167,114,MATHEMATICS,AUTOMATISM,Difficile,LEGACY_BANK
4883,167,114,MATHEMATICS,OPEN_RESPONSE,Facile,LEGACY_BANK
4884,168,115,MATHEMATICS,MULTI_STEP,Moyen,LEGACY_BANK
4885,168,115,MATHEMATICS,PROBLEM_SOLVING,Difficile,LEGACY_BANK
4886,168,115,MATHEMATICS,DOCUMENT_ANALYSIS,Difficile,LEGACY_BANK
4887,168,115,MATHEMATICS,JUSTIFICATION,Facile,LEGACY_BANK
4888,168,115,MATHEMATICS,REASONING,Moyen,LEGACY_BANK
4889,168,115,MATHEMATICS,BREVET_STYLE,Difficile,LEGACY_BANK
4890,168,115,MATHEMATICS,OFFICIAL_ARCHIVE,Difficile,LEGACY_BANK
4891,168,115,MATHEMATICS,REMEDIATION,Facile,LEGACY_BANK
4892,168,115,MATHEMATICS,TRANSFER,Moyen,LEGACY_BANK
4893,168,115,MATHEMATICS,AUTOMATISM,Difficile,LEGACY_BANK
4894,168,115,MATHEMATICS,OPEN_RESPONSE,Difficile,LEGACY_BANK
4895,168,115,MATHEMATICS,DIRECT_APPLICATION,Facile,LEGACY_BANK
4896,169,115,MATHEMATICS,PROBLEM_SOLVING,Moyen,LEGACY_BANK
4897,169,115,MATHEMATICS,DOCUMENT_ANALYSIS,Difficile,LEGACY_BANK
4898,169,115,MATHEMATICS,JUSTIFICATION,Difficile,LEGACY_BANK
4899,169,115,MATHEMATICS,REASONING,Facile,LEGACY_BANK
4900,169,115,MATHEMATICS,BREVET_STYLE,Moyen,LEGACY_BANK
4901,169,115,MATHEMATICS,OFFICIAL_ARCHIVE,Difficile,LEGACY_BANK
4902,169,115,MATHEMATICS,REMEDIATION,Difficile,LEGACY_BANK
4903,169,115,MATHEMATICS,TRANSFER,Facile,LEGACY_BANK
4904,169,115,MATHEMATICS,AUTOMATISM,Moyen,LEGACY_BANK
4905,169,115,MATHEMATICS,OPEN_RESPONSE,Difficile,LEGACY_BANK
4906,169,115,MATHEMATICS,DIRECT_APPLICATION,Difficile,LEGACY_BANK
4907,169,115,MATHEMATICS,MULTI_STEP,Facile,LEGACY_BANK
4908,170,116,MATHEMATICS,DOCUMENT_ANALYSIS,Moyen,LEGACY_BANK
4909,170,116,MATHEMATICS,JUSTIFICATION,Difficile,LEGACY_BANK
4910,170,116,MATHEMATICS,REASONING,Difficile,LEGACY_BANK
4911,170,116,MATHEMATICS,BREVET_STYLE,Facile,LEGACY_BANK
4912,170,116,MATHEMATICS,OFFICIAL_ARCHIVE,Moyen,LEGACY_BANK
4913,170,116,MATHEMATICS,REMEDIATION,Difficile,LEGACY_BANK
4914,170,116,MATHEMATICS,TRANSFER,Difficile,LEGACY_BANK
4915,170,116,MATHEMATICS,AUTOMATISM,Facile,LEGACY_BANK
4916,170,116,MATHEMATICS,OPEN_RESPONSE,Moyen,LEGACY_BANK
4917,170,116,MATHEMATICS,DIRECT_APPLICATION,Difficile,LEGACY_BANK
4918,170,116,MATHEMATICS,MULTI_STEP,Difficile,LEGACY_BANK
4919,170,116,MATHEMATICS,PROBLEM_SOLVING,Facile,LEGACY_BANK
4920,171,116,MATHEMATICS,JUSTIFICATION,Moyen,LEGACY_BANK
4921,171,116,MATHEMATICS,REASONING,Difficile,LEGACY_BANK
4922,171,116,MATHEMATICS,BREVET_STYLE,Difficile,LEGACY_BANK
4923,171,116,MATHEMATICS,OFFICIAL_ARCHIVE,Facile,LEGACY_BANK
4924,171,116,MATHEMATICS,REMEDIATION,Moyen,LEGACY_BANK
4925,171,116,MATHEMATICS,TRANSFER,Difficile,LEGACY_BANK
4926,171,116,MATHEMATICS,AUTOMATISM,Difficile,LEGACY_BANK
4927,171,116,MATHEMATICS,OPEN_RESPONSE,Facile,LEGACY_BANK
4928,171,116,MATHEMATICS,DIRECT_APPLICATION,Moyen,LEGACY_BANK
4929,171,116,MATHEMATICS,MULTI_STEP,Difficile,LEGACY_BANK
4930,171,116,MATHEMATICS,PROBLEM_SOLVING,Difficile,LEGACY_BANK
4931,171,116,MATHEMATICS,DOCUMENT_ANALYSIS,Facile,LEGACY_BANK
4932,172,116,MATHEMATICS,REASONING,Moyen,LEGACY_BANK
4933,172,116,MATHEMATICS,BREVET_STYLE,Difficile,LEGACY_BANK
4934,172,116,MATHEMATICS,OFFICIAL_ARCHIVE,Difficile,LEGACY_BANK
4935,172,116,MATHEMATICS,REMEDIATION,Facile,LEGACY_BANK
4936,172,116,MATHEMATICS,TRANSFER,Moyen,LEGACY_BANK
4937,172,116,MATHEMATICS,AUTOMATISM,Difficile,LEGACY_BANK
4938,172,116,MATHEMATICS,OPEN_RESPONSE,Difficile,LEGACY_BANK
4939,172,116,MATHEMATICS,DIRECT_APPLICATION,Facile,LEGACY_BANK
4940,172,116,MATHEMATICS,MULTI_STEP,Moyen,LEGACY_BANK
4941,172,116,MATHEMATICS,PROBLEM_SOLVING,Difficile,LEGACY_BANK
4942,172,116,MATHEMATICS,DOCUMENT_ANALYSIS,Difficile,LEGACY_BANK
4943,172,116,MATHEMATICS,JUSTIFICATION,Facile,LEGACY_BANK
4944,173,117,MATHEMATICS,BREVET_STYLE,Moyen,LEGACY_BANK
4945,173,117,MATHEMATICS,OFFICIAL_ARCHIVE,Difficile,LEGACY_BANK
4946,173,117,MATHEMATICS,REMEDIATION,Difficile,LEGACY_BANK
4947,173,117,MATHEMATICS,TRANSFER,Facile,LEGACY_BANK
4948,173,117,MATHEMATICS,AUTOMATISM,Moyen,LEGACY_BANK
4949,173,117,MATHEMATICS,OPEN_RESPONSE,Difficile,LEGACY_BANK
4950,173,117,MATHEMATICS,DIRECT_APPLICATION,Difficile,LEGACY_BANK
4951,173,117,MATHEMATICS,MULTI_STEP,Facile,LEGACY_BANK
4952,173,117,MATHEMATICS,PROBLEM_SOLVING,Moyen,LEGACY_BANK
4953,173,117,MATHEMATICS,DOCUMENT_ANALYSIS,Difficile,LEGACY_BANK
4954,173,117,MATHEMATICS,JUSTIFICATION,Difficile,LEGACY_BANK
4955,173,117,MATHEMATICS,REASONING,Facile,LEGACY_BANK
4956,174,117,MATHEMATICS,OFFICIAL_ARCHIVE,Moyen,LEGACY_BANK
4957,174,117,MATHEMATICS,REMEDIATION,Difficile,LEGACY_BANK
4958,174,117,MATHEMATICS,TRANSFER,Difficile,LEGACY_BANK
4959,174,117,MATHEMATICS,AUTOMATISM,Facile,LEGACY_BANK
4960,174,117,MATHEMATICS,OPEN_RESPONSE,Moyen,LEGACY_BANK
4961,174,117,MATHEMATICS,DIRECT_APPLICATION,Difficile,LEGACY_BANK
4962,174,117,MATHEMATICS,MULTI_STEP,Difficile,LEGACY_BANK
4963,174,117,MATHEMATICS,PROBLEM_SOLVING,Facile,LEGACY_BANK
4964,174,117,MATHEMATICS,DOCUMENT_ANALYSIS,Moyen,LEGACY_BANK
4965,174,117,MATHEMATICS,JUSTIFICATION,Difficile,LEGACY_BANK
4966,174,117,MATHEMATICS,REASONING,Difficile,LEGACY_BANK
4967,174,117,MATHEMATICS,BREVET_STYLE,Facile,LEGACY_BANK
4968,175,118,MATHEMATICS,REMEDIATION,Moyen,LEGACY_BANK
4969,175,118,MATHEMATICS,TRANSFER,Difficile,LEGACY_BANK
4970,175,118,MATHEMATICS,AUTOMATISM,Difficile,LEGACY_BANK
4971,175,118,MATHEMATICS,OPEN_RESPONSE,Facile,LEGACY_BANK
4972,175,118,MATHEMATICS,DIRECT_APPLICATION,Moyen,LEGACY_BANK
4973,175,118,MATHEMATICS,MULTI_STEP,Difficile,LEGACY_BANK
4974,175,118,MATHEMATICS,PROBLEM_SOLVING,Difficile,LEGACY_BANK
4975,175,118,MATHEMATICS,DOCUMENT_ANALYSIS,Facile,LEGACY_BANK
4976,175,118,MATHEMATICS,JUSTIFICATION,Moyen,LEGACY_BANK
4977,175,118,MATHEMATICS,REASONING,Difficile,LEGACY_BANK
4978,175,118,MATHEMATICS,BREVET_STYLE,Difficile,LEGACY_BANK
4979,175,118,MATHEMATICS,OFFICIAL_ARCHIVE,Facile,LEGACY_BANK
4980,176,118,MATHEMATICS,TRANSFER,Moyen,LEGACY_BANK
4981,176,118,MATHEMATICS,AUTOMATISM,Difficile,LEGACY_BANK
4982,176,118,MATHEMATICS,OPEN_RESPONSE,Difficile,LEGACY_BANK
4983,176,118,MATHEMATICS,DIRECT_APPLICATION,Facile,LEGACY_BANK
4984,176,118,MATHEMATICS,MULTI_STEP,Moyen,LEGACY_BANK
4985,176,118,MATHEMATICS,PROBLEM_SOLVING,Difficile,LEGACY_BANK
4986,176,118,MATHEMATICS,DOCUMENT_ANALYSIS,Difficile,LEGACY_BANK
4987,176,118,MATHEMATICS,JUSTIFICATION,Facile,LEGACY_BANK
4988,176,118,MATHEMATICS,REASONING,Moyen,LEGACY_BANK
4989,176,118,MATHEMATICS,BREVET_STYLE,Difficile,LEGACY_BANK
4990,176,118,MATHEMATICS,OFFICIAL_ARCHIVE,Difficile,LEGACY_BANK
4991,176,118,MATHEMATICS,REMEDIATION,Facile,LEGACY_BANK
4992,177,118,MATHEMATICS,AUTOMATISM,Moyen,LEGACY_BANK
4993,177,118,MATHEMATICS,OPEN_RESPONSE,Difficile,LEGACY_BANK
4994,177,118,MATHEMATICS,DIRECT_APPLICATION,Difficile,LEGACY_BANK
4995,177,118,MATHEMATICS,MULTI_STEP,Facile,LEGACY_BANK
4996,177,118,MATHEMATICS,PROBLEM_SOLVING,Moyen,LEGACY_BANK
4997,177,118,MATHEMATICS,DOCUMENT_ANALYSIS,Difficile,LEGACY_BANK
4998,177,118,MATHEMATICS,JUSTIFICATION,Difficile,LEGACY_BANK
4999,177,118,MATHEMATICS,REASONING,Facile,LEGACY_BANK
5000,177,118,MATHEMATICS,BREVET_STYLE,Moyen,LEGACY_BANK
5001,177,118,MATHEMATICS,OFFICIAL_ARCHIVE,Difficile,LEGACY_BANK
5002,177,118,MATHEMATICS,REMEDIATION,Difficile,LEGACY_BANK
5003,177,118,MATHEMATICS,TRANSFER,Facile,LEGACY_BANK
5004,178,118,MATHEMATICS,OPEN_RESPONSE,Moyen,LEGACY_BANK
5005,178,118,MATHEMATICS,DIRECT_APPLICATION,Difficile,LEGACY_BANK
5006,178,118,MATHEMATICS,MULTI_STEP,Difficile,LEGACY_BANK
5007,178,118,MATHEMATICS,PROBLEM_SOLVING,Facile,LEGACY_BANK
5008,178,118,MATHEMATICS,DOCUMENT_ANALYSIS,Moyen,LEGACY_BANK
5009,178,118,MATHEMATICS,JUSTIFICATION,Difficile,LEGACY_BANK
5010,178,118,MATHEMATICS,REASONING,Difficile,LEGACY_BANK
5011,178,118,MATHEMATICS,BREVET_STYLE,Facile,LEGACY_BANK
5012,178,118,MATHEMATICS,OFFICIAL_ARCHIVE,Moyen,LEGACY_BANK
5013,178,118,MATHEMATICS,REMEDIATION,Difficile,LEGACY_BANK
5014,178,118,MATHEMATICS,TRANSFER,Difficile,LEGACY_BANK
5015,178,118,MATHEMATICS,AUTOMATISM,Facile,LEGACY_BANK
5016,179,118,MATHEMATICS,DIRECT_APPLICATION,Moyen,LEGACY_BANK
5017,179,118,MATHEMATICS,MULTI_STEP,Difficile,LEGACY_BANK
5018,179,118,MATHEMATICS,PROBLEM_SOLVING,Difficile,LEGACY_BANK
5019,179,118,MATHEMATICS,DOCUMENT_ANALYSIS,Facile,LEGACY_BANK
5020,179,118,MATHEMATICS,JUSTIFICATION,Moyen,LEGACY_BANK
5021,179,118,MATHEMATICS,REASONING,Difficile,LEGACY_BANK
5022,179,118,MATHEMATICS,BREVET_STYLE,Difficile,LEGACY_BANK
5023,179,118,MATHEMATICS,OFFICIAL_ARCHIVE,Facile,LEGACY_BANK
5024,179,118,MATHEMATICS,REMEDIATION,Moyen,LEGACY_BANK
5025,179,118,MATHEMATICS,TRANSFER,Difficile,LEGACY_BANK
5026,179,118,MATHEMATICS,AUTOMATISM,Difficile,LEGACY_BANK
5027,179,118,MATHEMATICS,OPEN_RESPONSE,Facile,LEGACY_BANK
5028,180,118,MATHEMATICS,MULTI_STEP,Moyen,LEGACY_BANK
5029,180,118,MATHEMATICS,PROBLEM_SOLVING,Difficile,LEGACY_BANK
5030,180,118,MATHEMATICS,DOCUMENT_ANALYSIS,Difficile,LEGACY_BANK
5031,180,118,MATHEMATICS,JUSTIFICATION,Facile,LEGACY_BANK
5032,180,118,MATHEMATICS,REASONING,Moyen,LEGACY_BANK
5033,180,118,MATHEMATICS,BREVET_STYLE,Difficile,LEGACY_BANK
5034,180,118,MATHEMATICS,OFFICIAL_ARCHIVE,Difficile,LEGACY_BANK
5035,180,118,MATHEMATICS,REMEDIATION,Facile,LEGACY_BANK
5036,180,118,MATHEMATICS,TRANSFER,Moyen,LEGACY_BANK
5037,180,118,MATHEMATICS,AUTOMATISM,Difficile,LEGACY_BANK
5038,180,118,MATHEMATICS,OPEN_RESPONSE,Difficile,LEGACY_BANK
5039,180,118,MATHEMATICS,DIRECT_APPLICATION,Facile,LEGACY_BANK
5040,182,119,HISTORY,DOCUMENT_ANALYSIS,Moyen,LEGACY_BANK
5041,182,119,HISTORY,JUSTIFICATION,Difficile,LEGACY_BANK
5042,182,119,HISTORY,REASONING,Difficile,LEGACY_BANK
5043,182,119,HISTORY,BREVET_STYLE,Facile,LEGACY_BANK
5044,182,119,HISTORY,OFFICIAL_ARCHIVE,Moyen,LEGACY_BANK
5045,182,119,HISTORY,REMEDIATION,Difficile,LEGACY_BANK
5046,182,119,HISTORY,OPEN_RESPONSE,Difficile,LEGACY_BANK
5047,182,119,HISTORY,AUTOMATISM,Facile,LEGACY_BANK
5048,182,119,HISTORY,OPEN_RESPONSE,Moyen,LEGACY_BANK
5049,182,119,HISTORY,DIRECT_APPLICATION,Difficile,LEGACY_BANK
5050,182,119,HISTORY,MULTI_STEP,Difficile,LEGACY_BANK
5051,182,119,HISTORY,PROBLEM_SOLVING,Facile,LEGACY_BANK
5052,182,119,HISTORY,OPEN_RESPONSE,Difficile,LEGACY_BANK
5053,182,119,HISTORY,TRANSFER,Difficile,LEGACY_BANK
5054,182,119,HISTORY,OPEN_RESPONSE,Facile,LEGACY_BANK
5055,183,119,HISTORY,JUSTIFICATION,Moyen,LEGACY_BANK
5056,183,119,HISTORY,REASONING,Difficile,LEGACY_BANK
5057,183,119,HISTORY,BREVET_STYLE,Difficile,LEGACY_BANK
5058,183,119,HISTORY,OFFICIAL_ARCHIVE,Facile,LEGACY_BANK
5059,183,119,HISTORY,REMEDIATION,Moyen,LEGACY_BANK
5060,183,119,HISTORY,TRANSFER,Difficile,LEGACY_BANK
5061,183,119,HISTORY,OPEN_RESPONSE,Difficile,LEGACY_BANK
5062,183,119,HISTORY,OPEN_RESPONSE,Facile,LEGACY_BANK
5063,183,119,HISTORY,DIRECT_APPLICATION,Moyen,LEGACY_BANK
5064,183,119,HISTORY,MULTI_STEP,Difficile,LEGACY_BANK
5065,183,119,HISTORY,PROBLEM_SOLVING,Difficile,LEGACY_BANK
5066,183,119,HISTORY,DOCUMENT_ANALYSIS,Facile,LEGACY_BANK
5067,183,119,HISTORY,OPEN_RESPONSE,Difficile,LEGACY_BANK
5068,183,119,HISTORY,AUTOMATISM,Difficile,LEGACY_BANK
5069,183,119,HISTORY,OPEN_RESPONSE,Moyen,LEGACY_BANK
5070,184,120,HISTORY,REASONING,Moyen,LEGACY_BANK
5071,184,120,HISTORY,BREVET_STYLE,Difficile,LEGACY_BANK
5072,184,120,HISTORY,OFFICIAL_ARCHIVE,Difficile,LEGACY_BANK
5073,184,120,HISTORY,REMEDIATION,Facile,LEGACY_BANK
5074,184,120,HISTORY,TRANSFER,Moyen,LEGACY_BANK
5075,184,120,HISTORY,AUTOMATISM,Difficile,LEGACY_BANK
5076,184,120,HISTORY,OPEN_RESPONSE,Difficile,LEGACY_BANK
5077,184,120,HISTORY,DIRECT_APPLICATION,Facile,LEGACY_BANK
5078,184,120,HISTORY,MULTI_STEP,Moyen,LEGACY_BANK
5079,184,120,HISTORY,PROBLEM_SOLVING,Difficile,LEGACY_BANK
5080,184,120,HISTORY,DOCUMENT_ANALYSIS,Difficile,LEGACY_BANK
5081,184,120,HISTORY,JUSTIFICATION,Facile,LEGACY_BANK
5082,184,120,HISTORY,OPEN_RESPONSE,Difficile,LEGACY_BANK
5083,184,120,HISTORY,OPEN_RESPONSE,Moyen,LEGACY_BANK
5084,184,120,HISTORY,OPEN_RESPONSE,Facile,LEGACY_BANK
5085,185,120,HISTORY,BREVET_STYLE,Moyen,LEGACY_BANK
5086,185,120,HISTORY,OFFICIAL_ARCHIVE,Difficile,LEGACY_BANK
5087,185,120,HISTORY,REMEDIATION,Difficile,LEGACY_BANK
5088,185,120,HISTORY,TRANSFER,Facile,LEGACY_BANK
5089,185,120,HISTORY,AUTOMATISM,Moyen,LEGACY_BANK
5090,185,120,HISTORY,OPEN_RESPONSE,Difficile,LEGACY_BANK
5091,185,120,HISTORY,OPEN_RESPONSE,Difficile,LEGACY_BANK
5092,185,120,HISTORY,MULTI_STEP,Facile,LEGACY_BANK
5093,185,120,HISTORY,PROBLEM_SOLVING,Moyen,LEGACY_BANK
5094,185,120,HISTORY,DOCUMENT_ANALYSIS,Difficile,LEGACY_BANK
5095,185,120,HISTORY,JUSTIFICATION,Difficile,LEGACY_BANK
5096,185,120,HISTORY,REASONING,Facile,LEGACY_BANK
5097,185,120,HISTORY,DIRECT_APPLICATION,Difficile,LEGACY_BANK
5098,185,120,HISTORY,OPEN_RESPONSE,Moyen,LEGACY_BANK
5099,185,120,HISTORY,OPEN_RESPONSE,Facile,LEGACY_BANK
5112,186,120,HISTORY,OPEN_RESPONSE,Difficile,LEGACY_BANK
5113,186,120,HISTORY,MULTI_STEP,Difficile,LEGACY_BANK
5114,186,120,HISTORY,OPEN_RESPONSE,Facile,LEGACY_BANK
5100,186,120,HISTORY,OFFICIAL_ARCHIVE,Moyen,LEGACY_BANK
5101,186,120,HISTORY,REMEDIATION,Difficile,LEGACY_BANK
5102,186,120,HISTORY,TRANSFER,Difficile,LEGACY_BANK
5103,186,120,HISTORY,AUTOMATISM,Facile,LEGACY_BANK
5104,186,120,HISTORY,OPEN_RESPONSE,Moyen,LEGACY_BANK
5105,186,120,HISTORY,DIRECT_APPLICATION,Difficile,LEGACY_BANK
5106,186,120,HISTORY,OPEN_RESPONSE,Difficile,LEGACY_BANK
5107,186,120,HISTORY,PROBLEM_SOLVING,Facile,LEGACY_BANK
5108,186,120,HISTORY,DOCUMENT_ANALYSIS,Moyen,LEGACY_BANK
5109,186,120,HISTORY,JUSTIFICATION,Difficile,LEGACY_BANK
5110,186,120,HISTORY,REASONING,Difficile,LEGACY_BANK
5111,186,120,HISTORY,BREVET_STYLE,Facile,LEGACY_BANK
5115,187,121,HISTORY,REMEDIATION,Moyen,LEGACY_BANK
5116,187,121,HISTORY,TRANSFER,Difficile,LEGACY_BANK
5117,187,121,HISTORY,AUTOMATISM,Difficile,LEGACY_BANK
5118,187,121,HISTORY,OPEN_RESPONSE,Facile,LEGACY_BANK
5119,187,121,HISTORY,DIRECT_APPLICATION,Moyen,LEGACY_BANK
5120,187,121,HISTORY,MULTI_STEP,Difficile,LEGACY_BANK
5121,187,121,HISTORY,OPEN_RESPONSE,Difficile,LEGACY_BANK
5122,187,121,HISTORY,DOCUMENT_ANALYSIS,Facile,LEGACY_BANK
5123,187,121,HISTORY,JUSTIFICATION,Moyen,LEGACY_BANK
5134,188,121,HISTORY,REMEDIATION,Facile,LEGACY_BANK
5135,188,121,HISTORY,OPEN_RESPONSE,Difficile,LEGACY_BANK
5136,188,121,HISTORY,DOCUMENT_ANALYSIS,Difficile,LEGACY_BANK
5137,188,121,HISTORY,OPEN_RESPONSE,Moyen,LEGACY_BANK
5138,188,121,HISTORY,OPEN_RESPONSE,Facile,LEGACY_BANK
5124,188,121,HISTORY,TRANSFER,Moyen,LEGACY_BANK
5125,188,121,HISTORY,AUTOMATISM,Difficile,LEGACY_BANK
5126,188,121,HISTORY,OPEN_RESPONSE,Difficile,LEGACY_BANK
5127,188,121,HISTORY,DIRECT_APPLICATION,Facile,LEGACY_BANK
5128,188,121,HISTORY,MULTI_STEP,Moyen,LEGACY_BANK
5129,188,121,HISTORY,PROBLEM_SOLVING,Difficile,LEGACY_BANK
5130,188,121,HISTORY,JUSTIFICATION,Facile,LEGACY_BANK
5131,188,121,HISTORY,REASONING,Moyen,LEGACY_BANK
5132,188,121,HISTORY,BREVET_STYLE,Difficile,LEGACY_BANK
5133,188,121,HISTORY,OFFICIAL_ARCHIVE,Difficile,LEGACY_BANK
5139,189,122,HISTORY,AUTOMATISM,Moyen,LEGACY_BANK
5140,189,122,HISTORY,OPEN_RESPONSE,Difficile,LEGACY_BANK
5141,189,122,HISTORY,DIRECT_APPLICATION,Difficile,LEGACY_BANK
5142,189,122,HISTORY,MULTI_STEP,Facile,LEGACY_BANK
5143,189,122,HISTORY,PROBLEM_SOLVING,Moyen,LEGACY_BANK
5144,189,122,HISTORY,DOCUMENT_ANALYSIS,Difficile,LEGACY_BANK
5145,189,122,HISTORY,OPEN_RESPONSE,Difficile,LEGACY_BANK
5146,189,122,HISTORY,REASONING,Facile,LEGACY_BANK
5147,189,122,HISTORY,BREVET_STYLE,Moyen,LEGACY_BANK
5148,189,122,HISTORY,OFFICIAL_ARCHIVE,Difficile,LEGACY_BANK
5149,190,122,HISTORY,OPEN_RESPONSE,Moyen,LEGACY_BANK
5150,190,122,HISTORY,DIRECT_APPLICATION,Difficile,LEGACY_BANK
5151,190,122,HISTORY,MULTI_STEP,Difficile,LEGACY_BANK
5152,190,122,HISTORY,PROBLEM_SOLVING,Facile,LEGACY_BANK
5153,190,122,HISTORY,DOCUMENT_ANALYSIS,Moyen,LEGACY_BANK
5154,190,122,HISTORY,JUSTIFICATION,Difficile,LEGACY_BANK
5155,190,122,HISTORY,OPEN_RESPONSE,Difficile,LEGACY_BANK
5156,190,122,HISTORY,BREVET_STYLE,Facile,LEGACY_BANK
5157,190,122,HISTORY,OFFICIAL_ARCHIVE,Moyen,LEGACY_BANK
5158,190,122,HISTORY,REMEDIATION,Difficile,LEGACY_BANK
5159,190,122,HISTORY,TRANSFER,Difficile,LEGACY_BANK
5160,190,122,HISTORY,AUTOMATISM,Facile,LEGACY_BANK
5161,190,122,HISTORY,OPEN_RESPONSE,Difficile,LEGACY_BANK
5162,190,122,HISTORY,REASONING,Difficile,LEGACY_BANK
5163,190,122,HISTORY,OPEN_RESPONSE,Facile,LEGACY_BANK
5164,191,122,HISTORY,DIRECT_APPLICATION,Moyen,LEGACY_BANK
5165,191,122,HISTORY,MULTI_STEP,Difficile,LEGACY_BANK
5166,191,122,HISTORY,PROBLEM_SOLVING,Difficile,LEGACY_BANK
5167,191,122,HISTORY,DOCUMENT_ANALYSIS,Facile,LEGACY_BANK
5168,191,122,HISTORY,JUSTIFICATION,Moyen,LEGACY_BANK
5169,191,122,HISTORY,REASONING,Difficile,LEGACY_BANK
5170,191,122,HISTORY,OPEN_RESPONSE,Difficile,LEGACY_BANK
5171,191,122,HISTORY,OFFICIAL_ARCHIVE,Facile,LEGACY_BANK
5172,191,122,HISTORY,REMEDIATION,Moyen,LEGACY_BANK
5173,191,122,HISTORY,TRANSFER,Difficile,LEGACY_BANK
5174,191,122,HISTORY,AUTOMATISM,Difficile,LEGACY_BANK
5175,191,122,HISTORY,OPEN_RESPONSE,Facile,LEGACY_BANK
5176,191,122,HISTORY,OPEN_RESPONSE,Difficile,LEGACY_BANK
5177,191,122,HISTORY,BREVET_STYLE,Difficile,LEGACY_BANK
5178,191,122,HISTORY,OPEN_RESPONSE,Moyen,LEGACY_BANK
5183,192,123,HISTORY,REASONING,Moyen,LEGACY_BANK
5184,192,123,HISTORY,BREVET_STYLE,Difficile,LEGACY_BANK
5185,192,123,HISTORY,OPEN_RESPONSE,Difficile,LEGACY_BANK
5186,192,123,HISTORY,REMEDIATION,Facile,LEGACY_BANK
5187,192,123,HISTORY,TRANSFER,Moyen,LEGACY_BANK
5188,192,123,HISTORY,AUTOMATISM,Difficile,LEGACY_BANK
5189,192,123,HISTORY,DIRECT_APPLICATION,Facile,LEGACY_BANK
5190,192,123,HISTORY,OPEN_RESPONSE,Difficile,LEGACY_BANK
5191,192,123,HISTORY,OFFICIAL_ARCHIVE,Difficile,LEGACY_BANK
5192,192,123,HISTORY,OPEN_RESPONSE,Moyen,LEGACY_BANK
5193,192,123,HISTORY,OPEN_RESPONSE,Facile,LEGACY_BANK
5179,192,123,HISTORY,MULTI_STEP,Moyen,LEGACY_BANK
5180,192,123,HISTORY,PROBLEM_SOLVING,Difficile,LEGACY_BANK
5181,192,123,HISTORY,DOCUMENT_ANALYSIS,Difficile,LEGACY_BANK
5182,192,123,HISTORY,JUSTIFICATION,Facile,LEGACY_BANK
5194,193,123,HISTORY,PROBLEM_SOLVING,Moyen,LEGACY_BANK
5195,193,123,HISTORY,DOCUMENT_ANALYSIS,Difficile,LEGACY_BANK
5196,193,123,HISTORY,JUSTIFICATION,Difficile,LEGACY_BANK
5197,193,123,HISTORY,REASONING,Facile,LEGACY_BANK
5198,193,123,HISTORY,BREVET_STYLE,Moyen,LEGACY_BANK
5199,193,123,HISTORY,OFFICIAL_ARCHIVE,Difficile,LEGACY_BANK
5200,193,123,HISTORY,OPEN_RESPONSE,Difficile,LEGACY_BANK
5201,193,123,HISTORY,TRANSFER,Facile,LEGACY_BANK
5202,193,123,HISTORY,AUTOMATISM,Moyen,LEGACY_BANK
5203,193,123,HISTORY,OPEN_RESPONSE,Difficile,LEGACY_BANK
5204,193,123,HISTORY,DIRECT_APPLICATION,Difficile,LEGACY_BANK
5205,193,123,HISTORY,MULTI_STEP,Facile,LEGACY_BANK
5206,193,123,HISTORY,REMEDIATION,Difficile,LEGACY_BANK
5207,193,123,HISTORY,OPEN_RESPONSE,Moyen,LEGACY_BANK
5208,193,123,HISTORY,OPEN_RESPONSE,Facile,LEGACY_BANK
5209,194,124,HISTORY,DOCUMENT_ANALYSIS,Moyen,LEGACY_BANK
5210,194,124,HISTORY,JUSTIFICATION,Difficile,LEGACY_BANK
5211,194,124,HISTORY,REASONING,Difficile,LEGACY_BANK
5212,194,124,HISTORY,BREVET_STYLE,Facile,LEGACY_BANK
5213,194,124,HISTORY,OFFICIAL_ARCHIVE,Moyen,LEGACY_BANK
5214,194,124,HISTORY,REMEDIATION,Difficile,LEGACY_BANK
5215,194,124,HISTORY,OPEN_RESPONSE,Difficile,LEGACY_BANK
5216,194,124,HISTORY,AUTOMATISM,Facile,LEGACY_BANK
5217,194,124,HISTORY,OPEN_RESPONSE,Moyen,LEGACY_BANK
5218,194,124,HISTORY,DIRECT_APPLICATION,Difficile,LEGACY_BANK
5219,194,124,HISTORY,MULTI_STEP,Difficile,LEGACY_BANK
5220,194,124,HISTORY,PROBLEM_SOLVING,Facile,LEGACY_BANK
5221,194,124,HISTORY,OPEN_RESPONSE,Difficile,LEGACY_BANK
5222,194,124,HISTORY,TRANSFER,Difficile,LEGACY_BANK
5223,194,124,HISTORY,OPEN_RESPONSE,Facile,LEGACY_BANK
5224,195,124,HISTORY,JUSTIFICATION,Moyen,LEGACY_BANK
5225,195,124,HISTORY,REASONING,Difficile,LEGACY_BANK
5226,195,124,HISTORY,BREVET_STYLE,Difficile,LEGACY_BANK
5227,195,124,HISTORY,OFFICIAL_ARCHIVE,Facile,LEGACY_BANK
5228,195,124,HISTORY,REMEDIATION,Moyen,LEGACY_BANK
5229,195,124,HISTORY,TRANSFER,Difficile,LEGACY_BANK
5230,195,124,HISTORY,OPEN_RESPONSE,Difficile,LEGACY_BANK
5231,195,124,HISTORY,OPEN_RESPONSE,Facile,LEGACY_BANK
5232,195,124,HISTORY,DIRECT_APPLICATION,Moyen,LEGACY_BANK
5233,195,124,HISTORY,MULTI_STEP,Difficile,LEGACY_BANK
5234,195,124,HISTORY,PROBLEM_SOLVING,Difficile,LEGACY_BANK
5235,195,124,HISTORY,DOCUMENT_ANALYSIS,Facile,LEGACY_BANK
5236,195,124,HISTORY,OPEN_RESPONSE,Difficile,LEGACY_BANK
5237,195,124,HISTORY,AUTOMATISM,Difficile,LEGACY_BANK
5238,195,124,HISTORY,OPEN_RESPONSE,Moyen,LEGACY_BANK
5239,196,124,HISTORY,REASONING,Moyen,LEGACY_BANK
5240,196,124,HISTORY,BREVET_STYLE,Difficile,LEGACY_BANK
5241,196,124,HISTORY,OFFICIAL_ARCHIVE,Difficile,LEGACY_BANK
5242,196,124,HISTORY,REMEDIATION,Facile,LEGACY_BANK
5243,196,124,HISTORY,TRANSFER,Moyen,LEGACY_BANK
5244,196,124,HISTORY,AUTOMATISM,Difficile,LEGACY_BANK
5245,196,124,HISTORY,OPEN_RESPONSE,Difficile,LEGACY_BANK
5246,196,124,HISTORY,DIRECT_APPLICATION,Facile,LEGACY_BANK
5247,196,124,HISTORY,MULTI_STEP,Moyen,LEGACY_BANK
5248,196,124,HISTORY,PROBLEM_SOLVING,Difficile,LEGACY_BANK
5249,196,124,HISTORY,DOCUMENT_ANALYSIS,Difficile,LEGACY_BANK
5250,196,124,HISTORY,JUSTIFICATION,Facile,LEGACY_BANK
5251,196,124,HISTORY,OPEN_RESPONSE,Difficile,LEGACY_BANK
5252,196,124,HISTORY,OPEN_RESPONSE,Moyen,LEGACY_BANK
5253,196,124,HISTORY,OPEN_RESPONSE,Facile,LEGACY_BANK
5254,197,125,HISTORY,BREVET_STYLE,Moyen,LEGACY_BANK
5255,197,125,HISTORY,OFFICIAL_ARCHIVE,Difficile,LEGACY_BANK
5256,197,125,HISTORY,REMEDIATION,Difficile,LEGACY_BANK
5257,197,125,HISTORY,TRANSFER,Facile,LEGACY_BANK
5258,197,125,HISTORY,AUTOMATISM,Moyen,LEGACY_BANK
5259,197,125,HISTORY,OPEN_RESPONSE,Difficile,LEGACY_BANK
5260,197,125,HISTORY,OPEN_RESPONSE,Difficile,LEGACY_BANK
5261,197,125,HISTORY,MULTI_STEP,Facile,LEGACY_BANK
5262,197,125,HISTORY,PROBLEM_SOLVING,Moyen,LEGACY_BANK
5263,197,125,HISTORY,DOCUMENT_ANALYSIS,Difficile,LEGACY_BANK
5264,197,125,HISTORY,JUSTIFICATION,Difficile,LEGACY_BANK
5265,197,125,HISTORY,REASONING,Facile,LEGACY_BANK
5266,197,125,HISTORY,DIRECT_APPLICATION,Difficile,LEGACY_BANK
5267,197,125,HISTORY,OPEN_RESPONSE,Moyen,LEGACY_BANK
5268,197,125,HISTORY,OPEN_RESPONSE,Facile,LEGACY_BANK
5269,198,125,HISTORY,OFFICIAL_ARCHIVE,Moyen,LEGACY_BANK
5270,198,125,HISTORY,REMEDIATION,Difficile,LEGACY_BANK
5271,198,125,HISTORY,TRANSFER,Difficile,LEGACY_BANK
5272,198,125,HISTORY,AUTOMATISM,Facile,LEGACY_BANK
5273,198,125,HISTORY,OPEN_RESPONSE,Moyen,LEGACY_BANK
5274,198,125,HISTORY,DIRECT_APPLICATION,Difficile,LEGACY_BANK
5275,198,125,HISTORY,OPEN_RESPONSE,Difficile,LEGACY_BANK
5276,198,125,HISTORY,PROBLEM_SOLVING,Facile,LEGACY_BANK
5277,198,125,HISTORY,DOCUMENT_ANALYSIS,Moyen,LEGACY_BANK
5278,198,125,HISTORY,JUSTIFICATION,Difficile,LEGACY_BANK
5279,198,125,HISTORY,REASONING,Difficile,LEGACY_BANK
5280,198,125,HISTORY,BREVET_STYLE,Facile,LEGACY_BANK
5281,198,125,HISTORY,OPEN_RESPONSE,Difficile,LEGACY_BANK
5282,198,125,HISTORY,MULTI_STEP,Difficile,LEGACY_BANK
5283,198,125,HISTORY,OPEN_RESPONSE,Facile,LEGACY_BANK
5284,200,126,HISTORY,TRANSFER,Moyen,LEGACY_BANK
5285,200,126,HISTORY,AUTOMATISM,Difficile,LEGACY_BANK
5286,200,126,HISTORY,OPEN_RESPONSE,Difficile,LEGACY_BANK
5287,200,126,HISTORY,DIRECT_APPLICATION,Facile,LEGACY_BANK
5288,200,126,HISTORY,MULTI_STEP,Moyen,LEGACY_BANK
5289,200,126,HISTORY,PROBLEM_SOLVING,Difficile,LEGACY_BANK
5290,200,126,HISTORY,JUSTIFICATION,Facile,LEGACY_BANK
5291,200,126,HISTORY,REASONING,Moyen,LEGACY_BANK
5292,200,126,HISTORY,BREVET_STYLE,Difficile,LEGACY_BANK
5293,200,126,HISTORY,OFFICIAL_ARCHIVE,Difficile,LEGACY_BANK
5294,200,126,HISTORY,REMEDIATION,Facile,LEGACY_BANK
5295,200,126,HISTORY,OPEN_RESPONSE,Difficile,LEGACY_BANK
5296,200,126,HISTORY,DOCUMENT_ANALYSIS,Difficile,LEGACY_BANK
5297,200,126,HISTORY,OPEN_RESPONSE,Moyen,LEGACY_BANK
5298,200,126,HISTORY,OPEN_RESPONSE,Facile,LEGACY_BANK
5323,201,127,HISTORY,AUTOMATISM,Moyen,AI_GENERATED
5324,201,127,HISTORY,OPEN_RESPONSE,Difficile,AI_GENERATED
5325,201,127,HISTORY,DIRECT_APPLICATION,Difficile,AI_GENERATED
5326,201,127,HISTORY,OPEN_RESPONSE,Facile,AI_GENERATED
5327,201,127,HISTORY,PROBLEM_SOLVING,Moyen,AI_GENERATED
5328,201,127,HISTORY,DOCUMENT_ANALYSIS,Difficile,AI_GENERATED
5329,201,127,HISTORY,JUSTIFICATION,Difficile,AI_GENERATED
5330,201,127,HISTORY,REASONING,Facile,AI_GENERATED
5331,201,127,HISTORY,BREVET_STYLE,Moyen,AI_GENERATED
5332,201,127,HISTORY,OFFICIAL_ARCHIVE,Difficile,AI_GENERATED
5333,201,127,HISTORY,OPEN_RESPONSE,Difficile,AI_GENERATED
5334,201,127,HISTORY,TRANSFER,Facile,AI_GENERATED
5335,201,127,HISTORY,AUTOMATISM,Moyen,AI_GENERATED
5336,201,127,HISTORY,OPEN_RESPONSE,Difficile,AI_GENERATED
5337,201,127,HISTORY,DIRECT_APPLICATION,Difficile,AI_GENERATED
5338,201,127,HISTORY,MULTI_STEP,Facile,AI_GENERATED
5299,201,127,HISTORY,AUTOMATISM,Moyen,AI_GENERATED
5300,201,127,HISTORY,OPEN_RESPONSE,Difficile,AI_GENERATED
5301,201,127,HISTORY,DIRECT_APPLICATION,Difficile,AI_GENERATED
5302,201,127,HISTORY,MULTI_STEP,Facile,AI_GENERATED
5303,201,127,HISTORY,PROBLEM_SOLVING,Moyen,AI_GENERATED
5304,201,127,HISTORY,DOCUMENT_ANALYSIS,Difficile,AI_GENERATED
5305,201,127,HISTORY,OPEN_RESPONSE,Difficile,AI_GENERATED
5306,201,127,HISTORY,REASONING,Facile,AI_GENERATED
5307,201,127,HISTORY,BREVET_STYLE,Moyen,AI_GENERATED
5308,201,127,HISTORY,OFFICIAL_ARCHIVE,Difficile,AI_GENERATED
5309,201,127,HISTORY,REMEDIATION,Difficile,AI_GENERATED
5310,201,127,HISTORY,TRANSFER,Facile,AI_GENERATED
5311,201,127,HISTORY,AUTOMATISM,Moyen,AI_GENERATED
5312,201,127,HISTORY,OPEN_RESPONSE,Difficile,AI_GENERATED
5313,201,127,HISTORY,DIRECT_APPLICATION,Difficile,AI_GENERATED
5314,201,127,HISTORY,MULTI_STEP,Facile,AI_GENERATED
5315,201,127,HISTORY,PROBLEM_SOLVING,Moyen,AI_GENERATED
5316,201,127,HISTORY,DOCUMENT_ANALYSIS,Difficile,AI_GENERATED
5317,201,127,HISTORY,JUSTIFICATION,Difficile,AI_GENERATED
5318,201,127,HISTORY,REASONING,Facile,AI_GENERATED
5319,201,127,HISTORY,OPEN_RESPONSE,Moyen,AI_GENERATED
5320,201,127,HISTORY,OFFICIAL_ARCHIVE,Difficile,AI_GENERATED
5321,201,127,HISTORY,REMEDIATION,Difficile,AI_GENERATED
5322,201,127,HISTORY,TRANSFER,Facile,AI_GENERATED
5355,202,127,HISTORY,DOCUMENT_ANALYSIS,Moyen,AI_GENERATED
5356,202,127,HISTORY,JUSTIFICATION,Difficile,AI_GENERATED
5357,202,127,HISTORY,REASONING,Difficile,AI_GENERATED
5358,202,127,HISTORY,BREVET_STYLE,Facile,AI_GENERATED
5359,202,127,HISTORY,OPEN_RESPONSE,Moyen,AI_GENERATED
5360,202,127,HISTORY,REMEDIATION,Difficile,AI_GENERATED
5361,202,127,HISTORY,TRANSFER,Difficile,AI_GENERATED
5362,202,127,HISTORY,AUTOMATISM,Facile,AI_GENERATED
5363,202,127,HISTORY,OPEN_RESPONSE,Moyen,AI_GENERATED
5364,202,127,HISTORY,DIRECT_APPLICATION,Difficile,AI_GENERATED
5365,202,127,HISTORY,MULTI_STEP,Difficile,AI_GENERATED
5366,202,127,HISTORY,OPEN_RESPONSE,Facile,AI_GENERATED
5367,202,127,HISTORY,DOCUMENT_ANALYSIS,Moyen,AI_GENERATED
5368,202,127,HISTORY,JUSTIFICATION,Difficile,AI_GENERATED
5369,202,127,HISTORY,REASONING,Difficile,AI_GENERATED
5370,202,127,HISTORY,BREVET_STYLE,Facile,AI_GENERATED
5371,202,127,HISTORY,OFFICIAL_ARCHIVE,Moyen,AI_GENERATED
5372,202,127,HISTORY,REMEDIATION,Difficile,AI_GENERATED
5373,202,127,HISTORY,OPEN_RESPONSE,Difficile,AI_GENERATED
5374,202,127,HISTORY,AUTOMATISM,Facile,AI_GENERATED
5375,202,127,HISTORY,OPEN_RESPONSE,Moyen,AI_GENERATED
5376,202,127,HISTORY,DIRECT_APPLICATION,Difficile,AI_GENERATED
5377,202,127,HISTORY,MULTI_STEP,Difficile,AI_GENERATED
5378,202,127,HISTORY,PROBLEM_SOLVING,Facile,AI_GENERATED
5339,202,127,HISTORY,OPEN_RESPONSE,Moyen,AI_GENERATED
5340,202,127,HISTORY,DIRECT_APPLICATION,Difficile,AI_GENERATED
5341,202,127,HISTORY,MULTI_STEP,Difficile,AI_GENERATED
5342,202,127,HISTORY,PROBLEM_SOLVING,Facile,AI_GENERATED
5343,202,127,HISTORY,DOCUMENT_ANALYSIS,Moyen,AI_GENERATED
5344,202,127,HISTORY,JUSTIFICATION,Difficile,AI_GENERATED
5345,202,127,HISTORY,OPEN_RESPONSE,Difficile,AI_GENERATED
5346,202,127,HISTORY,BREVET_STYLE,Facile,AI_GENERATED
5347,202,127,HISTORY,OFFICIAL_ARCHIVE,Moyen,AI_GENERATED
5348,202,127,HISTORY,REMEDIATION,Difficile,AI_GENERATED
5349,202,127,HISTORY,TRANSFER,Difficile,AI_GENERATED
5350,202,127,HISTORY,AUTOMATISM,Facile,AI_GENERATED
5351,202,127,HISTORY,OPEN_RESPONSE,Moyen,AI_GENERATED
5352,202,127,HISTORY,OPEN_RESPONSE,Difficile,AI_GENERATED
5353,202,127,HISTORY,MULTI_STEP,Difficile,AI_GENERATED
5354,202,127,HISTORY,PROBLEM_SOLVING,Facile,AI_GENERATED
5403,203,128,HISTORY,DIRECT_APPLICATION,Moyen,AI_GENERATED
5404,203,128,HISTORY,MULTI_STEP,Difficile,AI_GENERATED
5405,203,128,HISTORY,PROBLEM_SOLVING,Difficile,AI_GENERATED
5406,203,128,HISTORY,OPEN_RESPONSE,Facile,AI_GENERATED
5407,203,128,HISTORY,JUSTIFICATION,Moyen,AI_GENERATED
5408,203,128,HISTORY,REASONING,Difficile,AI_GENERATED
5409,203,128,HISTORY,BREVET_STYLE,Difficile,AI_GENERATED
5410,203,128,HISTORY,OFFICIAL_ARCHIVE,Facile,AI_GENERATED
5411,203,128,HISTORY,REMEDIATION,Moyen,AI_GENERATED
5412,203,128,HISTORY,TRANSFER,Difficile,AI_GENERATED
5413,203,128,HISTORY,OPEN_RESPONSE,Difficile,AI_GENERATED
5414,203,128,HISTORY,OPEN_RESPONSE,Facile,AI_GENERATED
5415,203,128,HISTORY,DIRECT_APPLICATION,Moyen,AI_GENERATED
5416,203,128,HISTORY,MULTI_STEP,Difficile,AI_GENERATED
5417,203,128,HISTORY,PROBLEM_SOLVING,Difficile,AI_GENERATED
5418,203,128,HISTORY,DOCUMENT_ANALYSIS,Facile,AI_GENERATED
5419,203,128,HISTORY,JUSTIFICATION,Moyen,AI_GENERATED
5420,203,128,HISTORY,OPEN_RESPONSE,Difficile,AI_GENERATED
5421,203,128,HISTORY,BREVET_STYLE,Difficile,AI_GENERATED
5422,203,128,HISTORY,OFFICIAL_ARCHIVE,Facile,AI_GENERATED
5423,203,128,HISTORY,REMEDIATION,Moyen,AI_GENERATED
5424,203,128,HISTORY,TRANSFER,Difficile,AI_GENERATED
5425,203,128,HISTORY,AUTOMATISM,Difficile,AI_GENERATED
5426,203,128,HISTORY,OPEN_RESPONSE,Facile,AI_GENERATED
5427,203,128,HISTORY,OPEN_RESPONSE,Moyen,AI_GENERATED
5428,203,128,HISTORY,MULTI_STEP,Difficile,AI_GENERATED
5379,203,128,HISTORY,DIRECT_APPLICATION,Moyen,AI_GENERATED
5380,203,128,HISTORY,MULTI_STEP,Difficile,AI_GENERATED
5381,203,128,HISTORY,PROBLEM_SOLVING,Difficile,AI_GENERATED
5382,203,128,HISTORY,DOCUMENT_ANALYSIS,Facile,AI_GENERATED
5383,203,128,HISTORY,JUSTIFICATION,Moyen,AI_GENERATED
5384,203,128,HISTORY,REASONING,Difficile,AI_GENERATED
5385,203,128,HISTORY,OPEN_RESPONSE,Difficile,AI_GENERATED
5386,203,128,HISTORY,OFFICIAL_ARCHIVE,Facile,AI_GENERATED
5387,203,128,HISTORY,REMEDIATION,Moyen,AI_GENERATED
5388,203,128,HISTORY,TRANSFER,Difficile,AI_GENERATED
5389,203,128,HISTORY,AUTOMATISM,Difficile,AI_GENERATED
5390,203,128,HISTORY,OPEN_RESPONSE,Facile,AI_GENERATED
5391,203,128,HISTORY,DIRECT_APPLICATION,Moyen,AI_GENERATED
5392,203,128,HISTORY,OPEN_RESPONSE,Difficile,AI_GENERATED
5393,203,128,HISTORY,PROBLEM_SOLVING,Difficile,AI_GENERATED
5394,203,128,HISTORY,DOCUMENT_ANALYSIS,Facile,AI_GENERATED
5395,203,128,HISTORY,JUSTIFICATION,Moyen,AI_GENERATED
5396,203,128,HISTORY,REASONING,Difficile,AI_GENERATED
5397,203,128,HISTORY,BREVET_STYLE,Difficile,AI_GENERATED
5398,203,128,HISTORY,OFFICIAL_ARCHIVE,Facile,AI_GENERATED
5399,203,128,HISTORY,OPEN_RESPONSE,Moyen,AI_GENERATED
5400,203,128,HISTORY,TRANSFER,Difficile,AI_GENERATED
5401,203,128,HISTORY,AUTOMATISM,Difficile,AI_GENERATED
5402,203,128,HISTORY,OPEN_RESPONSE,Facile,AI_GENERATED
5453,204,128,HISTORY,MULTI_STEP,Moyen,AI_GENERATED
5454,204,128,HISTORY,PROBLEM_SOLVING,Difficile,AI_GENERATED
5455,204,128,HISTORY,DOCUMENT_ANALYSIS,Difficile,AI_GENERATED
5456,204,128,HISTORY,OPEN_RESPONSE,Facile,AI_GENERATED
5457,204,128,HISTORY,REASONING,Moyen,AI_GENERATED
5458,204,128,HISTORY,BREVET_STYLE,Difficile,AI_GENERATED
5459,204,128,HISTORY,OFFICIAL_ARCHIVE,Difficile,AI_GENERATED
5460,204,128,HISTORY,REMEDIATION,Facile,AI_GENERATED
5461,204,128,HISTORY,TRANSFER,Moyen,AI_GENERATED
5462,204,128,HISTORY,AUTOMATISM,Difficile,AI_GENERATED
5463,204,128,HISTORY,OPEN_RESPONSE,Difficile,AI_GENERATED
5464,204,128,HISTORY,DIRECT_APPLICATION,Facile,AI_GENERATED
5465,204,128,HISTORY,MULTI_STEP,Moyen,AI_GENERATED
5466,204,128,HISTORY,PROBLEM_SOLVING,Difficile,AI_GENERATED
5467,204,128,HISTORY,DOCUMENT_ANALYSIS,Difficile,AI_GENERATED
5468,204,128,HISTORY,JUSTIFICATION,Facile,AI_GENERATED
5469,204,128,HISTORY,REASONING,Moyen,AI_GENERATED
5470,204,128,HISTORY,OPEN_RESPONSE,Difficile,AI_GENERATED
5471,204,128,HISTORY,OFFICIAL_ARCHIVE,Difficile,AI_GENERATED
5472,204,128,HISTORY,REMEDIATION,Facile,AI_GENERATED
5473,204,128,HISTORY,TRANSFER,Moyen,AI_GENERATED
5474,204,128,HISTORY,AUTOMATISM,Difficile,AI_GENERATED
5475,204,128,HISTORY,OPEN_RESPONSE,Difficile,AI_GENERATED
5476,204,128,HISTORY,DIRECT_APPLICATION,Facile,AI_GENERATED
5477,204,128,HISTORY,OPEN_RESPONSE,Moyen,AI_GENERATED
5478,204,128,HISTORY,PROBLEM_SOLVING,Difficile,AI_GENERATED
5429,204,128,HISTORY,MULTI_STEP,Moyen,AI_GENERATED
5430,204,128,HISTORY,PROBLEM_SOLVING,Difficile,AI_GENERATED
5431,204,128,HISTORY,DOCUMENT_ANALYSIS,Difficile,AI_GENERATED
5432,204,128,HISTORY,JUSTIFICATION,Facile,AI_GENERATED
5433,204,128,HISTORY,REASONING,Moyen,AI_GENERATED
5434,204,128,HISTORY,BREVET_STYLE,Difficile,AI_GENERATED
5435,204,128,HISTORY,OPEN_RESPONSE,Difficile,AI_GENERATED
5436,204,128,HISTORY,REMEDIATION,Facile,AI_GENERATED
5437,204,128,HISTORY,TRANSFER,Moyen,AI_GENERATED
5438,204,128,HISTORY,AUTOMATISM,Difficile,AI_GENERATED
5439,204,128,HISTORY,OPEN_RESPONSE,Difficile,AI_GENERATED
5440,204,128,HISTORY,DIRECT_APPLICATION,Facile,AI_GENERATED
5441,204,128,HISTORY,MULTI_STEP,Moyen,AI_GENERATED
5442,204,128,HISTORY,OPEN_RESPONSE,Difficile,AI_GENERATED
5443,204,128,HISTORY,DOCUMENT_ANALYSIS,Difficile,AI_GENERATED
5444,204,128,HISTORY,JUSTIFICATION,Facile,AI_GENERATED
5445,204,128,HISTORY,REASONING,Moyen,AI_GENERATED
5446,204,128,HISTORY,BREVET_STYLE,Difficile,AI_GENERATED
5447,204,128,HISTORY,OFFICIAL_ARCHIVE,Difficile,AI_GENERATED
5448,204,128,HISTORY,REMEDIATION,Facile,AI_GENERATED
5449,204,128,HISTORY,OPEN_RESPONSE,Moyen,AI_GENERATED
5450,204,128,HISTORY,AUTOMATISM,Difficile,AI_GENERATED
5451,204,128,HISTORY,OPEN_RESPONSE,Difficile,AI_GENERATED
5452,204,128,HISTORY,DIRECT_APPLICATION,Facile,AI_GENERATED
5479,205,129,HISTORY,PROBLEM_SOLVING,Moyen,AI_GENERATED
5480,205,129,HISTORY,DOCUMENT_ANALYSIS,Difficile,AI_GENERATED
5481,205,129,HISTORY,JUSTIFICATION,Difficile,AI_GENERATED
5482,205,129,HISTORY,REASONING,Facile,AI_GENERATED
5483,205,129,HISTORY,BREVET_STYLE,Moyen,AI_GENERATED
5484,205,129,HISTORY,OFFICIAL_ARCHIVE,Difficile,AI_GENERATED
5485,205,129,HISTORY,OPEN_RESPONSE,Difficile,AI_GENERATED
5486,205,129,HISTORY,TRANSFER,Facile,AI_GENERATED
5487,205,129,HISTORY,AUTOMATISM,Moyen,AI_GENERATED
5488,205,129,HISTORY,OPEN_RESPONSE,Difficile,AI_GENERATED
5489,205,129,HISTORY,DIRECT_APPLICATION,Difficile,AI_GENERATED
5490,205,129,HISTORY,MULTI_STEP,Facile,AI_GENERATED
5491,205,129,HISTORY,PROBLEM_SOLVING,Moyen,AI_GENERATED
5492,205,129,HISTORY,OPEN_RESPONSE,Difficile,AI_GENERATED
5493,205,129,HISTORY,JUSTIFICATION,Difficile,AI_GENERATED
5494,205,129,HISTORY,REASONING,Facile,AI_GENERATED
5495,205,129,HISTORY,BREVET_STYLE,Moyen,AI_GENERATED
5496,205,129,HISTORY,OFFICIAL_ARCHIVE,Difficile,AI_GENERATED
5497,205,129,HISTORY,REMEDIATION,Difficile,AI_GENERATED
5498,205,129,HISTORY,TRANSFER,Facile,AI_GENERATED
5499,205,129,HISTORY,OPEN_RESPONSE,Moyen,AI_GENERATED
5500,205,129,HISTORY,OPEN_RESPONSE,Difficile,AI_GENERATED
5501,205,129,HISTORY,DIRECT_APPLICATION,Difficile,AI_GENERATED
5502,205,129,HISTORY,MULTI_STEP,Facile,AI_GENERATED
5503,205,129,HISTORY,PROBLEM_SOLVING,Moyen,AI_GENERATED
5504,205,129,HISTORY,DOCUMENT_ANALYSIS,Difficile,AI_GENERATED
5505,205,129,HISTORY,JUSTIFICATION,Difficile,AI_GENERATED
5506,205,129,HISTORY,OPEN_RESPONSE,Facile,AI_GENERATED
5507,205,129,HISTORY,BREVET_STYLE,Moyen,AI_GENERATED
5508,205,129,HISTORY,OFFICIAL_ARCHIVE,Difficile,AI_GENERATED
5509,205,129,HISTORY,REMEDIATION,Difficile,AI_GENERATED
5510,205,129,HISTORY,TRANSFER,Facile,AI_GENERATED
5511,205,129,HISTORY,AUTOMATISM,Moyen,AI_GENERATED
5512,205,129,HISTORY,OPEN_RESPONSE,Difficile,AI_GENERATED
5513,205,129,HISTORY,OPEN_RESPONSE,Difficile,AI_GENERATED
5514,205,129,HISTORY,MULTI_STEP,Facile,AI_GENERATED
5515,205,129,HISTORY,PROBLEM_SOLVING,Moyen,AI_GENERATED
5516,205,129,HISTORY,DOCUMENT_ANALYSIS,Difficile,AI_GENERATED
5517,205,129,HISTORY,JUSTIFICATION,Difficile,AI_GENERATED
5518,205,129,HISTORY,REASONING,Facile,AI_GENERATED
5524,206,129,HISTORY,REMEDIATION,Difficile,AI_GENERATED
5525,206,129,HISTORY,OPEN_RESPONSE,Difficile,AI_GENERATED
5526,206,129,HISTORY,AUTOMATISM,Facile,AI_GENERATED
5527,206,129,HISTORY,OPEN_RESPONSE,Moyen,AI_GENERATED
5528,206,129,HISTORY,DIRECT_APPLICATION,Difficile,AI_GENERATED
5529,206,129,HISTORY,MULTI_STEP,Difficile,AI_GENERATED
5530,206,129,HISTORY,PROBLEM_SOLVING,Facile,AI_GENERATED
5531,206,129,HISTORY,DOCUMENT_ANALYSIS,Moyen,AI_GENERATED
5532,206,129,HISTORY,OPEN_RESPONSE,Difficile,AI_GENERATED
5533,206,129,HISTORY,REASONING,Difficile,AI_GENERATED
5534,206,129,HISTORY,BREVET_STYLE,Facile,AI_GENERATED
5535,206,129,HISTORY,OFFICIAL_ARCHIVE,Moyen,AI_GENERATED
5536,206,129,HISTORY,REMEDIATION,Difficile,AI_GENERATED
5537,206,129,HISTORY,TRANSFER,Difficile,AI_GENERATED
5538,206,129,HISTORY,AUTOMATISM,Facile,AI_GENERATED
5539,206,129,HISTORY,OPEN_RESPONSE,Moyen,AI_GENERATED
5540,206,129,HISTORY,DIRECT_APPLICATION,Difficile,AI_GENERATED
5541,206,129,HISTORY,MULTI_STEP,Difficile,AI_GENERATED
5542,206,129,HISTORY,PROBLEM_SOLVING,Facile,AI_GENERATED
5543,206,129,HISTORY,DOCUMENT_ANALYSIS,Moyen,AI_GENERATED
5544,206,129,HISTORY,JUSTIFICATION,Difficile,AI_GENERATED
5545,206,129,HISTORY,REASONING,Difficile,AI_GENERATED
5546,206,129,HISTORY,OPEN_RESPONSE,Facile,AI_GENERATED
5547,206,129,HISTORY,OFFICIAL_ARCHIVE,Moyen,AI_GENERATED
5548,206,129,HISTORY,REMEDIATION,Difficile,AI_GENERATED
5549,206,129,HISTORY,TRANSFER,Difficile,AI_GENERATED
5550,206,129,HISTORY,AUTOMATISM,Facile,AI_GENERATED
5551,206,129,HISTORY,OPEN_RESPONSE,Moyen,AI_GENERATED
5552,206,129,HISTORY,DIRECT_APPLICATION,Difficile,AI_GENERATED
5553,206,129,HISTORY,OPEN_RESPONSE,Difficile,AI_GENERATED
5554,206,129,HISTORY,PROBLEM_SOLVING,Facile,AI_GENERATED
5555,206,129,HISTORY,DOCUMENT_ANALYSIS,Moyen,AI_GENERATED
5556,206,129,HISTORY,JUSTIFICATION,Difficile,AI_GENERATED
5557,206,129,HISTORY,REASONING,Difficile,AI_GENERATED
5558,206,129,HISTORY,BREVET_STYLE,Facile,AI_GENERATED
5519,206,129,HISTORY,DOCUMENT_ANALYSIS,Moyen,AI_GENERATED
5520,206,129,HISTORY,JUSTIFICATION,Difficile,AI_GENERATED
5521,206,129,HISTORY,REASONING,Difficile,AI_GENERATED
5522,206,129,HISTORY,BREVET_STYLE,Facile,AI_GENERATED
5523,206,129,HISTORY,OFFICIAL_ARCHIVE,Moyen,AI_GENERATED
5559,207,129,HISTORY,JUSTIFICATION,Moyen,AI_GENERATED
5560,207,129,HISTORY,REASONING,Difficile,AI_GENERATED
5561,207,129,HISTORY,BREVET_STYLE,Difficile,AI_GENERATED
5562,207,129,HISTORY,OFFICIAL_ARCHIVE,Facile,AI_GENERATED
5563,207,129,HISTORY,REMEDIATION,Moyen,AI_GENERATED
5564,207,129,HISTORY,TRANSFER,Difficile,AI_GENERATED
5565,207,129,HISTORY,OPEN_RESPONSE,Difficile,AI_GENERATED
5566,207,129,HISTORY,OPEN_RESPONSE,Facile,AI_GENERATED
5567,207,129,HISTORY,DIRECT_APPLICATION,Moyen,AI_GENERATED
5568,207,129,HISTORY,MULTI_STEP,Difficile,AI_GENERATED
5569,207,129,HISTORY,PROBLEM_SOLVING,Difficile,AI_GENERATED
5570,207,129,HISTORY,DOCUMENT_ANALYSIS,Facile,AI_GENERATED
5571,207,129,HISTORY,JUSTIFICATION,Moyen,AI_GENERATED
5572,207,129,HISTORY,OPEN_RESPONSE,Difficile,AI_GENERATED
5573,207,129,HISTORY,BREVET_STYLE,Difficile,AI_GENERATED
5574,207,129,HISTORY,OFFICIAL_ARCHIVE,Facile,AI_GENERATED
5575,207,129,HISTORY,REMEDIATION,Moyen,AI_GENERATED
5576,207,129,HISTORY,TRANSFER,Difficile,AI_GENERATED
5577,209,130,GEOGRAPHY,BREVET_STYLE,Moyen,LEGACY_BANK
5578,209,130,GEOGRAPHY,OFFICIAL_ARCHIVE,Difficile,LEGACY_BANK
5579,209,130,GEOGRAPHY,REMEDIATION,Difficile,LEGACY_BANK
5580,209,130,GEOGRAPHY,TRANSFER,Facile,LEGACY_BANK
5581,209,130,GEOGRAPHY,AUTOMATISM,Moyen,LEGACY_BANK
5582,209,130,GEOGRAPHY,OPEN_RESPONSE,Difficile,LEGACY_BANK
5583,209,130,GEOGRAPHY,DIRECT_APPLICATION,Difficile,LEGACY_BANK
5584,209,130,GEOGRAPHY,MULTI_STEP,Facile,LEGACY_BANK
5585,209,130,GEOGRAPHY,PROBLEM_SOLVING,Moyen,LEGACY_BANK
5586,209,130,GEOGRAPHY,DOCUMENT_ANALYSIS,Difficile,LEGACY_BANK
5587,209,130,GEOGRAPHY,JUSTIFICATION,Difficile,LEGACY_BANK
5588,209,130,GEOGRAPHY,REASONING,Facile,LEGACY_BANK
5589,210,131,GEOGRAPHY,OFFICIAL_ARCHIVE,Moyen,LEGACY_BANK
5590,210,131,GEOGRAPHY,REMEDIATION,Difficile,LEGACY_BANK
5591,210,131,GEOGRAPHY,TRANSFER,Difficile,LEGACY_BANK
5592,210,131,GEOGRAPHY,AUTOMATISM,Facile,LEGACY_BANK
5593,210,131,GEOGRAPHY,OPEN_RESPONSE,Moyen,LEGACY_BANK
5594,210,131,GEOGRAPHY,DIRECT_APPLICATION,Difficile,LEGACY_BANK
5595,210,131,GEOGRAPHY,MULTI_STEP,Difficile,LEGACY_BANK
5596,210,131,GEOGRAPHY,PROBLEM_SOLVING,Facile,LEGACY_BANK
5597,210,131,GEOGRAPHY,DOCUMENT_ANALYSIS,Moyen,LEGACY_BANK
5598,210,131,GEOGRAPHY,JUSTIFICATION,Difficile,LEGACY_BANK
5599,210,131,GEOGRAPHY,REASONING,Difficile,LEGACY_BANK
5600,210,131,GEOGRAPHY,BREVET_STYLE,Facile,LEGACY_BANK
5601,211,131,GEOGRAPHY,REMEDIATION,Moyen,LEGACY_BANK
5602,211,131,GEOGRAPHY,TRANSFER,Difficile,LEGACY_BANK
5603,211,131,GEOGRAPHY,AUTOMATISM,Difficile,LEGACY_BANK
5604,211,131,GEOGRAPHY,OPEN_RESPONSE,Facile,LEGACY_BANK
5605,211,131,GEOGRAPHY,DIRECT_APPLICATION,Moyen,LEGACY_BANK
5606,211,131,GEOGRAPHY,MULTI_STEP,Difficile,LEGACY_BANK
5607,211,131,GEOGRAPHY,PROBLEM_SOLVING,Difficile,LEGACY_BANK
5608,211,131,GEOGRAPHY,DOCUMENT_ANALYSIS,Facile,LEGACY_BANK
5609,211,131,GEOGRAPHY,JUSTIFICATION,Moyen,LEGACY_BANK
5610,211,131,GEOGRAPHY,REASONING,Difficile,LEGACY_BANK
5611,211,131,GEOGRAPHY,BREVET_STYLE,Difficile,LEGACY_BANK
5612,211,131,GEOGRAPHY,OFFICIAL_ARCHIVE,Facile,LEGACY_BANK
5617,212,132,GEOGRAPHY,MULTI_STEP,Moyen,LEGACY_BANK
5618,212,132,GEOGRAPHY,PROBLEM_SOLVING,Difficile,LEGACY_BANK
5619,212,132,GEOGRAPHY,DOCUMENT_ANALYSIS,Difficile,LEGACY_BANK
5620,212,132,GEOGRAPHY,JUSTIFICATION,Facile,LEGACY_BANK
5621,212,132,GEOGRAPHY,REASONING,Moyen,LEGACY_BANK
5622,212,132,GEOGRAPHY,BREVET_STYLE,Difficile,LEGACY_BANK
5623,212,132,GEOGRAPHY,OFFICIAL_ARCHIVE,Difficile,LEGACY_BANK
5624,212,132,GEOGRAPHY,REMEDIATION,Facile,LEGACY_BANK
5613,212,132,GEOGRAPHY,TRANSFER,Moyen,LEGACY_BANK
5614,212,132,GEOGRAPHY,AUTOMATISM,Difficile,LEGACY_BANK
5615,212,132,GEOGRAPHY,OPEN_RESPONSE,Difficile,LEGACY_BANK
5616,212,132,GEOGRAPHY,DIRECT_APPLICATION,Facile,LEGACY_BANK
5625,213,132,GEOGRAPHY,AUTOMATISM,Moyen,LEGACY_BANK
5626,213,132,GEOGRAPHY,OPEN_RESPONSE,Difficile,LEGACY_BANK
5627,213,132,GEOGRAPHY,DIRECT_APPLICATION,Difficile,LEGACY_BANK
5628,213,132,GEOGRAPHY,MULTI_STEP,Facile,LEGACY_BANK
5629,213,132,GEOGRAPHY,PROBLEM_SOLVING,Moyen,LEGACY_BANK
5630,213,132,GEOGRAPHY,DOCUMENT_ANALYSIS,Difficile,LEGACY_BANK
5631,213,132,GEOGRAPHY,JUSTIFICATION,Difficile,LEGACY_BANK
5632,213,132,GEOGRAPHY,REASONING,Facile,LEGACY_BANK
5633,213,132,GEOGRAPHY,BREVET_STYLE,Moyen,LEGACY_BANK
5634,213,132,GEOGRAPHY,OFFICIAL_ARCHIVE,Difficile,LEGACY_BANK
5635,213,132,GEOGRAPHY,REMEDIATION,Difficile,LEGACY_BANK
5636,213,132,GEOGRAPHY,TRANSFER,Facile,LEGACY_BANK
5637,214,133,GEOGRAPHY,OPEN_RESPONSE,Moyen,LEGACY_BANK
5638,214,133,GEOGRAPHY,DIRECT_APPLICATION,Difficile,LEGACY_BANK
5639,214,133,GEOGRAPHY,MULTI_STEP,Difficile,LEGACY_BANK
5640,214,133,GEOGRAPHY,PROBLEM_SOLVING,Facile,LEGACY_BANK
5641,214,133,GEOGRAPHY,DOCUMENT_ANALYSIS,Moyen,LEGACY_BANK
5642,214,133,GEOGRAPHY,JUSTIFICATION,Difficile,LEGACY_BANK
5643,214,133,GEOGRAPHY,REASONING,Difficile,LEGACY_BANK
5644,214,133,GEOGRAPHY,BREVET_STYLE,Facile,LEGACY_BANK
5645,214,133,GEOGRAPHY,OFFICIAL_ARCHIVE,Moyen,LEGACY_BANK
5646,214,133,GEOGRAPHY,REMEDIATION,Difficile,LEGACY_BANK
5647,214,133,GEOGRAPHY,TRANSFER,Difficile,LEGACY_BANK
5648,214,133,GEOGRAPHY,AUTOMATISM,Facile,LEGACY_BANK
5649,215,133,GEOGRAPHY,DIRECT_APPLICATION,Moyen,LEGACY_BANK
5650,215,133,GEOGRAPHY,MULTI_STEP,Difficile,LEGACY_BANK
5651,215,133,GEOGRAPHY,PROBLEM_SOLVING,Difficile,LEGACY_BANK
5652,215,133,GEOGRAPHY,DOCUMENT_ANALYSIS,Facile,LEGACY_BANK
5653,215,133,GEOGRAPHY,JUSTIFICATION,Moyen,LEGACY_BANK
5654,215,133,GEOGRAPHY,REASONING,Difficile,LEGACY_BANK
5655,215,133,GEOGRAPHY,BREVET_STYLE,Difficile,LEGACY_BANK
5656,215,133,GEOGRAPHY,OFFICIAL_ARCHIVE,Facile,LEGACY_BANK
5657,215,133,GEOGRAPHY,REMEDIATION,Moyen,LEGACY_BANK
5658,215,133,GEOGRAPHY,TRANSFER,Difficile,LEGACY_BANK
5659,215,133,GEOGRAPHY,AUTOMATISM,Difficile,LEGACY_BANK
5660,215,133,GEOGRAPHY,OPEN_RESPONSE,Facile,LEGACY_BANK
5661,217,134,GEOGRAPHY,PROBLEM_SOLVING,Moyen,LEGACY_BANK
5662,217,134,GEOGRAPHY,DOCUMENT_ANALYSIS,Difficile,LEGACY_BANK
5663,217,134,GEOGRAPHY,JUSTIFICATION,Difficile,LEGACY_BANK
5664,217,134,GEOGRAPHY,REASONING,Facile,LEGACY_BANK
5665,217,134,GEOGRAPHY,BREVET_STYLE,Moyen,LEGACY_BANK
5666,217,134,GEOGRAPHY,OFFICIAL_ARCHIVE,Difficile,LEGACY_BANK
5667,217,134,GEOGRAPHY,REMEDIATION,Difficile,LEGACY_BANK
5668,217,134,GEOGRAPHY,TRANSFER,Facile,LEGACY_BANK
5669,217,134,GEOGRAPHY,AUTOMATISM,Moyen,LEGACY_BANK
5670,217,134,GEOGRAPHY,OPEN_RESPONSE,Difficile,LEGACY_BANK
5671,217,134,GEOGRAPHY,DIRECT_APPLICATION,Difficile,LEGACY_BANK
5672,217,134,GEOGRAPHY,MULTI_STEP,Facile,LEGACY_BANK
5677,218,135,GEOGRAPHY,OFFICIAL_ARCHIVE,Moyen,LEGACY_BANK
5678,218,135,GEOGRAPHY,REMEDIATION,Difficile,LEGACY_BANK
5679,218,135,GEOGRAPHY,TRANSFER,Difficile,LEGACY_BANK
5680,218,135,GEOGRAPHY,AUTOMATISM,Facile,LEGACY_BANK
5681,218,135,GEOGRAPHY,OPEN_RESPONSE,Moyen,LEGACY_BANK
5682,218,135,GEOGRAPHY,DIRECT_APPLICATION,Difficile,LEGACY_BANK
5683,218,135,GEOGRAPHY,MULTI_STEP,Difficile,LEGACY_BANK
5684,218,135,GEOGRAPHY,PROBLEM_SOLVING,Facile,LEGACY_BANK
5673,218,135,GEOGRAPHY,DOCUMENT_ANALYSIS,Moyen,LEGACY_BANK
5674,218,135,GEOGRAPHY,JUSTIFICATION,Difficile,LEGACY_BANK
5675,218,135,GEOGRAPHY,REASONING,Difficile,LEGACY_BANK
5676,218,135,GEOGRAPHY,BREVET_STYLE,Facile,LEGACY_BANK
5685,219,135,GEOGRAPHY,JUSTIFICATION,Moyen,LEGACY_BANK
5686,219,135,GEOGRAPHY,REASONING,Difficile,LEGACY_BANK
5687,219,135,GEOGRAPHY,BREVET_STYLE,Difficile,LEGACY_BANK
5688,219,135,GEOGRAPHY,OFFICIAL_ARCHIVE,Facile,LEGACY_BANK
5689,219,135,GEOGRAPHY,REMEDIATION,Moyen,LEGACY_BANK
5690,219,135,GEOGRAPHY,TRANSFER,Difficile,LEGACY_BANK
5691,219,135,GEOGRAPHY,AUTOMATISM,Difficile,LEGACY_BANK
5692,219,135,GEOGRAPHY,OPEN_RESPONSE,Facile,LEGACY_BANK
5693,219,135,GEOGRAPHY,DIRECT_APPLICATION,Moyen,LEGACY_BANK
5694,219,135,GEOGRAPHY,MULTI_STEP,Difficile,LEGACY_BANK
5695,219,135,GEOGRAPHY,PROBLEM_SOLVING,Difficile,LEGACY_BANK
5696,219,135,GEOGRAPHY,DOCUMENT_ANALYSIS,Facile,LEGACY_BANK
5697,221,136,GEOGRAPHY,BREVET_STYLE,Moyen,LEGACY_BANK
5698,221,136,GEOGRAPHY,OFFICIAL_ARCHIVE,Difficile,LEGACY_BANK
5699,221,136,GEOGRAPHY,REMEDIATION,Difficile,LEGACY_BANK
5700,221,136,GEOGRAPHY,TRANSFER,Facile,LEGACY_BANK
5701,221,136,GEOGRAPHY,AUTOMATISM,Moyen,LEGACY_BANK
5702,221,136,GEOGRAPHY,OPEN_RESPONSE,Difficile,LEGACY_BANK
5703,221,136,GEOGRAPHY,DIRECT_APPLICATION,Difficile,LEGACY_BANK
5704,221,136,GEOGRAPHY,MULTI_STEP,Facile,LEGACY_BANK
5705,221,136,GEOGRAPHY,PROBLEM_SOLVING,Moyen,LEGACY_BANK
5706,221,136,GEOGRAPHY,DOCUMENT_ANALYSIS,Difficile,LEGACY_BANK
5707,221,136,GEOGRAPHY,JUSTIFICATION,Difficile,LEGACY_BANK
5708,221,136,GEOGRAPHY,REASONING,Facile,LEGACY_BANK
5712,222,137,EMC,AUTOMATISM,Facile,LEGACY_BANK
5713,222,137,EMC,OPEN_RESPONSE,Moyen,LEGACY_BANK
5714,222,137,EMC,DIRECT_APPLICATION,Difficile,LEGACY_BANK
5715,222,137,EMC,OPEN_RESPONSE,Difficile,LEGACY_BANK
5716,222,137,EMC,PROBLEM_SOLVING,Facile,LEGACY_BANK
5717,222,137,EMC,DOCUMENT_ANALYSIS,Moyen,LEGACY_BANK
5718,222,137,EMC,JUSTIFICATION,Difficile,LEGACY_BANK
5719,222,137,EMC,REASONING,Difficile,LEGACY_BANK
5720,222,137,EMC,BREVET_STYLE,Facile,LEGACY_BANK
5721,222,137,EMC,OPEN_RESPONSE,Difficile,LEGACY_BANK
5722,222,137,EMC,MULTI_STEP,Difficile,LEGACY_BANK
5723,222,137,EMC,OPEN_RESPONSE,Facile,LEGACY_BANK
5709,222,137,EMC,OFFICIAL_ARCHIVE,Moyen,LEGACY_BANK
5710,222,137,EMC,REMEDIATION,Difficile,LEGACY_BANK
5711,222,137,EMC,TRANSFER,Difficile,LEGACY_BANK
5724,223,137,EMC,REMEDIATION,Moyen,LEGACY_BANK
5725,223,137,EMC,TRANSFER,Difficile,LEGACY_BANK
5726,223,137,EMC,AUTOMATISM,Difficile,LEGACY_BANK
5727,223,137,EMC,OPEN_RESPONSE,Facile,LEGACY_BANK
5728,223,137,EMC,DIRECT_APPLICATION,Moyen,LEGACY_BANK
5729,223,137,EMC,MULTI_STEP,Difficile,LEGACY_BANK
5730,223,137,EMC,OPEN_RESPONSE,Difficile,LEGACY_BANK
5731,223,137,EMC,DOCUMENT_ANALYSIS,Facile,LEGACY_BANK
5732,223,137,EMC,JUSTIFICATION,Moyen,LEGACY_BANK
5733,223,137,EMC,REASONING,Difficile,LEGACY_BANK
5734,223,137,EMC,BREVET_STYLE,Difficile,LEGACY_BANK
5735,223,137,EMC,OFFICIAL_ARCHIVE,Facile,LEGACY_BANK
5736,223,137,EMC,OPEN_RESPONSE,Difficile,LEGACY_BANK
5737,223,137,EMC,PROBLEM_SOLVING,Difficile,LEGACY_BANK
5738,223,137,EMC,OPEN_RESPONSE,Moyen,LEGACY_BANK
5743,224,138,EMC,MULTI_STEP,Moyen,LEGACY_BANK
5744,224,138,EMC,PROBLEM_SOLVING,Difficile,LEGACY_BANK
5745,224,138,EMC,JUSTIFICATION,Facile,LEGACY_BANK
5746,224,138,EMC,REASONING,Moyen,LEGACY_BANK
5747,224,138,EMC,BREVET_STYLE,Difficile,LEGACY_BANK
5748,224,138,EMC,OFFICIAL_ARCHIVE,Difficile,LEGACY_BANK
5749,224,138,EMC,REMEDIATION,Facile,LEGACY_BANK
5750,224,138,EMC,OPEN_RESPONSE,Difficile,LEGACY_BANK
5751,224,138,EMC,DOCUMENT_ANALYSIS,Difficile,LEGACY_BANK
5752,224,138,EMC,OPEN_RESPONSE,Moyen,LEGACY_BANK
5753,224,138,EMC,OPEN_RESPONSE,Facile,LEGACY_BANK
5739,224,138,EMC,TRANSFER,Moyen,LEGACY_BANK
5740,224,138,EMC,AUTOMATISM,Difficile,LEGACY_BANK
5741,224,138,EMC,OPEN_RESPONSE,Difficile,LEGACY_BANK
5742,224,138,EMC,DIRECT_APPLICATION,Facile,LEGACY_BANK
5754,225,138,EMC,AUTOMATISM,Moyen,LEGACY_BANK
5755,225,138,EMC,OPEN_RESPONSE,Difficile,LEGACY_BANK
5756,225,138,EMC,DIRECT_APPLICATION,Difficile,LEGACY_BANK
5757,225,138,EMC,MULTI_STEP,Facile,LEGACY_BANK
5758,225,138,EMC,PROBLEM_SOLVING,Moyen,LEGACY_BANK
5759,225,138,EMC,DOCUMENT_ANALYSIS,Difficile,LEGACY_BANK
5760,225,138,EMC,OPEN_RESPONSE,Difficile,LEGACY_BANK
5761,225,138,EMC,REASONING,Facile,LEGACY_BANK
5762,225,138,EMC,BREVET_STYLE,Moyen,LEGACY_BANK
5763,225,138,EMC,OFFICIAL_ARCHIVE,Difficile,LEGACY_BANK
5764,225,138,EMC,REMEDIATION,Difficile,LEGACY_BANK
5765,225,138,EMC,TRANSFER,Facile,LEGACY_BANK
5766,225,138,EMC,JUSTIFICATION,Difficile,LEGACY_BANK
5767,225,138,EMC,OPEN_RESPONSE,Moyen,LEGACY_BANK
5768,225,138,EMC,OPEN_RESPONSE,Facile,LEGACY_BANK
5769,226,139,EMC,OPEN_RESPONSE,Moyen,LEGACY_BANK
5770,226,139,EMC,DIRECT_APPLICATION,Difficile,LEGACY_BANK
5771,226,139,EMC,MULTI_STEP,Difficile,LEGACY_BANK
5772,226,139,EMC,PROBLEM_SOLVING,Facile,LEGACY_BANK
5773,226,139,EMC,DOCUMENT_ANALYSIS,Moyen,LEGACY_BANK
5774,226,139,EMC,JUSTIFICATION,Difficile,LEGACY_BANK
5775,226,139,EMC,OPEN_RESPONSE,Difficile,LEGACY_BANK
5776,226,139,EMC,BREVET_STYLE,Facile,LEGACY_BANK
5777,226,139,EMC,OFFICIAL_ARCHIVE,Moyen,LEGACY_BANK
5778,226,139,EMC,REMEDIATION,Difficile,LEGACY_BANK
5779,226,139,EMC,TRANSFER,Difficile,LEGACY_BANK
5780,226,139,EMC,AUTOMATISM,Facile,LEGACY_BANK
5781,226,139,EMC,OPEN_RESPONSE,Difficile,LEGACY_BANK
5782,226,139,EMC,REASONING,Difficile,LEGACY_BANK
5783,226,139,EMC,OPEN_RESPONSE,Facile,LEGACY_BANK
5784,227,139,EMC,DIRECT_APPLICATION,Moyen,LEGACY_BANK
5785,227,139,EMC,MULTI_STEP,Difficile,LEGACY_BANK
5786,227,139,EMC,PROBLEM_SOLVING,Difficile,LEGACY_BANK
5787,227,139,EMC,DOCUMENT_ANALYSIS,Facile,LEGACY_BANK
5788,227,139,EMC,JUSTIFICATION,Moyen,LEGACY_BANK
5789,227,139,EMC,REASONING,Difficile,LEGACY_BANK
5790,227,139,EMC,OPEN_RESPONSE,Difficile,LEGACY_BANK
5791,227,139,EMC,OFFICIAL_ARCHIVE,Facile,LEGACY_BANK
5792,227,139,EMC,REMEDIATION,Moyen,LEGACY_BANK
5793,227,139,EMC,TRANSFER,Difficile,LEGACY_BANK
5794,227,139,EMC,AUTOMATISM,Difficile,LEGACY_BANK
5795,227,139,EMC,OPEN_RESPONSE,Facile,LEGACY_BANK
5796,227,139,EMC,OPEN_RESPONSE,Difficile,LEGACY_BANK
5797,227,139,EMC,BREVET_STYLE,Difficile,LEGACY_BANK
5798,227,139,EMC,OPEN_RESPONSE,Moyen,LEGACY_BANK
5803,228,140,EMC,REASONING,Moyen,LEGACY_BANK
5804,228,140,EMC,BREVET_STYLE,Difficile,LEGACY_BANK
5805,228,140,EMC,OPEN_RESPONSE,Difficile,LEGACY_BANK
5806,228,140,EMC,REMEDIATION,Facile,LEGACY_BANK
5807,228,140,EMC,TRANSFER,Moyen,LEGACY_BANK
5808,228,140,EMC,AUTOMATISM,Difficile,LEGACY_BANK
5809,228,140,EMC,DIRECT_APPLICATION,Facile,LEGACY_BANK
5810,228,140,EMC,OPEN_RESPONSE,Difficile,LEGACY_BANK
5811,228,140,EMC,OFFICIAL_ARCHIVE,Difficile,LEGACY_BANK
5812,228,140,EMC,OPEN_RESPONSE,Moyen,LEGACY_BANK
5813,228,140,EMC,OPEN_RESPONSE,Facile,LEGACY_BANK
5799,228,140,EMC,MULTI_STEP,Moyen,LEGACY_BANK
5800,228,140,EMC,PROBLEM_SOLVING,Difficile,LEGACY_BANK
5801,228,140,EMC,DOCUMENT_ANALYSIS,Difficile,LEGACY_BANK
5802,228,140,EMC,JUSTIFICATION,Facile,LEGACY_BANK
5814,229,140,EMC,PROBLEM_SOLVING,Moyen,LEGACY_BANK
5815,229,140,EMC,DOCUMENT_ANALYSIS,Difficile,LEGACY_BANK
5816,229,140,EMC,JUSTIFICATION,Difficile,LEGACY_BANK
5817,229,140,EMC,REASONING,Facile,LEGACY_BANK
5818,229,140,EMC,BREVET_STYLE,Moyen,LEGACY_BANK
5819,229,140,EMC,OFFICIAL_ARCHIVE,Difficile,LEGACY_BANK
5820,229,140,EMC,OPEN_RESPONSE,Difficile,LEGACY_BANK
5821,229,140,EMC,TRANSFER,Facile,LEGACY_BANK
5822,229,140,EMC,AUTOMATISM,Moyen,LEGACY_BANK
5823,229,140,EMC,OPEN_RESPONSE,Difficile,LEGACY_BANK
5824,229,140,EMC,DIRECT_APPLICATION,Difficile,LEGACY_BANK
5825,229,140,EMC,MULTI_STEP,Facile,LEGACY_BANK
5826,229,140,EMC,REMEDIATION,Difficile,LEGACY_BANK
5827,229,140,EMC,OPEN_RESPONSE,Moyen,LEGACY_BANK
5828,229,140,EMC,OPEN_RESPONSE,Facile,LEGACY_BANK
5833,230,141,EMC,OFFICIAL_ARCHIVE,Moyen,LEGACY_BANK
5834,230,141,EMC,REMEDIATION,Difficile,LEGACY_BANK
5835,230,141,EMC,OPEN_RESPONSE,Difficile,LEGACY_BANK
5836,230,141,EMC,AUTOMATISM,Facile,LEGACY_BANK
5837,230,141,EMC,OPEN_RESPONSE,Moyen,LEGACY_BANK
5838,230,141,EMC,DIRECT_APPLICATION,Difficile,LEGACY_BANK
5839,230,141,EMC,MULTI_STEP,Difficile,LEGACY_BANK
5840,230,141,EMC,PROBLEM_SOLVING,Facile,LEGACY_BANK
5841,230,141,EMC,OPEN_RESPONSE,Difficile,LEGACY_BANK
5842,230,141,EMC,TRANSFER,Difficile,LEGACY_BANK
5843,230,141,EMC,OPEN_RESPONSE,Facile,LEGACY_BANK
5829,230,141,EMC,DOCUMENT_ANALYSIS,Moyen,LEGACY_BANK
5830,230,141,EMC,JUSTIFICATION,Difficile,LEGACY_BANK
5831,230,141,EMC,REASONING,Difficile,LEGACY_BANK
5832,230,141,EMC,BREVET_STYLE,Facile,LEGACY_BANK
5844,231,141,EMC,JUSTIFICATION,Moyen,LEGACY_BANK
5845,231,141,EMC,REASONING,Difficile,LEGACY_BANK
5846,231,141,EMC,BREVET_STYLE,Difficile,LEGACY_BANK
5847,231,141,EMC,OFFICIAL_ARCHIVE,Facile,LEGACY_BANK
5848,231,141,EMC,REMEDIATION,Moyen,LEGACY_BANK
5849,231,141,EMC,TRANSFER,Difficile,LEGACY_BANK
5850,231,141,EMC,OPEN_RESPONSE,Difficile,LEGACY_BANK
5851,231,141,EMC,OPEN_RESPONSE,Facile,LEGACY_BANK
5852,231,141,EMC,DIRECT_APPLICATION,Moyen,LEGACY_BANK
5853,231,141,EMC,MULTI_STEP,Difficile,LEGACY_BANK
5854,231,141,EMC,PROBLEM_SOLVING,Difficile,LEGACY_BANK
5855,231,141,EMC,DOCUMENT_ANALYSIS,Facile,LEGACY_BANK
5856,231,141,EMC,OPEN_RESPONSE,Difficile,LEGACY_BANK
5857,231,141,EMC,AUTOMATISM,Difficile,LEGACY_BANK
5858,231,141,EMC,OPEN_RESPONSE,Moyen,LEGACY_BANK
5863,232,142,EMC,TRANSFER,Moyen,LEGACY_BANK
5864,232,142,EMC,AUTOMATISM,Difficile,LEGACY_BANK
5865,232,142,EMC,OPEN_RESPONSE,Difficile,LEGACY_BANK
5866,232,142,EMC,DIRECT_APPLICATION,Facile,LEGACY_BANK
5867,232,142,EMC,MULTI_STEP,Moyen,LEGACY_BANK
5868,232,142,EMC,PROBLEM_SOLVING,Difficile,LEGACY_BANK
5869,232,142,EMC,DOCUMENT_ANALYSIS,Difficile,LEGACY_BANK
5870,232,142,EMC,JUSTIFICATION,Facile,LEGACY_BANK
5871,232,142,EMC,OPEN_RESPONSE,Difficile,LEGACY_BANK
5872,232,142,EMC,OPEN_RESPONSE,Moyen,LEGACY_BANK
5873,232,142,EMC,OPEN_RESPONSE,Facile,LEGACY_BANK
5859,232,142,EMC,REASONING,Moyen,LEGACY_BANK
5860,232,142,EMC,BREVET_STYLE,Difficile,LEGACY_BANK
5861,232,142,EMC,OFFICIAL_ARCHIVE,Difficile,LEGACY_BANK
5862,232,142,EMC,REMEDIATION,Facile,LEGACY_BANK
5874,233,142,EMC,BREVET_STYLE,Moyen,LEGACY_BANK
5875,233,142,EMC,OFFICIAL_ARCHIVE,Difficile,LEGACY_BANK
5876,233,142,EMC,REMEDIATION,Difficile,LEGACY_BANK
5877,233,142,EMC,TRANSFER,Facile,LEGACY_BANK
5878,233,142,EMC,AUTOMATISM,Moyen,LEGACY_BANK
5879,233,142,EMC,OPEN_RESPONSE,Difficile,LEGACY_BANK
5880,233,142,EMC,OPEN_RESPONSE,Difficile,LEGACY_BANK
5881,233,142,EMC,MULTI_STEP,Facile,LEGACY_BANK
5882,233,142,EMC,PROBLEM_SOLVING,Moyen,LEGACY_BANK
5883,233,142,EMC,DOCUMENT_ANALYSIS,Difficile,LEGACY_BANK
5884,233,142,EMC,JUSTIFICATION,Difficile,LEGACY_BANK
5885,233,142,EMC,REASONING,Facile,LEGACY_BANK
5886,233,142,EMC,DIRECT_APPLICATION,Difficile,LEGACY_BANK
5887,233,142,EMC,OPEN_RESPONSE,Moyen,LEGACY_BANK
5888,233,142,EMC,OPEN_RESPONSE,Facile,LEGACY_BANK
5913,234,143,EMC,OFFICIAL_ARCHIVE,Moyen,AI_GENERATED
5914,234,143,EMC,REMEDIATION,Difficile,AI_GENERATED
5915,234,143,EMC,TRANSFER,Difficile,AI_GENERATED
5916,234,143,EMC,OPEN_RESPONSE,Facile,AI_GENERATED
5917,234,143,EMC,OPEN_RESPONSE,Moyen,AI_GENERATED
5918,234,143,EMC,DIRECT_APPLICATION,Difficile,AI_GENERATED
5919,234,143,EMC,MULTI_STEP,Difficile,AI_GENERATED
5920,234,143,EMC,PROBLEM_SOLVING,Facile,AI_GENERATED
5921,234,143,EMC,DOCUMENT_ANALYSIS,Moyen,AI_GENERATED
5922,234,143,EMC,JUSTIFICATION,Difficile,AI_GENERATED
5923,234,143,EMC,OPEN_RESPONSE,Difficile,AI_GENERATED
5924,234,143,EMC,BREVET_STYLE,Facile,AI_GENERATED
5925,234,143,EMC,OFFICIAL_ARCHIVE,Moyen,AI_GENERATED
5926,234,143,EMC,REMEDIATION,Difficile,AI_GENERATED
5927,234,143,EMC,TRANSFER,Difficile,AI_GENERATED
5928,234,143,EMC,AUTOMATISM,Facile,AI_GENERATED
5889,234,143,EMC,OFFICIAL_ARCHIVE,Moyen,AI_GENERATED
5890,234,143,EMC,REMEDIATION,Difficile,AI_GENERATED
5891,234,143,EMC,TRANSFER,Difficile,AI_GENERATED
5892,234,143,EMC,AUTOMATISM,Facile,AI_GENERATED
5893,234,143,EMC,OPEN_RESPONSE,Moyen,AI_GENERATED
5894,234,143,EMC,DIRECT_APPLICATION,Difficile,AI_GENERATED
5895,234,143,EMC,OPEN_RESPONSE,Difficile,AI_GENERATED
5896,234,143,EMC,PROBLEM_SOLVING,Facile,AI_GENERATED
5897,234,143,EMC,DOCUMENT_ANALYSIS,Moyen,AI_GENERATED
5898,234,143,EMC,JUSTIFICATION,Difficile,AI_GENERATED
5899,234,143,EMC,REASONING,Difficile,AI_GENERATED
5900,234,143,EMC,BREVET_STYLE,Facile,AI_GENERATED
5901,234,143,EMC,OFFICIAL_ARCHIVE,Moyen,AI_GENERATED
5902,234,143,EMC,OPEN_RESPONSE,Difficile,AI_GENERATED
5903,234,143,EMC,TRANSFER,Difficile,AI_GENERATED
5904,234,143,EMC,AUTOMATISM,Facile,AI_GENERATED
5905,234,143,EMC,OPEN_RESPONSE,Moyen,AI_GENERATED
5906,234,143,EMC,DIRECT_APPLICATION,Difficile,AI_GENERATED
5907,234,143,EMC,MULTI_STEP,Difficile,AI_GENERATED
5908,234,143,EMC,PROBLEM_SOLVING,Facile,AI_GENERATED
5909,234,143,EMC,OPEN_RESPONSE,Moyen,AI_GENERATED
5910,234,143,EMC,JUSTIFICATION,Difficile,AI_GENERATED
5911,234,143,EMC,REASONING,Difficile,AI_GENERATED
5912,234,143,EMC,BREVET_STYLE,Facile,AI_GENERATED
5945,235,143,EMC,DIRECT_APPLICATION,Moyen,AI_GENERATED
5946,235,143,EMC,MULTI_STEP,Difficile,AI_GENERATED
5947,235,143,EMC,PROBLEM_SOLVING,Difficile,AI_GENERATED
5948,235,143,EMC,DOCUMENT_ANALYSIS,Facile,AI_GENERATED
5949,235,143,EMC,OPEN_RESPONSE,Moyen,AI_GENERATED
5950,235,143,EMC,REASONING,Difficile,AI_GENERATED
5951,235,143,EMC,BREVET_STYLE,Difficile,AI_GENERATED
5952,235,143,EMC,OFFICIAL_ARCHIVE,Facile,AI_GENERATED
5953,235,143,EMC,REMEDIATION,Moyen,AI_GENERATED
5954,235,143,EMC,TRANSFER,Difficile,AI_GENERATED
5955,235,143,EMC,AUTOMATISM,Difficile,AI_GENERATED
5956,235,143,EMC,OPEN_RESPONSE,Facile,AI_GENERATED
5957,235,143,EMC,DIRECT_APPLICATION,Moyen,AI_GENERATED
5958,235,143,EMC,MULTI_STEP,Difficile,AI_GENERATED
5959,235,143,EMC,PROBLEM_SOLVING,Difficile,AI_GENERATED
5960,235,143,EMC,DOCUMENT_ANALYSIS,Facile,AI_GENERATED
5961,235,143,EMC,JUSTIFICATION,Moyen,AI_GENERATED
5962,235,143,EMC,REASONING,Difficile,AI_GENERATED
5963,235,143,EMC,OPEN_RESPONSE,Difficile,AI_GENERATED
5964,235,143,EMC,OFFICIAL_ARCHIVE,Facile,AI_GENERATED
5965,235,143,EMC,REMEDIATION,Moyen,AI_GENERATED
5966,235,143,EMC,TRANSFER,Difficile,AI_GENERATED
5967,235,143,EMC,AUTOMATISM,Difficile,AI_GENERATED
5968,235,143,EMC,OPEN_RESPONSE,Facile,AI_GENERATED
5929,235,143,EMC,REMEDIATION,Moyen,AI_GENERATED
5930,235,143,EMC,TRANSFER,Difficile,AI_GENERATED
5931,235,143,EMC,AUTOMATISM,Difficile,AI_GENERATED
5932,235,143,EMC,OPEN_RESPONSE,Facile,AI_GENERATED
5933,235,143,EMC,DIRECT_APPLICATION,Moyen,AI_GENERATED
5934,235,143,EMC,MULTI_STEP,Difficile,AI_GENERATED
5935,235,143,EMC,OPEN_RESPONSE,Difficile,AI_GENERATED
5936,235,143,EMC,DOCUMENT_ANALYSIS,Facile,AI_GENERATED
5937,235,143,EMC,JUSTIFICATION,Moyen,AI_GENERATED
5938,235,143,EMC,REASONING,Difficile,AI_GENERATED
5939,235,143,EMC,BREVET_STYLE,Difficile,AI_GENERATED
5940,235,143,EMC,OFFICIAL_ARCHIVE,Facile,AI_GENERATED
5941,235,143,EMC,REMEDIATION,Moyen,AI_GENERATED
5942,235,143,EMC,OPEN_RESPONSE,Difficile,AI_GENERATED
5943,235,143,EMC,AUTOMATISM,Difficile,AI_GENERATED
5944,235,143,EMC,OPEN_RESPONSE,Facile,AI_GENERATED
5993,236,144,EMC,TRANSFER,Moyen,AI_GENERATED
5994,236,144,EMC,AUTOMATISM,Difficile,AI_GENERATED
5995,236,144,EMC,OPEN_RESPONSE,Difficile,AI_GENERATED
5996,236,144,EMC,OPEN_RESPONSE,Facile,AI_GENERATED
5997,236,144,EMC,MULTI_STEP,Moyen,AI_GENERATED
5998,236,144,EMC,PROBLEM_SOLVING,Difficile,AI_GENERATED
5999,236,144,EMC,DOCUMENT_ANALYSIS,Difficile,AI_GENERATED
6000,236,144,EMC,JUSTIFICATION,Facile,AI_GENERATED
6001,236,144,EMC,REASONING,Moyen,AI_GENERATED
6002,236,144,EMC,BREVET_STYLE,Difficile,AI_GENERATED
6003,236,144,EMC,OPEN_RESPONSE,Difficile,AI_GENERATED
6004,236,144,EMC,REMEDIATION,Facile,AI_GENERATED
6005,236,144,EMC,TRANSFER,Moyen,AI_GENERATED
6006,236,144,EMC,AUTOMATISM,Difficile,AI_GENERATED
6007,236,144,EMC,OPEN_RESPONSE,Difficile,AI_GENERATED
6008,236,144,EMC,DIRECT_APPLICATION,Facile,AI_GENERATED
5969,236,144,EMC,TRANSFER,Moyen,AI_GENERATED
5970,236,144,EMC,AUTOMATISM,Difficile,AI_GENERATED
5971,236,144,EMC,OPEN_RESPONSE,Difficile,AI_GENERATED
5972,236,144,EMC,DIRECT_APPLICATION,Facile,AI_GENERATED
5973,236,144,EMC,MULTI_STEP,Moyen,AI_GENERATED
5974,236,144,EMC,PROBLEM_SOLVING,Difficile,AI_GENERATED
5975,236,144,EMC,OPEN_RESPONSE,Difficile,AI_GENERATED
5976,236,144,EMC,JUSTIFICATION,Facile,AI_GENERATED
5977,236,144,EMC,REASONING,Moyen,AI_GENERATED
5978,236,144,EMC,BREVET_STYLE,Difficile,AI_GENERATED
5979,236,144,EMC,OFFICIAL_ARCHIVE,Difficile,AI_GENERATED
5980,236,144,EMC,REMEDIATION,Facile,AI_GENERATED
5981,236,144,EMC,TRANSFER,Moyen,AI_GENERATED
5982,236,144,EMC,OPEN_RESPONSE,Difficile,AI_GENERATED
5983,236,144,EMC,OPEN_RESPONSE,Difficile,AI_GENERATED
5984,236,144,EMC,DIRECT_APPLICATION,Facile,AI_GENERATED
5985,236,144,EMC,MULTI_STEP,Moyen,AI_GENERATED
5986,236,144,EMC,PROBLEM_SOLVING,Difficile,AI_GENERATED
5987,236,144,EMC,DOCUMENT_ANALYSIS,Difficile,AI_GENERATED
5988,236,144,EMC,JUSTIFICATION,Facile,AI_GENERATED
5989,236,144,EMC,OPEN_RESPONSE,Moyen,AI_GENERATED
5990,236,144,EMC,BREVET_STYLE,Difficile,AI_GENERATED
5991,236,144,EMC,OFFICIAL_ARCHIVE,Difficile,AI_GENERATED
5992,236,144,EMC,REMEDIATION,Facile,AI_GENERATED
6025,237,144,EMC,PROBLEM_SOLVING,Moyen,AI_GENERATED
6026,237,144,EMC,DOCUMENT_ANALYSIS,Difficile,AI_GENERATED
6027,237,144,EMC,JUSTIFICATION,Difficile,AI_GENERATED
6028,237,144,EMC,REASONING,Facile,AI_GENERATED
6029,237,144,EMC,OPEN_RESPONSE,Moyen,AI_GENERATED
6030,237,144,EMC,OFFICIAL_ARCHIVE,Difficile,AI_GENERATED
6031,237,144,EMC,REMEDIATION,Difficile,AI_GENERATED
6032,237,144,EMC,TRANSFER,Facile,AI_GENERATED
6033,237,144,EMC,AUTOMATISM,Moyen,AI_GENERATED
6034,237,144,EMC,OPEN_RESPONSE,Difficile,AI_GENERATED
6035,237,144,EMC,DIRECT_APPLICATION,Difficile,AI_GENERATED
6036,237,144,EMC,OPEN_RESPONSE,Facile,AI_GENERATED
6037,237,144,EMC,PROBLEM_SOLVING,Moyen,AI_GENERATED
6038,237,144,EMC,DOCUMENT_ANALYSIS,Difficile,AI_GENERATED
6039,237,144,EMC,JUSTIFICATION,Difficile,AI_GENERATED
6040,237,144,EMC,REASONING,Facile,AI_GENERATED
6041,237,144,EMC,BREVET_STYLE,Moyen,AI_GENERATED
6042,237,144,EMC,OFFICIAL_ARCHIVE,Difficile,AI_GENERATED
6043,237,144,EMC,OPEN_RESPONSE,Difficile,AI_GENERATED
6044,237,144,EMC,TRANSFER,Facile,AI_GENERATED
6045,237,144,EMC,AUTOMATISM,Moyen,AI_GENERATED
6046,237,144,EMC,OPEN_RESPONSE,Difficile,AI_GENERATED
6047,237,144,EMC,DIRECT_APPLICATION,Difficile,AI_GENERATED
6048,237,144,EMC,MULTI_STEP,Facile,AI_GENERATED
6009,237,144,EMC,AUTOMATISM,Moyen,AI_GENERATED
6010,237,144,EMC,OPEN_RESPONSE,Difficile,AI_GENERATED
6011,237,144,EMC,DIRECT_APPLICATION,Difficile,AI_GENERATED
6012,237,144,EMC,MULTI_STEP,Facile,AI_GENERATED
6013,237,144,EMC,PROBLEM_SOLVING,Moyen,AI_GENERATED
6014,237,144,EMC,DOCUMENT_ANALYSIS,Difficile,AI_GENERATED
6015,237,144,EMC,OPEN_RESPONSE,Difficile,AI_GENERATED
6016,237,144,EMC,REASONING,Facile,AI_GENERATED
6017,237,144,EMC,BREVET_STYLE,Moyen,AI_GENERATED
6018,237,144,EMC,OFFICIAL_ARCHIVE,Difficile,AI_GENERATED
6019,237,144,EMC,REMEDIATION,Difficile,AI_GENERATED
6020,237,144,EMC,TRANSFER,Facile,AI_GENERATED
6021,237,144,EMC,AUTOMATISM,Moyen,AI_GENERATED
6022,237,144,EMC,OPEN_RESPONSE,Difficile,AI_GENERATED
6023,237,144,EMC,DIRECT_APPLICATION,Difficile,AI_GENERATED
6024,237,144,EMC,MULTI_STEP,Facile,AI_GENERATED
6052,238,145,EMC,PROBLEM_SOLVING,Facile,LEGACY_BANK
6053,238,145,EMC,DOCUMENT_ANALYSIS,Moyen,LEGACY_BANK
6054,238,145,EMC,JUSTIFICATION,Difficile,LEGACY_BANK
6055,238,145,EMC,OPEN_RESPONSE,Difficile,LEGACY_BANK
6056,238,145,EMC,BREVET_STYLE,Facile,LEGACY_BANK
6057,238,145,EMC,OFFICIAL_ARCHIVE,Moyen,LEGACY_BANK
6058,238,145,EMC,REMEDIATION,Difficile,LEGACY_BANK
6059,238,145,EMC,TRANSFER,Difficile,LEGACY_BANK
6060,238,145,EMC,AUTOMATISM,Facile,LEGACY_BANK
6061,238,145,EMC,OPEN_RESPONSE,Difficile,LEGACY_BANK
6062,238,145,EMC,REASONING,Difficile,LEGACY_BANK
6063,238,145,EMC,OPEN_RESPONSE,Facile,LEGACY_BANK
6049,238,145,EMC,OPEN_RESPONSE,Moyen,LEGACY_BANK
6050,238,145,EMC,DIRECT_APPLICATION,Difficile,LEGACY_BANK
6051,238,145,EMC,MULTI_STEP,Difficile,LEGACY_BANK
6064,239,145,EMC,DIRECT_APPLICATION,Moyen,LEGACY_BANK
6065,239,145,EMC,MULTI_STEP,Difficile,LEGACY_BANK
6066,239,145,EMC,PROBLEM_SOLVING,Difficile,LEGACY_BANK
6067,239,145,EMC,DOCUMENT_ANALYSIS,Facile,LEGACY_BANK
6068,239,145,EMC,JUSTIFICATION,Moyen,LEGACY_BANK
6069,239,145,EMC,REASONING,Difficile,LEGACY_BANK
6070,239,145,EMC,OPEN_RESPONSE,Difficile,LEGACY_BANK
6071,239,145,EMC,OFFICIAL_ARCHIVE,Facile,LEGACY_BANK
6072,239,145,EMC,REMEDIATION,Moyen,LEGACY_BANK
6073,239,145,EMC,TRANSFER,Difficile,LEGACY_BANK
6074,239,145,EMC,AUTOMATISM,Difficile,LEGACY_BANK
6075,239,145,EMC,OPEN_RESPONSE,Facile,LEGACY_BANK
6076,239,145,EMC,OPEN_RESPONSE,Difficile,LEGACY_BANK
6077,239,145,EMC,BREVET_STYLE,Difficile,LEGACY_BANK
6078,239,145,EMC,OPEN_RESPONSE,Moyen,LEGACY_BANK
6082,240,146,PHYSICS_CHEMISTRY,JUSTIFICATION,Facile,LEGACY_BANK
6083,240,146,PHYSICS_CHEMISTRY,REASONING,Moyen,LEGACY_BANK
6084,240,146,PHYSICS_CHEMISTRY,BREVET_STYLE,Difficile,LEGACY_BANK
6085,240,146,PHYSICS_CHEMISTRY,OFFICIAL_ARCHIVE,Difficile,LEGACY_BANK
6086,240,146,PHYSICS_CHEMISTRY,REMEDIATION,Facile,LEGACY_BANK
6087,240,146,PHYSICS_CHEMISTRY,TRANSFER,Moyen,LEGACY_BANK
6088,240,146,PHYSICS_CHEMISTRY,AUTOMATISM,Difficile,LEGACY_BANK
6089,240,146,PHYSICS_CHEMISTRY,OPEN_RESPONSE,Difficile,LEGACY_BANK
6090,240,146,PHYSICS_CHEMISTRY,DIRECT_APPLICATION,Facile,LEGACY_BANK
6079,240,146,PHYSICS_CHEMISTRY,MULTI_STEP,Moyen,LEGACY_BANK
6080,240,146,PHYSICS_CHEMISTRY,PROBLEM_SOLVING,Difficile,LEGACY_BANK
6081,240,146,PHYSICS_CHEMISTRY,DOCUMENT_ANALYSIS,Difficile,LEGACY_BANK
6091,241,146,PHYSICS_CHEMISTRY,PROBLEM_SOLVING,Moyen,LEGACY_BANK
6092,241,146,PHYSICS_CHEMISTRY,DOCUMENT_ANALYSIS,Difficile,LEGACY_BANK
6093,241,146,PHYSICS_CHEMISTRY,JUSTIFICATION,Difficile,LEGACY_BANK
6094,241,146,PHYSICS_CHEMISTRY,REASONING,Facile,LEGACY_BANK
6095,241,146,PHYSICS_CHEMISTRY,BREVET_STYLE,Moyen,LEGACY_BANK
6096,241,146,PHYSICS_CHEMISTRY,OFFICIAL_ARCHIVE,Difficile,LEGACY_BANK
6097,241,146,PHYSICS_CHEMISTRY,REMEDIATION,Difficile,LEGACY_BANK
6098,241,146,PHYSICS_CHEMISTRY,TRANSFER,Facile,LEGACY_BANK
6099,241,146,PHYSICS_CHEMISTRY,AUTOMATISM,Moyen,LEGACY_BANK
6100,241,146,PHYSICS_CHEMISTRY,OPEN_RESPONSE,Difficile,LEGACY_BANK
6101,241,146,PHYSICS_CHEMISTRY,DIRECT_APPLICATION,Difficile,LEGACY_BANK
6102,241,146,PHYSICS_CHEMISTRY,MULTI_STEP,Facile,LEGACY_BANK
6103,242,147,PHYSICS_CHEMISTRY,DOCUMENT_ANALYSIS,Moyen,LEGACY_BANK
6104,242,147,PHYSICS_CHEMISTRY,JUSTIFICATION,Difficile,LEGACY_BANK
6105,242,147,PHYSICS_CHEMISTRY,REASONING,Difficile,LEGACY_BANK
6106,242,147,PHYSICS_CHEMISTRY,BREVET_STYLE,Facile,LEGACY_BANK
6107,242,147,PHYSICS_CHEMISTRY,OFFICIAL_ARCHIVE,Moyen,LEGACY_BANK
6108,242,147,PHYSICS_CHEMISTRY,REMEDIATION,Difficile,LEGACY_BANK
6109,242,147,PHYSICS_CHEMISTRY,TRANSFER,Difficile,LEGACY_BANK
6110,242,147,PHYSICS_CHEMISTRY,AUTOMATISM,Facile,LEGACY_BANK
6111,242,147,PHYSICS_CHEMISTRY,OPEN_RESPONSE,Moyen,LEGACY_BANK
6112,242,147,PHYSICS_CHEMISTRY,DIRECT_APPLICATION,Difficile,LEGACY_BANK
6113,243,147,PHYSICS_CHEMISTRY,JUSTIFICATION,Moyen,LEGACY_BANK
6114,243,147,PHYSICS_CHEMISTRY,REASONING,Difficile,LEGACY_BANK
6115,243,147,PHYSICS_CHEMISTRY,BREVET_STYLE,Difficile,LEGACY_BANK
6116,243,147,PHYSICS_CHEMISTRY,OFFICIAL_ARCHIVE,Facile,LEGACY_BANK
6117,243,147,PHYSICS_CHEMISTRY,REMEDIATION,Moyen,LEGACY_BANK
6118,243,147,PHYSICS_CHEMISTRY,TRANSFER,Difficile,LEGACY_BANK
6119,243,147,PHYSICS_CHEMISTRY,AUTOMATISM,Difficile,LEGACY_BANK
6120,243,147,PHYSICS_CHEMISTRY,OPEN_RESPONSE,Facile,LEGACY_BANK
6121,243,147,PHYSICS_CHEMISTRY,DIRECT_APPLICATION,Moyen,LEGACY_BANK
6122,243,147,PHYSICS_CHEMISTRY,MULTI_STEP,Difficile,LEGACY_BANK
6123,243,147,PHYSICS_CHEMISTRY,PROBLEM_SOLVING,Difficile,LEGACY_BANK
6124,243,147,PHYSICS_CHEMISTRY,DOCUMENT_ANALYSIS,Facile,LEGACY_BANK
6126,244,148,PHYSICS_CHEMISTRY,BREVET_STYLE,Difficile,LEGACY_BANK
6127,244,148,PHYSICS_CHEMISTRY,OFFICIAL_ARCHIVE,Difficile,LEGACY_BANK
6128,244,148,PHYSICS_CHEMISTRY,REMEDIATION,Facile,LEGACY_BANK
6129,244,148,PHYSICS_CHEMISTRY,TRANSFER,Moyen,LEGACY_BANK
6130,244,148,PHYSICS_CHEMISTRY,AUTOMATISM,Difficile,LEGACY_BANK
6131,244,148,PHYSICS_CHEMISTRY,OPEN_RESPONSE,Difficile,LEGACY_BANK
6132,244,148,PHYSICS_CHEMISTRY,DIRECT_APPLICATION,Facile,LEGACY_BANK
6133,244,148,PHYSICS_CHEMISTRY,MULTI_STEP,Moyen,LEGACY_BANK
6134,244,148,PHYSICS_CHEMISTRY,PROBLEM_SOLVING,Difficile,LEGACY_BANK
6125,244,148,PHYSICS_CHEMISTRY,REASONING,Moyen,LEGACY_BANK
6135,245,148,PHYSICS_CHEMISTRY,BREVET_STYLE,Moyen,LEGACY_BANK
6136,245,148,PHYSICS_CHEMISTRY,OFFICIAL_ARCHIVE,Difficile,LEGACY_BANK
6137,245,148,PHYSICS_CHEMISTRY,REMEDIATION,Difficile,LEGACY_BANK
6138,245,148,PHYSICS_CHEMISTRY,TRANSFER,Facile,LEGACY_BANK
6139,245,148,PHYSICS_CHEMISTRY,AUTOMATISM,Moyen,LEGACY_BANK
6140,245,148,PHYSICS_CHEMISTRY,OPEN_RESPONSE,Difficile,LEGACY_BANK
6141,245,148,PHYSICS_CHEMISTRY,DIRECT_APPLICATION,Difficile,LEGACY_BANK
6142,245,148,PHYSICS_CHEMISTRY,MULTI_STEP,Facile,LEGACY_BANK
6143,245,148,PHYSICS_CHEMISTRY,PROBLEM_SOLVING,Moyen,LEGACY_BANK
6144,245,148,PHYSICS_CHEMISTRY,DOCUMENT_ANALYSIS,Difficile,LEGACY_BANK
6145,245,148,PHYSICS_CHEMISTRY,JUSTIFICATION,Difficile,LEGACY_BANK
6146,245,148,PHYSICS_CHEMISTRY,REASONING,Facile,LEGACY_BANK
6147,246,149,PHYSICS_CHEMISTRY,OFFICIAL_ARCHIVE,Moyen,LEGACY_BANK
6148,246,149,PHYSICS_CHEMISTRY,REMEDIATION,Difficile,LEGACY_BANK
6149,246,149,PHYSICS_CHEMISTRY,TRANSFER,Difficile,LEGACY_BANK
6150,246,149,PHYSICS_CHEMISTRY,AUTOMATISM,Facile,LEGACY_BANK
6151,246,149,PHYSICS_CHEMISTRY,OPEN_RESPONSE,Moyen,LEGACY_BANK
6152,246,149,PHYSICS_CHEMISTRY,DIRECT_APPLICATION,Difficile,LEGACY_BANK
6153,246,149,PHYSICS_CHEMISTRY,MULTI_STEP,Difficile,LEGACY_BANK
6154,246,149,PHYSICS_CHEMISTRY,PROBLEM_SOLVING,Facile,LEGACY_BANK
6155,246,149,PHYSICS_CHEMISTRY,DOCUMENT_ANALYSIS,Moyen,LEGACY_BANK
6156,246,149,PHYSICS_CHEMISTRY,JUSTIFICATION,Difficile,LEGACY_BANK
6157,246,149,PHYSICS_CHEMISTRY,REASONING,Difficile,LEGACY_BANK
6158,246,149,PHYSICS_CHEMISTRY,BREVET_STYLE,Facile,LEGACY_BANK
6159,247,149,PHYSICS_CHEMISTRY,REMEDIATION,Moyen,LEGACY_BANK
6160,247,149,PHYSICS_CHEMISTRY,TRANSFER,Difficile,LEGACY_BANK
6161,247,149,PHYSICS_CHEMISTRY,AUTOMATISM,Difficile,LEGACY_BANK
6162,247,149,PHYSICS_CHEMISTRY,OPEN_RESPONSE,Facile,LEGACY_BANK
6163,247,149,PHYSICS_CHEMISTRY,DIRECT_APPLICATION,Moyen,LEGACY_BANK
6164,247,149,PHYSICS_CHEMISTRY,MULTI_STEP,Difficile,LEGACY_BANK
6165,247,149,PHYSICS_CHEMISTRY,PROBLEM_SOLVING,Difficile,LEGACY_BANK
6166,247,149,PHYSICS_CHEMISTRY,DOCUMENT_ANALYSIS,Facile,LEGACY_BANK
6167,247,149,PHYSICS_CHEMISTRY,JUSTIFICATION,Moyen,LEGACY_BANK
6168,247,149,PHYSICS_CHEMISTRY,REASONING,Difficile,LEGACY_BANK
6169,247,149,PHYSICS_CHEMISTRY,BREVET_STYLE,Difficile,LEGACY_BANK
6170,247,149,PHYSICS_CHEMISTRY,OFFICIAL_ARCHIVE,Facile,LEGACY_BANK
6171,248,150,PHYSICS_CHEMISTRY,TRANSFER,Moyen,LEGACY_BANK
6172,248,150,PHYSICS_CHEMISTRY,AUTOMATISM,Difficile,LEGACY_BANK
6173,248,150,PHYSICS_CHEMISTRY,OPEN_RESPONSE,Difficile,LEGACY_BANK
6174,248,150,PHYSICS_CHEMISTRY,DIRECT_APPLICATION,Facile,LEGACY_BANK
6175,248,150,PHYSICS_CHEMISTRY,MULTI_STEP,Moyen,LEGACY_BANK
6176,248,150,PHYSICS_CHEMISTRY,PROBLEM_SOLVING,Difficile,LEGACY_BANK
6177,248,150,PHYSICS_CHEMISTRY,DOCUMENT_ANALYSIS,Difficile,LEGACY_BANK
6178,248,150,PHYSICS_CHEMISTRY,JUSTIFICATION,Facile,LEGACY_BANK
6179,248,150,PHYSICS_CHEMISTRY,REASONING,Moyen,LEGACY_BANK
6180,248,150,PHYSICS_CHEMISTRY,BREVET_STYLE,Difficile,LEGACY_BANK
6181,249,150,PHYSICS_CHEMISTRY,AUTOMATISM,Moyen,LEGACY_BANK
6182,249,150,PHYSICS_CHEMISTRY,OPEN_RESPONSE,Difficile,LEGACY_BANK
6183,249,150,PHYSICS_CHEMISTRY,DIRECT_APPLICATION,Difficile,LEGACY_BANK
6184,249,150,PHYSICS_CHEMISTRY,MULTI_STEP,Facile,LEGACY_BANK
6185,249,150,PHYSICS_CHEMISTRY,PROBLEM_SOLVING,Moyen,LEGACY_BANK
6186,249,150,PHYSICS_CHEMISTRY,DOCUMENT_ANALYSIS,Difficile,LEGACY_BANK
6187,249,150,PHYSICS_CHEMISTRY,JUSTIFICATION,Difficile,LEGACY_BANK
6188,249,150,PHYSICS_CHEMISTRY,REASONING,Facile,LEGACY_BANK
6189,249,150,PHYSICS_CHEMISTRY,BREVET_STYLE,Moyen,LEGACY_BANK
6190,249,150,PHYSICS_CHEMISTRY,OFFICIAL_ARCHIVE,Difficile,LEGACY_BANK
6191,249,150,PHYSICS_CHEMISTRY,REMEDIATION,Difficile,LEGACY_BANK
6192,249,150,PHYSICS_CHEMISTRY,TRANSFER,Facile,LEGACY_BANK
6193,250,151,PHYSICS_CHEMISTRY,OPEN_RESPONSE,Moyen,LEGACY_BANK
6194,250,151,PHYSICS_CHEMISTRY,DIRECT_APPLICATION,Difficile,LEGACY_BANK
6195,250,151,PHYSICS_CHEMISTRY,MULTI_STEP,Difficile,LEGACY_BANK
6196,250,151,PHYSICS_CHEMISTRY,PROBLEM_SOLVING,Facile,LEGACY_BANK
6197,250,151,PHYSICS_CHEMISTRY,DOCUMENT_ANALYSIS,Moyen,LEGACY_BANK
6198,250,151,PHYSICS_CHEMISTRY,JUSTIFICATION,Difficile,LEGACY_BANK
6199,250,151,PHYSICS_CHEMISTRY,REASONING,Difficile,LEGACY_BANK
6200,250,151,PHYSICS_CHEMISTRY,BREVET_STYLE,Facile,LEGACY_BANK
6201,250,151,PHYSICS_CHEMISTRY,OFFICIAL_ARCHIVE,Moyen,LEGACY_BANK
6202,250,151,PHYSICS_CHEMISTRY,REMEDIATION,Difficile,LEGACY_BANK
6203,250,151,PHYSICS_CHEMISTRY,TRANSFER,Difficile,LEGACY_BANK
6204,250,151,PHYSICS_CHEMISTRY,AUTOMATISM,Facile,LEGACY_BANK
6205,251,151,PHYSICS_CHEMISTRY,DIRECT_APPLICATION,Moyen,LEGACY_BANK
6206,251,151,PHYSICS_CHEMISTRY,MULTI_STEP,Difficile,LEGACY_BANK
6207,251,151,PHYSICS_CHEMISTRY,PROBLEM_SOLVING,Difficile,LEGACY_BANK
6208,251,151,PHYSICS_CHEMISTRY,DOCUMENT_ANALYSIS,Facile,LEGACY_BANK
6209,251,151,PHYSICS_CHEMISTRY,JUSTIFICATION,Moyen,LEGACY_BANK
6210,251,151,PHYSICS_CHEMISTRY,REASONING,Difficile,LEGACY_BANK
6211,251,151,PHYSICS_CHEMISTRY,BREVET_STYLE,Difficile,LEGACY_BANK
6212,251,151,PHYSICS_CHEMISTRY,OFFICIAL_ARCHIVE,Facile,LEGACY_BANK
6213,251,151,PHYSICS_CHEMISTRY,REMEDIATION,Moyen,LEGACY_BANK
6214,251,151,PHYSICS_CHEMISTRY,TRANSFER,Difficile,LEGACY_BANK
6215,251,151,PHYSICS_CHEMISTRY,AUTOMATISM,Difficile,LEGACY_BANK
6216,251,151,PHYSICS_CHEMISTRY,OPEN_RESPONSE,Facile,LEGACY_BANK
6217,252,152,PHYSICS_CHEMISTRY,MULTI_STEP,Moyen,LEGACY_BANK
6218,252,152,PHYSICS_CHEMISTRY,PROBLEM_SOLVING,Difficile,LEGACY_BANK
6219,252,152,PHYSICS_CHEMISTRY,DOCUMENT_ANALYSIS,Difficile,LEGACY_BANK
6220,252,152,PHYSICS_CHEMISTRY,JUSTIFICATION,Facile,LEGACY_BANK
6221,252,152,PHYSICS_CHEMISTRY,REASONING,Moyen,LEGACY_BANK
6222,252,152,PHYSICS_CHEMISTRY,BREVET_STYLE,Difficile,LEGACY_BANK
6223,252,152,PHYSICS_CHEMISTRY,OFFICIAL_ARCHIVE,Difficile,LEGACY_BANK
6224,252,152,PHYSICS_CHEMISTRY,REMEDIATION,Facile,LEGACY_BANK
6225,252,152,PHYSICS_CHEMISTRY,TRANSFER,Moyen,LEGACY_BANK
6226,252,152,PHYSICS_CHEMISTRY,AUTOMATISM,Difficile,LEGACY_BANK
6227,253,152,PHYSICS_CHEMISTRY,PROBLEM_SOLVING,Moyen,LEGACY_BANK
6228,253,152,PHYSICS_CHEMISTRY,DOCUMENT_ANALYSIS,Difficile,LEGACY_BANK
6229,253,152,PHYSICS_CHEMISTRY,JUSTIFICATION,Difficile,LEGACY_BANK
6230,253,152,PHYSICS_CHEMISTRY,REASONING,Facile,LEGACY_BANK
6231,253,152,PHYSICS_CHEMISTRY,BREVET_STYLE,Moyen,LEGACY_BANK
6232,253,152,PHYSICS_CHEMISTRY,OFFICIAL_ARCHIVE,Difficile,LEGACY_BANK
6233,253,152,PHYSICS_CHEMISTRY,REMEDIATION,Difficile,LEGACY_BANK
6234,253,152,PHYSICS_CHEMISTRY,TRANSFER,Facile,LEGACY_BANK
6235,253,152,PHYSICS_CHEMISTRY,AUTOMATISM,Moyen,LEGACY_BANK
6236,253,152,PHYSICS_CHEMISTRY,OPEN_RESPONSE,Difficile,LEGACY_BANK
6237,253,152,PHYSICS_CHEMISTRY,DIRECT_APPLICATION,Difficile,LEGACY_BANK
6238,253,152,PHYSICS_CHEMISTRY,MULTI_STEP,Facile,LEGACY_BANK
6242,254,153,PHYSICS_CHEMISTRY,BREVET_STYLE,Facile,LEGACY_BANK
6243,254,153,PHYSICS_CHEMISTRY,OFFICIAL_ARCHIVE,Moyen,LEGACY_BANK
6244,254,153,PHYSICS_CHEMISTRY,REMEDIATION,Difficile,LEGACY_BANK
6245,254,153,PHYSICS_CHEMISTRY,TRANSFER,Difficile,LEGACY_BANK
6246,254,153,PHYSICS_CHEMISTRY,AUTOMATISM,Facile,LEGACY_BANK
6247,254,153,PHYSICS_CHEMISTRY,OPEN_RESPONSE,Moyen,LEGACY_BANK
6248,254,153,PHYSICS_CHEMISTRY,DIRECT_APPLICATION,Difficile,LEGACY_BANK
6249,254,153,PHYSICS_CHEMISTRY,MULTI_STEP,Difficile,LEGACY_BANK
6250,254,153,PHYSICS_CHEMISTRY,PROBLEM_SOLVING,Facile,LEGACY_BANK
6239,254,153,PHYSICS_CHEMISTRY,DOCUMENT_ANALYSIS,Moyen,LEGACY_BANK
6240,254,153,PHYSICS_CHEMISTRY,JUSTIFICATION,Difficile,LEGACY_BANK
6241,254,153,PHYSICS_CHEMISTRY,REASONING,Difficile,LEGACY_BANK
6251,255,153,PHYSICS_CHEMISTRY,JUSTIFICATION,Moyen,LEGACY_BANK
6252,255,153,PHYSICS_CHEMISTRY,REASONING,Difficile,LEGACY_BANK
6253,255,153,PHYSICS_CHEMISTRY,BREVET_STYLE,Difficile,LEGACY_BANK
6254,255,153,PHYSICS_CHEMISTRY,OFFICIAL_ARCHIVE,Facile,LEGACY_BANK
6255,255,153,PHYSICS_CHEMISTRY,REMEDIATION,Moyen,LEGACY_BANK
6256,255,153,PHYSICS_CHEMISTRY,TRANSFER,Difficile,LEGACY_BANK
6257,255,153,PHYSICS_CHEMISTRY,AUTOMATISM,Difficile,LEGACY_BANK
6258,255,153,PHYSICS_CHEMISTRY,OPEN_RESPONSE,Facile,LEGACY_BANK
6259,255,153,PHYSICS_CHEMISTRY,DIRECT_APPLICATION,Moyen,LEGACY_BANK
6260,255,153,PHYSICS_CHEMISTRY,MULTI_STEP,Difficile,LEGACY_BANK
6261,255,153,PHYSICS_CHEMISTRY,PROBLEM_SOLVING,Difficile,LEGACY_BANK
6262,255,153,PHYSICS_CHEMISTRY,DOCUMENT_ANALYSIS,Facile,LEGACY_BANK
6263,256,154,PHYSICS_CHEMISTRY,REASONING,Moyen,LEGACY_BANK
6264,256,154,PHYSICS_CHEMISTRY,BREVET_STYLE,Difficile,LEGACY_BANK
6265,256,154,PHYSICS_CHEMISTRY,OFFICIAL_ARCHIVE,Difficile,LEGACY_BANK
6266,256,154,PHYSICS_CHEMISTRY,REMEDIATION,Facile,LEGACY_BANK
6267,256,154,PHYSICS_CHEMISTRY,TRANSFER,Moyen,LEGACY_BANK
6268,256,154,PHYSICS_CHEMISTRY,AUTOMATISM,Difficile,LEGACY_BANK
6269,256,154,PHYSICS_CHEMISTRY,OPEN_RESPONSE,Difficile,LEGACY_BANK
6270,256,154,PHYSICS_CHEMISTRY,DIRECT_APPLICATION,Facile,LEGACY_BANK
6271,256,154,PHYSICS_CHEMISTRY,MULTI_STEP,Moyen,LEGACY_BANK
6272,256,154,PHYSICS_CHEMISTRY,PROBLEM_SOLVING,Difficile,LEGACY_BANK
6273,257,154,PHYSICS_CHEMISTRY,BREVET_STYLE,Moyen,LEGACY_BANK
6274,257,154,PHYSICS_CHEMISTRY,OFFICIAL_ARCHIVE,Difficile,LEGACY_BANK
6275,257,154,PHYSICS_CHEMISTRY,REMEDIATION,Difficile,LEGACY_BANK
6276,257,154,PHYSICS_CHEMISTRY,TRANSFER,Facile,LEGACY_BANK
6277,257,154,PHYSICS_CHEMISTRY,AUTOMATISM,Moyen,LEGACY_BANK
6278,257,154,PHYSICS_CHEMISTRY,OPEN_RESPONSE,Difficile,LEGACY_BANK
6279,257,154,PHYSICS_CHEMISTRY,DIRECT_APPLICATION,Difficile,LEGACY_BANK
6280,257,154,PHYSICS_CHEMISTRY,MULTI_STEP,Facile,LEGACY_BANK
6281,257,154,PHYSICS_CHEMISTRY,PROBLEM_SOLVING,Moyen,LEGACY_BANK
6282,257,154,PHYSICS_CHEMISTRY,DOCUMENT_ANALYSIS,Difficile,LEGACY_BANK
6283,257,154,PHYSICS_CHEMISTRY,JUSTIFICATION,Difficile,LEGACY_BANK
6284,257,154,PHYSICS_CHEMISTRY,REASONING,Facile,LEGACY_BANK
6289,258,155,SVT,OPEN_RESPONSE,Moyen,LEGACY_BANK
6290,258,155,SVT,DIRECT_APPLICATION,Difficile,LEGACY_BANK
6291,258,155,SVT,MULTI_STEP,Difficile,LEGACY_BANK
6292,258,155,SVT,PROBLEM_SOLVING,Facile,LEGACY_BANK
6293,258,155,SVT,DOCUMENT_ANALYSIS,Moyen,LEGACY_BANK
6294,258,155,SVT,JUSTIFICATION,Difficile,LEGACY_BANK
6295,258,155,SVT,REASONING,Difficile,LEGACY_BANK
6296,258,155,SVT,BREVET_STYLE,Facile,LEGACY_BANK
6285,258,155,SVT,OFFICIAL_ARCHIVE,Moyen,LEGACY_BANK
6286,258,155,SVT,REMEDIATION,Difficile,LEGACY_BANK
6287,258,155,SVT,TRANSFER,Difficile,LEGACY_BANK
6288,258,155,SVT,AUTOMATISM,Facile,LEGACY_BANK
6297,259,155,SVT,REMEDIATION,Moyen,LEGACY_BANK
6298,259,155,SVT,TRANSFER,Difficile,LEGACY_BANK
6299,259,155,SVT,AUTOMATISM,Difficile,LEGACY_BANK
6300,259,155,SVT,OPEN_RESPONSE,Facile,LEGACY_BANK
6301,259,155,SVT,DIRECT_APPLICATION,Moyen,LEGACY_BANK
6302,259,155,SVT,MULTI_STEP,Difficile,LEGACY_BANK
6303,259,155,SVT,PROBLEM_SOLVING,Difficile,LEGACY_BANK
6304,259,155,SVT,DOCUMENT_ANALYSIS,Facile,LEGACY_BANK
6305,259,155,SVT,JUSTIFICATION,Moyen,LEGACY_BANK
6306,259,155,SVT,REASONING,Difficile,LEGACY_BANK
6307,259,155,SVT,BREVET_STYLE,Difficile,LEGACY_BANK
6308,259,155,SVT,OFFICIAL_ARCHIVE,Facile,LEGACY_BANK
6313,260,156,SVT,MULTI_STEP,Moyen,LEGACY_BANK
6314,260,156,SVT,PROBLEM_SOLVING,Difficile,LEGACY_BANK
6315,260,156,SVT,DOCUMENT_ANALYSIS,Difficile,LEGACY_BANK
6316,260,156,SVT,JUSTIFICATION,Facile,LEGACY_BANK
6317,260,156,SVT,REASONING,Moyen,LEGACY_BANK
6318,260,156,SVT,BREVET_STYLE,Difficile,LEGACY_BANK
6319,260,156,SVT,OFFICIAL_ARCHIVE,Difficile,LEGACY_BANK
6320,260,156,SVT,REMEDIATION,Facile,LEGACY_BANK
6309,260,156,SVT,TRANSFER,Moyen,LEGACY_BANK
6310,260,156,SVT,AUTOMATISM,Difficile,LEGACY_BANK
6311,260,156,SVT,OPEN_RESPONSE,Difficile,LEGACY_BANK
6312,260,156,SVT,DIRECT_APPLICATION,Facile,LEGACY_BANK
6321,261,156,SVT,AUTOMATISM,Moyen,LEGACY_BANK
6322,261,156,SVT,OPEN_RESPONSE,Difficile,LEGACY_BANK
6323,261,156,SVT,DIRECT_APPLICATION,Difficile,LEGACY_BANK
6324,261,156,SVT,MULTI_STEP,Facile,LEGACY_BANK
6325,261,156,SVT,PROBLEM_SOLVING,Moyen,LEGACY_BANK
6326,261,156,SVT,DOCUMENT_ANALYSIS,Difficile,LEGACY_BANK
6327,261,156,SVT,JUSTIFICATION,Difficile,LEGACY_BANK
6328,261,156,SVT,REASONING,Facile,LEGACY_BANK
6329,261,156,SVT,BREVET_STYLE,Moyen,LEGACY_BANK
6330,261,156,SVT,OFFICIAL_ARCHIVE,Difficile,LEGACY_BANK
6331,261,156,SVT,REMEDIATION,Difficile,LEGACY_BANK
6332,261,156,SVT,TRANSFER,Facile,LEGACY_BANK
6333,262,157,SVT,OPEN_RESPONSE,Moyen,LEGACY_BANK
6334,262,157,SVT,DIRECT_APPLICATION,Difficile,LEGACY_BANK
6335,262,157,SVT,MULTI_STEP,Difficile,LEGACY_BANK
6336,262,157,SVT,PROBLEM_SOLVING,Facile,LEGACY_BANK
6337,262,157,SVT,DOCUMENT_ANALYSIS,Moyen,LEGACY_BANK
6338,262,157,SVT,JUSTIFICATION,Difficile,LEGACY_BANK
6339,262,157,SVT,REASONING,Difficile,LEGACY_BANK
6340,262,157,SVT,BREVET_STYLE,Facile,LEGACY_BANK
6341,262,157,SVT,OFFICIAL_ARCHIVE,Moyen,LEGACY_BANK
6342,262,157,SVT,REMEDIATION,Difficile,LEGACY_BANK
6343,262,157,SVT,TRANSFER,Difficile,LEGACY_BANK
6344,262,157,SVT,AUTOMATISM,Facile,LEGACY_BANK
6345,263,157,SVT,DIRECT_APPLICATION,Moyen,LEGACY_BANK
6346,263,157,SVT,MULTI_STEP,Difficile,LEGACY_BANK
6347,263,157,SVT,PROBLEM_SOLVING,Difficile,LEGACY_BANK
6348,263,157,SVT,DOCUMENT_ANALYSIS,Facile,LEGACY_BANK
6349,263,157,SVT,JUSTIFICATION,Moyen,LEGACY_BANK
6350,263,157,SVT,REASONING,Difficile,LEGACY_BANK
6351,263,157,SVT,BREVET_STYLE,Difficile,LEGACY_BANK
6352,263,157,SVT,OFFICIAL_ARCHIVE,Facile,LEGACY_BANK
6353,263,157,SVT,REMEDIATION,Moyen,LEGACY_BANK
6354,263,157,SVT,TRANSFER,Difficile,LEGACY_BANK
6355,263,157,SVT,AUTOMATISM,Difficile,LEGACY_BANK
6356,263,157,SVT,OPEN_RESPONSE,Facile,LEGACY_BANK
6357,264,158,SVT,MULTI_STEP,Moyen,LEGACY_BANK
6358,264,158,SVT,PROBLEM_SOLVING,Difficile,LEGACY_BANK
6359,264,158,SVT,DOCUMENT_ANALYSIS,Difficile,LEGACY_BANK
6360,264,158,SVT,JUSTIFICATION,Facile,LEGACY_BANK
6361,264,158,SVT,REASONING,Moyen,LEGACY_BANK
6362,264,158,SVT,BREVET_STYLE,Difficile,LEGACY_BANK
6363,264,158,SVT,OFFICIAL_ARCHIVE,Difficile,LEGACY_BANK
6364,264,158,SVT,REMEDIATION,Facile,LEGACY_BANK
6365,264,158,SVT,TRANSFER,Moyen,LEGACY_BANK
6366,264,158,SVT,AUTOMATISM,Difficile,LEGACY_BANK
6367,265,158,SVT,PROBLEM_SOLVING,Moyen,LEGACY_BANK
6368,265,158,SVT,DOCUMENT_ANALYSIS,Difficile,LEGACY_BANK
6369,265,158,SVT,JUSTIFICATION,Difficile,LEGACY_BANK
6370,265,158,SVT,REASONING,Facile,LEGACY_BANK
6371,265,158,SVT,BREVET_STYLE,Moyen,LEGACY_BANK
6372,265,158,SVT,OFFICIAL_ARCHIVE,Difficile,LEGACY_BANK
6373,265,158,SVT,REMEDIATION,Difficile,LEGACY_BANK
6374,265,158,SVT,TRANSFER,Facile,LEGACY_BANK
6375,265,158,SVT,AUTOMATISM,Moyen,LEGACY_BANK
6376,265,158,SVT,OPEN_RESPONSE,Difficile,LEGACY_BANK
6377,265,158,SVT,DIRECT_APPLICATION,Difficile,LEGACY_BANK
6378,265,158,SVT,MULTI_STEP,Facile,LEGACY_BANK
6379,266,159,SVT,DOCUMENT_ANALYSIS,Moyen,LEGACY_BANK
6380,266,159,SVT,JUSTIFICATION,Difficile,LEGACY_BANK
6381,266,159,SVT,REASONING,Difficile,LEGACY_BANK
6382,266,159,SVT,BREVET_STYLE,Facile,LEGACY_BANK
6383,266,159,SVT,OFFICIAL_ARCHIVE,Moyen,LEGACY_BANK
6384,266,159,SVT,REMEDIATION,Difficile,LEGACY_BANK
6385,266,159,SVT,TRANSFER,Difficile,LEGACY_BANK
6386,266,159,SVT,AUTOMATISM,Facile,LEGACY_BANK
6387,266,159,SVT,OPEN_RESPONSE,Moyen,LEGACY_BANK
6388,266,159,SVT,DIRECT_APPLICATION,Difficile,LEGACY_BANK
6389,266,159,SVT,MULTI_STEP,Difficile,LEGACY_BANK
6390,266,159,SVT,PROBLEM_SOLVING,Facile,LEGACY_BANK
6391,267,159,SVT,JUSTIFICATION,Moyen,LEGACY_BANK
6392,267,159,SVT,REASONING,Difficile,LEGACY_BANK
6393,267,159,SVT,BREVET_STYLE,Difficile,LEGACY_BANK
6394,267,159,SVT,OFFICIAL_ARCHIVE,Facile,LEGACY_BANK
6395,267,159,SVT,REMEDIATION,Moyen,LEGACY_BANK
6396,267,159,SVT,TRANSFER,Difficile,LEGACY_BANK
6397,267,159,SVT,AUTOMATISM,Difficile,LEGACY_BANK
6398,267,159,SVT,OPEN_RESPONSE,Facile,LEGACY_BANK
6399,267,159,SVT,DIRECT_APPLICATION,Moyen,LEGACY_BANK
6400,267,159,SVT,MULTI_STEP,Difficile,LEGACY_BANK
6401,267,159,SVT,PROBLEM_SOLVING,Difficile,LEGACY_BANK
6402,267,159,SVT,DOCUMENT_ANALYSIS,Facile,LEGACY_BANK
6403,268,160,SVT,REASONING,Moyen,LEGACY_BANK
6404,268,160,SVT,BREVET_STYLE,Difficile,LEGACY_BANK
6405,268,160,SVT,OFFICIAL_ARCHIVE,Difficile,LEGACY_BANK
6406,268,160,SVT,REMEDIATION,Facile,LEGACY_BANK
6407,268,160,SVT,TRANSFER,Moyen,LEGACY_BANK
6408,268,160,SVT,AUTOMATISM,Difficile,LEGACY_BANK
6409,268,160,SVT,OPEN_RESPONSE,Difficile,LEGACY_BANK
6410,268,160,SVT,DIRECT_APPLICATION,Facile,LEGACY_BANK
6411,268,160,SVT,MULTI_STEP,Moyen,LEGACY_BANK
6412,268,160,SVT,PROBLEM_SOLVING,Difficile,LEGACY_BANK
6413,269,160,SVT,BREVET_STYLE,Moyen,LEGACY_BANK
6414,269,160,SVT,OFFICIAL_ARCHIVE,Difficile,LEGACY_BANK
6415,269,160,SVT,REMEDIATION,Difficile,LEGACY_BANK
6416,269,160,SVT,TRANSFER,Facile,LEGACY_BANK
6417,269,160,SVT,AUTOMATISM,Moyen,LEGACY_BANK
6418,269,160,SVT,OPEN_RESPONSE,Difficile,LEGACY_BANK
6419,269,160,SVT,DIRECT_APPLICATION,Difficile,LEGACY_BANK
6420,269,160,SVT,MULTI_STEP,Facile,LEGACY_BANK
6421,269,160,SVT,PROBLEM_SOLVING,Moyen,LEGACY_BANK
6422,269,160,SVT,DOCUMENT_ANALYSIS,Difficile,LEGACY_BANK
6423,269,160,SVT,JUSTIFICATION,Difficile,LEGACY_BANK
6424,269,160,SVT,REASONING,Facile,LEGACY_BANK
6425,270,161,SVT,OFFICIAL_ARCHIVE,Moyen,LEGACY_BANK
6426,270,161,SVT,REMEDIATION,Difficile,LEGACY_BANK
6427,270,161,SVT,TRANSFER,Difficile,LEGACY_BANK
6428,270,161,SVT,AUTOMATISM,Facile,LEGACY_BANK
6429,270,161,SVT,OPEN_RESPONSE,Moyen,LEGACY_BANK
6430,270,161,SVT,DIRECT_APPLICATION,Difficile,LEGACY_BANK
6431,270,161,SVT,MULTI_STEP,Difficile,LEGACY_BANK
6432,270,161,SVT,PROBLEM_SOLVING,Facile,LEGACY_BANK
6433,270,161,SVT,DOCUMENT_ANALYSIS,Moyen,LEGACY_BANK
6434,270,161,SVT,JUSTIFICATION,Difficile,LEGACY_BANK
6435,271,161,SVT,REMEDIATION,Moyen,LEGACY_BANK
6436,271,161,SVT,TRANSFER,Difficile,LEGACY_BANK
6437,271,161,SVT,AUTOMATISM,Difficile,LEGACY_BANK
6438,271,161,SVT,OPEN_RESPONSE,Facile,LEGACY_BANK
6439,271,161,SVT,DIRECT_APPLICATION,Moyen,LEGACY_BANK
6440,271,161,SVT,MULTI_STEP,Difficile,LEGACY_BANK
6441,271,161,SVT,PROBLEM_SOLVING,Difficile,LEGACY_BANK
6442,271,161,SVT,DOCUMENT_ANALYSIS,Facile,LEGACY_BANK
6443,271,161,SVT,JUSTIFICATION,Moyen,LEGACY_BANK
6444,271,161,SVT,REASONING,Difficile,LEGACY_BANK
6445,271,161,SVT,BREVET_STYLE,Difficile,LEGACY_BANK
6446,271,161,SVT,OFFICIAL_ARCHIVE,Facile,LEGACY_BANK
6451,272,162,SVT,MULTI_STEP,Moyen,LEGACY_BANK
6452,272,162,SVT,PROBLEM_SOLVING,Difficile,LEGACY_BANK
6453,272,162,SVT,DOCUMENT_ANALYSIS,Difficile,LEGACY_BANK
6454,272,162,SVT,JUSTIFICATION,Facile,LEGACY_BANK
6455,272,162,SVT,REASONING,Moyen,LEGACY_BANK
6456,272,162,SVT,BREVET_STYLE,Difficile,LEGACY_BANK
6457,272,162,SVT,OFFICIAL_ARCHIVE,Difficile,LEGACY_BANK
6458,272,162,SVT,REMEDIATION,Facile,LEGACY_BANK
6447,272,162,SVT,TRANSFER,Moyen,LEGACY_BANK
6448,272,162,SVT,AUTOMATISM,Difficile,LEGACY_BANK
6449,272,162,SVT,OPEN_RESPONSE,Difficile,LEGACY_BANK
6450,272,162,SVT,DIRECT_APPLICATION,Facile,LEGACY_BANK
6459,273,162,SVT,AUTOMATISM,Moyen,LEGACY_BANK
6460,273,162,SVT,OPEN_RESPONSE,Difficile,LEGACY_BANK
6461,273,162,SVT,DIRECT_APPLICATION,Difficile,LEGACY_BANK
6462,273,162,SVT,MULTI_STEP,Facile,LEGACY_BANK
6463,273,162,SVT,PROBLEM_SOLVING,Moyen,LEGACY_BANK
6464,273,162,SVT,DOCUMENT_ANALYSIS,Difficile,LEGACY_BANK
6465,273,162,SVT,JUSTIFICATION,Difficile,LEGACY_BANK
6466,273,162,SVT,REASONING,Facile,LEGACY_BANK
6467,273,162,SVT,BREVET_STYLE,Moyen,LEGACY_BANK
6468,273,162,SVT,OFFICIAL_ARCHIVE,Difficile,LEGACY_BANK
6469,273,162,SVT,REMEDIATION,Difficile,LEGACY_BANK
6470,273,162,SVT,TRANSFER,Facile,LEGACY_BANK
6471,274,163,SVT,OPEN_RESPONSE,Moyen,LEGACY_BANK
6472,274,163,SVT,DIRECT_APPLICATION,Difficile,LEGACY_BANK
6473,274,163,SVT,MULTI_STEP,Difficile,LEGACY_BANK
6474,274,163,SVT,PROBLEM_SOLVING,Facile,LEGACY_BANK
6475,274,163,SVT,DOCUMENT_ANALYSIS,Moyen,LEGACY_BANK
6476,274,163,SVT,JUSTIFICATION,Difficile,LEGACY_BANK
6477,274,163,SVT,REASONING,Difficile,LEGACY_BANK
6478,274,163,SVT,BREVET_STYLE,Facile,LEGACY_BANK
6479,274,163,SVT,OFFICIAL_ARCHIVE,Moyen,LEGACY_BANK
6480,274,163,SVT,REMEDIATION,Difficile,LEGACY_BANK
6481,274,163,SVT,TRANSFER,Difficile,LEGACY_BANK
6482,274,163,SVT,AUTOMATISM,Facile,LEGACY_BANK
6483,275,163,SVT,DIRECT_APPLICATION,Moyen,LEGACY_BANK
6484,275,163,SVT,MULTI_STEP,Difficile,LEGACY_BANK
6485,275,163,SVT,PROBLEM_SOLVING,Difficile,LEGACY_BANK
6486,275,163,SVT,DOCUMENT_ANALYSIS,Facile,LEGACY_BANK
6487,275,163,SVT,JUSTIFICATION,Moyen,LEGACY_BANK
6488,275,163,SVT,REASONING,Difficile,LEGACY_BANK
6489,275,163,SVT,BREVET_STYLE,Difficile,LEGACY_BANK
6490,275,163,SVT,OFFICIAL_ARCHIVE,Facile,LEGACY_BANK
6491,275,163,SVT,REMEDIATION,Moyen,LEGACY_BANK
6492,275,163,SVT,TRANSFER,Difficile,LEGACY_BANK
6493,275,163,SVT,AUTOMATISM,Difficile,LEGACY_BANK
6494,275,163,SVT,OPEN_RESPONSE,Facile,LEGACY_BANK
6495,276,164,SVT,MULTI_STEP,Moyen,LEGACY_BANK
6496,276,164,SVT,PROBLEM_SOLVING,Difficile,LEGACY_BANK
6497,276,164,SVT,DOCUMENT_ANALYSIS,Difficile,LEGACY_BANK
6498,276,164,SVT,JUSTIFICATION,Facile,LEGACY_BANK
6499,276,164,SVT,REASONING,Moyen,LEGACY_BANK
6500,276,164,SVT,BREVET_STYLE,Difficile,LEGACY_BANK
6501,276,164,SVT,OFFICIAL_ARCHIVE,Difficile,LEGACY_BANK
6502,276,164,SVT,REMEDIATION,Facile,LEGACY_BANK
6503,276,164,SVT,TRANSFER,Moyen,LEGACY_BANK
6504,276,164,SVT,AUTOMATISM,Difficile,LEGACY_BANK
6505,276,164,SVT,OPEN_RESPONSE,Difficile,LEGACY_BANK
6506,276,164,SVT,DIRECT_APPLICATION,Facile,LEGACY_BANK
6507,277,164,SVT,PROBLEM_SOLVING,Moyen,LEGACY_BANK
6508,277,164,SVT,DOCUMENT_ANALYSIS,Difficile,LEGACY_BANK
6509,277,164,SVT,JUSTIFICATION,Difficile,LEGACY_BANK
6510,277,164,SVT,REASONING,Facile,LEGACY_BANK
6511,277,164,SVT,BREVET_STYLE,Moyen,LEGACY_BANK
6512,277,164,SVT,OFFICIAL_ARCHIVE,Difficile,LEGACY_BANK
6513,277,164,SVT,REMEDIATION,Difficile,LEGACY_BANK
6514,277,164,SVT,TRANSFER,Facile,LEGACY_BANK
6515,277,164,SVT,AUTOMATISM,Moyen,LEGACY_BANK
6516,277,164,SVT,OPEN_RESPONSE,Difficile,LEGACY_BANK
6517,277,164,SVT,DIRECT_APPLICATION,Difficile,LEGACY_BANK
6518,277,164,SVT,MULTI_STEP,Facile,LEGACY_BANK
6519,278,165,TECHNOLOGY,DOCUMENT_ANALYSIS,Moyen,LEGACY_BANK
6520,278,165,TECHNOLOGY,JUSTIFICATION,Difficile,LEGACY_BANK
6521,278,165,TECHNOLOGY,REASONING,Difficile,LEGACY_BANK
6522,278,165,TECHNOLOGY,BREVET_STYLE,Facile,LEGACY_BANK
6523,278,165,TECHNOLOGY,OFFICIAL_ARCHIVE,Moyen,LEGACY_BANK
6524,278,165,TECHNOLOGY,REMEDIATION,Difficile,LEGACY_BANK
6525,278,165,TECHNOLOGY,TRANSFER,Difficile,LEGACY_BANK
6526,278,165,TECHNOLOGY,AUTOMATISM,Facile,LEGACY_BANK
6527,278,165,TECHNOLOGY,OPEN_RESPONSE,Moyen,LEGACY_BANK
6528,278,165,TECHNOLOGY,DIRECT_APPLICATION,Difficile,LEGACY_BANK
6529,278,165,TECHNOLOGY,MULTI_STEP,Difficile,LEGACY_BANK
6530,278,165,TECHNOLOGY,PROBLEM_SOLVING,Facile,LEGACY_BANK
6531,279,165,TECHNOLOGY,JUSTIFICATION,Moyen,LEGACY_BANK
6532,279,165,TECHNOLOGY,REASONING,Difficile,LEGACY_BANK
6533,279,165,TECHNOLOGY,BREVET_STYLE,Difficile,LEGACY_BANK
6534,279,165,TECHNOLOGY,OFFICIAL_ARCHIVE,Facile,LEGACY_BANK
6535,279,165,TECHNOLOGY,REMEDIATION,Moyen,LEGACY_BANK
6536,279,165,TECHNOLOGY,TRANSFER,Difficile,LEGACY_BANK
6537,279,165,TECHNOLOGY,AUTOMATISM,Difficile,LEGACY_BANK
6538,279,165,TECHNOLOGY,OPEN_RESPONSE,Facile,LEGACY_BANK
6539,279,165,TECHNOLOGY,DIRECT_APPLICATION,Moyen,LEGACY_BANK
6540,279,165,TECHNOLOGY,MULTI_STEP,Difficile,LEGACY_BANK
6541,279,165,TECHNOLOGY,PROBLEM_SOLVING,Difficile,LEGACY_BANK
6542,279,165,TECHNOLOGY,DOCUMENT_ANALYSIS,Facile,LEGACY_BANK
6547,280,166,TECHNOLOGY,TRANSFER,Moyen,LEGACY_BANK
6548,280,166,TECHNOLOGY,AUTOMATISM,Difficile,LEGACY_BANK
6549,280,166,TECHNOLOGY,OPEN_RESPONSE,Difficile,LEGACY_BANK
6550,280,166,TECHNOLOGY,DIRECT_APPLICATION,Facile,LEGACY_BANK
6551,280,166,TECHNOLOGY,MULTI_STEP,Moyen,LEGACY_BANK
6552,280,166,TECHNOLOGY,PROBLEM_SOLVING,Difficile,LEGACY_BANK
6553,280,166,TECHNOLOGY,DOCUMENT_ANALYSIS,Difficile,LEGACY_BANK
6554,280,166,TECHNOLOGY,JUSTIFICATION,Facile,LEGACY_BANK
6543,280,166,TECHNOLOGY,REASONING,Moyen,LEGACY_BANK
6544,280,166,TECHNOLOGY,BREVET_STYLE,Difficile,LEGACY_BANK
6545,280,166,TECHNOLOGY,OFFICIAL_ARCHIVE,Difficile,LEGACY_BANK
6546,280,166,TECHNOLOGY,REMEDIATION,Facile,LEGACY_BANK
6555,281,166,TECHNOLOGY,BREVET_STYLE,Moyen,LEGACY_BANK
6556,281,166,TECHNOLOGY,OFFICIAL_ARCHIVE,Difficile,LEGACY_BANK
6557,281,166,TECHNOLOGY,REMEDIATION,Difficile,LEGACY_BANK
6558,281,166,TECHNOLOGY,TRANSFER,Facile,LEGACY_BANK
6559,281,166,TECHNOLOGY,AUTOMATISM,Moyen,LEGACY_BANK
6560,281,166,TECHNOLOGY,OPEN_RESPONSE,Difficile,LEGACY_BANK
6561,281,166,TECHNOLOGY,DIRECT_APPLICATION,Difficile,LEGACY_BANK
6562,281,166,TECHNOLOGY,MULTI_STEP,Facile,LEGACY_BANK
6563,281,166,TECHNOLOGY,PROBLEM_SOLVING,Moyen,LEGACY_BANK
6564,281,166,TECHNOLOGY,DOCUMENT_ANALYSIS,Difficile,LEGACY_BANK
6565,281,166,TECHNOLOGY,JUSTIFICATION,Difficile,LEGACY_BANK
6566,281,166,TECHNOLOGY,REASONING,Facile,LEGACY_BANK
6569,282,167,TECHNOLOGY,TRANSFER,Difficile,LEGACY_BANK
6570,282,167,TECHNOLOGY,AUTOMATISM,Facile,LEGACY_BANK
6571,282,167,TECHNOLOGY,OPEN_RESPONSE,Moyen,LEGACY_BANK
6572,282,167,TECHNOLOGY,DIRECT_APPLICATION,Difficile,LEGACY_BANK
6573,282,167,TECHNOLOGY,MULTI_STEP,Difficile,LEGACY_BANK
6574,282,167,TECHNOLOGY,PROBLEM_SOLVING,Facile,LEGACY_BANK
6575,282,167,TECHNOLOGY,DOCUMENT_ANALYSIS,Moyen,LEGACY_BANK
6576,282,167,TECHNOLOGY,JUSTIFICATION,Difficile,LEGACY_BANK
6577,282,167,TECHNOLOGY,REASONING,Difficile,LEGACY_BANK
6578,282,167,TECHNOLOGY,BREVET_STYLE,Facile,LEGACY_BANK
6567,282,167,TECHNOLOGY,OFFICIAL_ARCHIVE,Moyen,LEGACY_BANK
6568,282,167,TECHNOLOGY,REMEDIATION,Difficile,LEGACY_BANK
6579,283,167,TECHNOLOGY,REMEDIATION,Moyen,LEGACY_BANK
6580,283,167,TECHNOLOGY,TRANSFER,Difficile,LEGACY_BANK
6581,283,167,TECHNOLOGY,AUTOMATISM,Difficile,LEGACY_BANK
6582,283,167,TECHNOLOGY,OPEN_RESPONSE,Facile,LEGACY_BANK
6583,283,167,TECHNOLOGY,DIRECT_APPLICATION,Moyen,LEGACY_BANK
6584,283,167,TECHNOLOGY,MULTI_STEP,Difficile,LEGACY_BANK
6585,283,167,TECHNOLOGY,PROBLEM_SOLVING,Difficile,LEGACY_BANK
6586,283,167,TECHNOLOGY,DOCUMENT_ANALYSIS,Facile,LEGACY_BANK
6587,283,167,TECHNOLOGY,JUSTIFICATION,Moyen,LEGACY_BANK
6588,283,167,TECHNOLOGY,REASONING,Difficile,LEGACY_BANK
6589,283,167,TECHNOLOGY,BREVET_STYLE,Difficile,LEGACY_BANK
6590,283,167,TECHNOLOGY,OFFICIAL_ARCHIVE,Facile,LEGACY_BANK
6593,284,168,TECHNOLOGY,OPEN_RESPONSE,Difficile,LEGACY_BANK
6594,284,168,TECHNOLOGY,DIRECT_APPLICATION,Facile,LEGACY_BANK
6595,284,168,TECHNOLOGY,MULTI_STEP,Moyen,LEGACY_BANK
6596,284,168,TECHNOLOGY,PROBLEM_SOLVING,Difficile,LEGACY_BANK
6597,284,168,TECHNOLOGY,DOCUMENT_ANALYSIS,Difficile,LEGACY_BANK
6598,284,168,TECHNOLOGY,JUSTIFICATION,Facile,LEGACY_BANK
6599,284,168,TECHNOLOGY,REASONING,Moyen,LEGACY_BANK
6600,284,168,TECHNOLOGY,BREVET_STYLE,Difficile,LEGACY_BANK
6601,284,168,TECHNOLOGY,OFFICIAL_ARCHIVE,Difficile,LEGACY_BANK
6602,284,168,TECHNOLOGY,REMEDIATION,Facile,LEGACY_BANK
6591,284,168,TECHNOLOGY,TRANSFER,Moyen,LEGACY_BANK
6592,284,168,TECHNOLOGY,AUTOMATISM,Difficile,LEGACY_BANK
6603,285,168,TECHNOLOGY,AUTOMATISM,Moyen,LEGACY_BANK
6604,285,168,TECHNOLOGY,OPEN_RESPONSE,Difficile,LEGACY_BANK
6605,285,168,TECHNOLOGY,DIRECT_APPLICATION,Difficile,LEGACY_BANK
6606,285,168,TECHNOLOGY,MULTI_STEP,Facile,LEGACY_BANK
6607,285,168,TECHNOLOGY,PROBLEM_SOLVING,Moyen,LEGACY_BANK
6608,285,168,TECHNOLOGY,DOCUMENT_ANALYSIS,Difficile,LEGACY_BANK
6609,285,168,TECHNOLOGY,JUSTIFICATION,Difficile,LEGACY_BANK
6610,285,168,TECHNOLOGY,REASONING,Facile,LEGACY_BANK
6611,285,168,TECHNOLOGY,BREVET_STYLE,Moyen,LEGACY_BANK
6612,285,168,TECHNOLOGY,OFFICIAL_ARCHIVE,Difficile,LEGACY_BANK
6613,285,168,TECHNOLOGY,REMEDIATION,Difficile,LEGACY_BANK
6614,285,168,TECHNOLOGY,TRANSFER,Facile,LEGACY_BANK
6619,286,169,TECHNOLOGY,DOCUMENT_ANALYSIS,Moyen,LEGACY_BANK
6620,286,169,TECHNOLOGY,JUSTIFICATION,Difficile,LEGACY_BANK
6621,286,169,TECHNOLOGY,REASONING,Difficile,LEGACY_BANK
6622,286,169,TECHNOLOGY,BREVET_STYLE,Facile,LEGACY_BANK
6623,286,169,TECHNOLOGY,OFFICIAL_ARCHIVE,Moyen,LEGACY_BANK
6624,286,169,TECHNOLOGY,REMEDIATION,Difficile,LEGACY_BANK
6625,286,169,TECHNOLOGY,TRANSFER,Difficile,LEGACY_BANK
6626,286,169,TECHNOLOGY,AUTOMATISM,Facile,LEGACY_BANK
6615,286,169,TECHNOLOGY,OPEN_RESPONSE,Moyen,LEGACY_BANK
6616,286,169,TECHNOLOGY,DIRECT_APPLICATION,Difficile,LEGACY_BANK
6617,286,169,TECHNOLOGY,MULTI_STEP,Difficile,LEGACY_BANK
6618,286,169,TECHNOLOGY,PROBLEM_SOLVING,Facile,LEGACY_BANK
6627,287,169,TECHNOLOGY,DIRECT_APPLICATION,Moyen,LEGACY_BANK
6628,287,169,TECHNOLOGY,MULTI_STEP,Difficile,LEGACY_BANK
6629,287,169,TECHNOLOGY,PROBLEM_SOLVING,Difficile,LEGACY_BANK
6630,287,169,TECHNOLOGY,DOCUMENT_ANALYSIS,Facile,LEGACY_BANK
6631,287,169,TECHNOLOGY,JUSTIFICATION,Moyen,LEGACY_BANK
6632,287,169,TECHNOLOGY,REASONING,Difficile,LEGACY_BANK
6633,287,169,TECHNOLOGY,BREVET_STYLE,Difficile,LEGACY_BANK
6634,287,169,TECHNOLOGY,OFFICIAL_ARCHIVE,Facile,LEGACY_BANK
6635,287,169,TECHNOLOGY,REMEDIATION,Moyen,LEGACY_BANK
6636,287,169,TECHNOLOGY,TRANSFER,Difficile,LEGACY_BANK
6637,287,169,TECHNOLOGY,AUTOMATISM,Difficile,LEGACY_BANK
6638,287,169,TECHNOLOGY,OPEN_RESPONSE,Facile,LEGACY_BANK
6643,288,170,TECHNOLOGY,REASONING,Moyen,LEGACY_BANK
6644,288,170,TECHNOLOGY,BREVET_STYLE,Difficile,LEGACY_BANK
6645,288,170,TECHNOLOGY,OFFICIAL_ARCHIVE,Difficile,LEGACY_BANK
6646,288,170,TECHNOLOGY,REMEDIATION,Facile,LEGACY_BANK
6647,288,170,TECHNOLOGY,TRANSFER,Moyen,LEGACY_BANK
6648,288,170,TECHNOLOGY,AUTOMATISM,Difficile,LEGACY_BANK
6649,288,170,TECHNOLOGY,OPEN_RESPONSE,Difficile,LEGACY_BANK
6650,288,170,TECHNOLOGY,DIRECT_APPLICATION,Facile,LEGACY_BANK
6639,288,170,TECHNOLOGY,MULTI_STEP,Moyen,LEGACY_BANK
6640,288,170,TECHNOLOGY,PROBLEM_SOLVING,Difficile,LEGACY_BANK
6641,288,170,TECHNOLOGY,DOCUMENT_ANALYSIS,Difficile,LEGACY_BANK
6642,288,170,TECHNOLOGY,JUSTIFICATION,Facile,LEGACY_BANK
6651,289,170,TECHNOLOGY,PROBLEM_SOLVING,Moyen,LEGACY_BANK
6652,289,170,TECHNOLOGY,DOCUMENT_ANALYSIS,Difficile,LEGACY_BANK
6653,289,170,TECHNOLOGY,JUSTIFICATION,Difficile,LEGACY_BANK
6654,289,170,TECHNOLOGY,REASONING,Facile,LEGACY_BANK
6655,289,170,TECHNOLOGY,BREVET_STYLE,Moyen,LEGACY_BANK
6656,289,170,TECHNOLOGY,OFFICIAL_ARCHIVE,Difficile,LEGACY_BANK
6657,289,170,TECHNOLOGY,REMEDIATION,Difficile,LEGACY_BANK
6658,289,170,TECHNOLOGY,TRANSFER,Facile,LEGACY_BANK
6659,289,170,TECHNOLOGY,AUTOMATISM,Moyen,LEGACY_BANK
6660,289,170,TECHNOLOGY,OPEN_RESPONSE,Difficile,LEGACY_BANK
6661,289,170,TECHNOLOGY,DIRECT_APPLICATION,Difficile,LEGACY_BANK
6662,289,170,TECHNOLOGY,MULTI_STEP,Facile,LEGACY_BANK
6667,290,171,TECHNOLOGY,OFFICIAL_ARCHIVE,Moyen,LEGACY_BANK
6668,290,171,TECHNOLOGY,REMEDIATION,Difficile,LEGACY_BANK
6669,290,171,TECHNOLOGY,TRANSFER,Difficile,LEGACY_BANK
6670,290,171,TECHNOLOGY,AUTOMATISM,Facile,LEGACY_BANK
6671,290,171,TECHNOLOGY,OPEN_RESPONSE,Moyen,LEGACY_BANK
6672,290,171,TECHNOLOGY,DIRECT_APPLICATION,Difficile,LEGACY_BANK
6673,290,171,TECHNOLOGY,MULTI_STEP,Difficile,LEGACY_BANK
6674,290,171,TECHNOLOGY,PROBLEM_SOLVING,Facile,LEGACY_BANK
6663,290,171,TECHNOLOGY,DOCUMENT_ANALYSIS,Moyen,LEGACY_BANK
6664,290,171,TECHNOLOGY,JUSTIFICATION,Difficile,LEGACY_BANK
6665,290,171,TECHNOLOGY,REASONING,Difficile,LEGACY_BANK
6666,290,171,TECHNOLOGY,BREVET_STYLE,Facile,LEGACY_BANK
6675,291,171,TECHNOLOGY,JUSTIFICATION,Moyen,LEGACY_BANK
6676,291,171,TECHNOLOGY,REASONING,Difficile,LEGACY_BANK
6677,291,171,TECHNOLOGY,BREVET_STYLE,Difficile,LEGACY_BANK
6678,291,171,TECHNOLOGY,OFFICIAL_ARCHIVE,Facile,LEGACY_BANK
6679,291,171,TECHNOLOGY,REMEDIATION,Moyen,LEGACY_BANK
6680,291,171,TECHNOLOGY,TRANSFER,Difficile,LEGACY_BANK
6681,291,171,TECHNOLOGY,AUTOMATISM,Difficile,LEGACY_BANK
6682,291,171,TECHNOLOGY,OPEN_RESPONSE,Facile,LEGACY_BANK
6683,291,171,TECHNOLOGY,DIRECT_APPLICATION,Moyen,LEGACY_BANK
6684,291,171,TECHNOLOGY,MULTI_STEP,Difficile,LEGACY_BANK
6685,291,171,TECHNOLOGY,PROBLEM_SOLVING,Difficile,LEGACY_BANK
6686,291,171,TECHNOLOGY,DOCUMENT_ANALYSIS,Facile,LEGACY_BANK
