question_id,subject,skill,previous_status,final_status,reason,confidence,validator_version
1979,MATHEMATICS,,FALSE,FALSE,INCOMPLETE_CONTEXT,0.99,lcai-0037-auto-cert-v1
1980,MATHEMATICS,,FALSE,FALSE,INCOMPLETE_CONTEXT,0.99,lcai-0037-auto-cert-v1
1981,MATHEMATICS,,FALSE,FALSE,INCOMPLETE_CONTEXT,0.99,lcai-0037-auto-cert-v1
1988,SCIENCES,MASSE_VOLUMIQUE_SKILL,REVIEW,TRUE,IN_PROGRAM_2027,0.88,lcai-0037-auto-cert-v1
1989,SCIENCES,FONCTIONS_GRAMMATICALES_SKILL,REVIEW,TRUE,IN_PROGRAM_2027,0.88,lcai-0037-auto-cert-v1
1990,HISTORY_GEOGRAPHY_EMC,FONCTIONS_GRAMMATICALES_SKILL,REVIEW,TRUE,IN_PROGRAM_2027,0.88,lcai-0037-auto-cert-v1
1991,HISTORY_GEOGRAPHY_EMC,FONCTIONS_GRAMMATICALES_SKILL,REVIEW,TRUE,IN_PROGRAM_2027,0.88,lcai-0037-auto-cert-v1
1992,HISTORY_GEOGRAPHY_EMC,FONCTIONS_GRAMMATICALES_SKILL,REVIEW,TRUE,IN_PROGRAM_2027,0.88,lcai-0037-auto-cert-v1
1993,HISTORY_GEOGRAPHY_EMC,FONCTIONS_GRAMMATICALES_SKILL,REVIEW,TRUE,IN_PROGRAM_2027,0.88,lcai-0037-auto-cert-v1
1994,HISTORY_GEOGRAPHY_EMC,FONCTIONS_GRAMMATICALES_SKILL,REVIEW,TRUE,IN_PROGRAM_2027,0.88,lcai-0037-auto-cert-v1
1995,HISTORY_GEOGRAPHY_EMC,VOCABULAIRE_SKILL,REVIEW,TRUE,IN_PROGRAM_2027,0.92,lcai-0037-auto-cert-v1
1996,HISTORY_GEOGRAPHY_EMC,REVOLUTION_FRANCAISE_SKILL,REVIEW,TRUE,IN_PROGRAM_2027,0.92,lcai-0037-auto-cert-v1
1997,HISTORY_GEOGRAPHY_EMC,REVOLUTION_FRANCAISE_SKILL,REVIEW,TRUE,IN_PROGRAM_2027,0.88,lcai-0037-auto-cert-v1
1998,HISTORY_GEOGRAPHY_EMC,REVOLUTION_FRANCAISE_SKILL,REVIEW,TRUE,IN_PROGRAM_2027,0.88,lcai-0037-auto-cert-v1
1999,HISTORY_GEOGRAPHY_EMC,REVOLUTION_FRANCAISE_SKILL,REVIEW,TRUE,IN_PROGRAM_2027,0.88,lcai-0037-auto-cert-v1
2000,HISTORY_GEOGRAPHY_EMC,REVOLUTION_FRANCAISE_SKILL,REVIEW,TRUE,IN_PROGRAM_2027,0.88,lcai-0037-auto-cert-v1
2001,HISTORY_GEOGRAPHY_EMC,REVOLUTION_FRANCAISE_SKILL,REVIEW,TRUE,IN_PROGRAM_2027,0.88,lcai-0037-auto-cert-v1
2002,HISTORY_GEOGRAPHY_EMC,REVOLUTION_FRANCAISE_SKILL,REVIEW,TRUE,IN_PROGRAM_2027,0.88,lcai-0037-auto-cert-v1
2003,HISTORY_GEOGRAPHY_EMC,REVOLUTION_FRANCAISE_SKILL,REVIEW,TRUE,IN_PROGRAM_2027,0.88,lcai-0037-auto-cert-v1
2004,HISTORY_GEOGRAPHY_EMC,VOCABULAIRE_SKILL,REVIEW,TRUE,IN_PROGRAM_2027,0.88,lcai-0037-auto-cert-v1
2005,HISTORY_GEOGRAPHY_EMC,ACCORDS_SKILL,REVIEW,TRUE,IN_PROGRAM_2027,0.88,lcai-0037-auto-cert-v1
2006,HISTORY_GEOGRAPHY_EMC,VOCABULAIRE_SKILL,REVIEW,TRUE,IN_PROGRAM_2027,0.88,lcai-0037-auto-cert-v1
2007,HISTORY_GEOGRAPHY_EMC,VOCABULAIRE_SKILL,REVIEW,TRUE,IN_PROGRAM_2027,0.92,lcai-0037-auto-cert-v1
2008,HISTORY_GEOGRAPHY_EMC,REVOLUTION_FRANCAISE_SKILL,REVIEW,TRUE,IN_PROGRAM_2027,0.88,lcai-0037-auto-cert-v1
2009,HISTORY_GEOGRAPHY_EMC,FONCTIONS_GRAMMATICALES_SKILL,REVIEW,TRUE,IN_PROGRAM_2027,0.88,lcai-0037-auto-cert-v1
2010,HISTORY_GEOGRAPHY_EMC,VOCABULAIRE_SKILL,REVIEW,TRUE,IN_PROGRAM_2027,0.88,lcai-0037-auto-cert-v1
2011,HISTORY_GEOGRAPHY_EMC,VOCABULAIRE_SKILL,REVIEW,TRUE,IN_PROGRAM_2027,0.88,lcai-0037-auto-cert-v1
2012,HISTORY_GEOGRAPHY_EMC,VOCABULAIRE_SKILL,REVIEW,TRUE,IN_PROGRAM_2027,0.88,lcai-0037-auto-cert-v1
2013,HISTORY_GEOGRAPHY_EMC,VOCABULAIRE_SKILL,REVIEW,TRUE,IN_PROGRAM_2027,0.88,lcai-0037-auto-cert-v1
2014,FRENCH,VOCABULAIRE_SKILL,REVIEW,TRUE,IN_PROGRAM_2027,0.88,lcai-0037-auto-cert-v1
2015,FRENCH,VOCABULAIRE_SKILL,REVIEW,TRUE,IN_PROGRAM_2027,0.88,lcai-0037-auto-cert-v1
2016,FRENCH,VOCABULAIRE_SKILL,REVIEW,TRUE,IN_PROGRAM_2027,0.88,lcai-0037-auto-cert-v1
2017,FRENCH,VOCABULAIRE_SKILL,REVIEW,TRUE,IN_PROGRAM_2027,0.88,lcai-0037-auto-cert-v1
2018,FRENCH,VOCABULAIRE_SKILL,REVIEW,TRUE,IN_PROGRAM_2027,0.88,lcai-0037-auto-cert-v1
2019,FRENCH,CLASSES_GRAMMATICALES_SKILL,REVIEW,TRUE,IN_PROGRAM_2027,0.92,lcai-0037-auto-cert-v1
2020,FRENCH,CLASSES_GRAMMATICALES_SKILL,REVIEW,TRUE,IN_PROGRAM_2027,0.92,lcai-0037-auto-cert-v1
2021,FRENCH,CLASSES_GRAMMATICALES_SKILL,REVIEW,TRUE,IN_PROGRAM_2027,0.88,lcai-0037-auto-cert-v1
2022,FRENCH,VOCABULAIRE_SKILL,REVIEW,TRUE,IN_PROGRAM_2027,0.92,lcai-0037-auto-cert-v1
2023,FRENCH,VOCABULAIRE_SKILL,REVIEW,TRUE,IN_PROGRAM_2027,0.92,lcai-0037-auto-cert-v1
2024,FRENCH,VOCABULAIRE_SKILL,REVIEW,TRUE,IN_PROGRAM_2027,0.92,lcai-0037-auto-cert-v1
2025,FRENCH,VOCABULAIRE_SKILL,REVIEW,TRUE,IN_PROGRAM_2027,0.88,lcai-0037-auto-cert-v1
2026,HISTORY_GEOGRAPHY_EMC,FONCTIONS_GRAMMATICALES_SKILL,REVIEW,TRUE,IN_PROGRAM_2027,0.88,lcai-0037-auto-cert-v1
2027,HISTORY_GEOGRAPHY_EMC,FONCTIONS_GRAMMATICALES_SKILL,REVIEW,TRUE,IN_PROGRAM_2027,0.88,lcai-0037-auto-cert-v1
2028,HISTORY_GEOGRAPHY_EMC,FONCTIONS_GRAMMATICALES_SKILL,REVIEW,TRUE,IN_PROGRAM_2027,0.88,lcai-0037-auto-cert-v1
2029,HISTORY_GEOGRAPHY_EMC,FONCTIONS_GRAMMATICALES_SKILL,REVIEW,TRUE,IN_PROGRAM_2027,0.88,lcai-0037-auto-cert-v1
2030,HISTORY_GEOGRAPHY_EMC,FONCTIONS_GRAMMATICALES_SKILL,REVIEW,TRUE,IN_PROGRAM_2027,0.88,lcai-0037-auto-cert-v1
2031,HISTORY_GEOGRAPHY_EMC,VOCABULAIRE_SKILL,REVIEW,TRUE,IN_PROGRAM_2027,0.92,lcai-0037-auto-cert-v1
2032,HISTORY_GEOGRAPHY_EMC,VOCABULAIRE_SKILL,REVIEW,TRUE,IN_PROGRAM_2027,0.92,lcai-0037-auto-cert-v1
2033,HISTORY_GEOGRAPHY_EMC,VOCABULAIRE_SKILL,REVIEW,TRUE,IN_PROGRAM_2027,0.92,lcai-0037-auto-cert-v1
2034,HISTORY_GEOGRAPHY_EMC,VOCABULAIRE_SKILL,REVIEW,TRUE,IN_PROGRAM_2027,0.92,lcai-0037-auto-cert-v1
2035,HISTORY_GEOGRAPHY_EMC,FONCTIONS_GRAMMATICALES_SKILL,REVIEW,TRUE,IN_PROGRAM_2027,0.88,lcai-0037-auto-cert-v1
2036,SCIENCES,ENERGIE_SKILL,REVIEW,TRUE,IN_PROGRAM_2027,0.88,lcai-0037-auto-cert-v1
2037,MATHEMATICS,AIRES_ET_VOLUMES_SKILL,REVIEW,TRUE,IN_PROGRAM_2027,0.88,lcai-0037-auto-cert-v1
2038,MATHEMATICS,AIRES_ET_VOLUMES_SKILL,REVIEW,TRUE,IN_PROGRAM_2027,0.88,lcai-0037-auto-cert-v1
2039,MATHEMATICS,AIRES_ET_VOLUMES_SKILL,REVIEW,TRUE,IN_PROGRAM_2027,0.88,lcai-0037-auto-cert-v1
2040,MATHEMATICS,AIRES_ET_VOLUMES_SKILL,REVIEW,TRUE,IN_PROGRAM_2027,0.88,lcai-0037-auto-cert-v1
2041,MATHEMATICS,AIRES_ET_VOLUMES_SKILL,REVIEW,TRUE,IN_PROGRAM_2027,0.88,lcai-0037-auto-cert-v1
2042,MATHEMATICS,AIRES_ET_VOLUMES_SKILL,REVIEW,TRUE,IN_PROGRAM_2027,0.92,lcai-0037-auto-cert-v1
2043,MATHEMATICS,AIRES_ET_VOLUMES_SKILL,REVIEW,TRUE,IN_PROGRAM_2027,0.92,lcai-0037-auto-cert-v1
2044,MATHEMATICS,AIRES_ET_VOLUMES_SKILL,REVIEW,TRUE,IN_PROGRAM_2027,0.92,lcai-0037-auto-cert-v1
2045,MATHEMATICS,AIRES_ET_VOLUMES_SKILL,REVIEW,TRUE,IN_PROGRAM_2027,0.92,lcai-0037-auto-cert-v1
2046,MATHEMATICS,AIRES_ET_VOLUMES_SKILL,REVIEW,TRUE,IN_PROGRAM_2027,0.92,lcai-0037-auto-cert-v1
2047,MATHEMATICS,AIRES_ET_VOLUMES_SKILL,REVIEW,TRUE,IN_PROGRAM_2027,0.92,lcai-0037-auto-cert-v1
2048,MATHEMATICS,CALCUL_LITTERAL_SKILL,REVIEW,TRUE,IN_PROGRAM_2027,0.92,lcai-0037-auto-cert-v1
2049,MATHEMATICS,CALCUL_LITTERAL_SKILL,REVIEW,TRUE,IN_PROGRAM_2027,0.92,lcai-0037-auto-cert-v1
2050,MATHEMATICS,CALCUL_LITTERAL_SKILL,REVIEW,TRUE,IN_PROGRAM_2027,0.92,lcai-0037-auto-cert-v1
2051,MATHEMATICS,FONCTIONS_SKILL,REVIEW,TRUE,IN_PROGRAM_2027,0.92,lcai-0037-auto-cert-v1
2052,MATHEMATICS,CALCUL_LITTERAL_SKILL,REVIEW,TRUE,IN_PROGRAM_2027,0.88,lcai-0037-auto-cert-v1
2053,MATHEMATICS,CALCUL_LITTERAL_SKILL,REVIEW,TRUE,IN_PROGRAM_2027,0.92,lcai-0037-auto-cert-v1
2054,MATHEMATICS,CALCUL_LITTERAL_SKILL,REVIEW,TRUE,IN_PROGRAM_2027,0.92,lcai-0037-auto-cert-v1
2055,MATHEMATICS,CALCUL_LITTERAL_SKILL,REVIEW,TRUE,IN_PROGRAM_2027,0.92,lcai-0037-auto-cert-v1
2056,MATHEMATICS,NOMBRES_RELATIFS_SKILL,REVIEW,TRUE,IN_PROGRAM_2027,0.88,lcai-0037-auto-cert-v1
2057,MATHEMATICS,NOMBRES_RELATIFS_SKILL,REVIEW,TRUE,IN_PROGRAM_2027,0.88,lcai-0037-auto-cert-v1
2058,MATHEMATICS,NOMBRES_RELATIFS_SKILL,REVIEW,TRUE,IN_PROGRAM_2027,0.88,lcai-0037-auto-cert-v1
2059,MATHEMATICS,NOMBRES_RELATIFS_SKILL,REVIEW,TRUE,IN_PROGRAM_2027,0.88,lcai-0037-auto-cert-v1
2060,MATHEMATICS,NOMBRES_RELATIFS_SKILL,REVIEW,TRUE,IN_PROGRAM_2027,0.88,lcai-0037-auto-cert-v1
2061,MATHEMATICS,NOMBRES_RELATIFS_SKILL,REVIEW,TRUE,IN_PROGRAM_2027,0.88,lcai-0037-auto-cert-v1
2062,MATHEMATICS,CALCUL_LITTERAL_SKILL,REVIEW,TRUE,IN_PROGRAM_2027,0.92,lcai-0037-auto-cert-v1
2063,MATHEMATICS,CALCUL_LITTERAL_SKILL,REVIEW,TRUE,IN_PROGRAM_2027,0.92,lcai-0037-auto-cert-v1
2064,MATHEMATICS,NOMBRES_RELATIFS_SKILL,REVIEW,TRUE,IN_PROGRAM_2027,0.92,lcai-0037-auto-cert-v1
2065,MATHEMATICS,AIRES_ET_VOLUMES_SKILL,REVIEW,TRUE,IN_PROGRAM_2027,0.92,lcai-0037-auto-cert-v1
2066,MATHEMATICS,AIRES_ET_VOLUMES_SKILL,REVIEW,TRUE,IN_PROGRAM_2027,0.92,lcai-0037-auto-cert-v1
2067,HISTORY_GEOGRAPHY_EMC,VOCABULAIRE_SKILL,REVIEW,TRUE,IN_PROGRAM_2027,0.88,lcai-0037-auto-cert-v1
2068,HISTORY_GEOGRAPHY_EMC,REVOLUTION_FRANCAISE_SKILL,REVIEW,TRUE,IN_PROGRAM_2027,0.88,lcai-0037-auto-cert-v1
2069,HISTORY_GEOGRAPHY_EMC,REVOLUTION_FRANCAISE_SKILL,REVIEW,TRUE,IN_PROGRAM_2027,0.88,lcai-0037-auto-cert-v1
2070,HISTORY_GEOGRAPHY_EMC,REVOLUTION_FRANCAISE_SKILL,REVIEW,TRUE,IN_PROGRAM_2027,0.88,lcai-0037-auto-cert-v1
2071,HISTORY_GEOGRAPHY_EMC,REVOLUTION_FRANCAISE_SKILL,REVIEW,TRUE,IN_PROGRAM_2027,0.88,lcai-0037-auto-cert-v1
2072,HISTORY_GEOGRAPHY_EMC,REVOLUTION_FRANCAISE_SKILL,REVIEW,TRUE,IN_PROGRAM_2027,0.92,lcai-0037-auto-cert-v1
2073,HISTORY_GEOGRAPHY_EMC,REVOLUTION_FRANCAISE_SKILL,REVIEW,TRUE,IN_PROGRAM_2027,0.88,lcai-0037-auto-cert-v1
2074,HISTORY_GEOGRAPHY_EMC,VOCABULAIRE_SKILL,REVIEW,TRUE,IN_PROGRAM_2027,0.88,lcai-0037-auto-cert-v1
2075,HISTORY_GEOGRAPHY_EMC,VOCABULAIRE_SKILL,REVIEW,TRUE,IN_PROGRAM_2027,0.88,lcai-0037-auto-cert-v1
2076,HISTORY_GEOGRAPHY_EMC,VOCABULAIRE_SKILL,REVIEW,TRUE,IN_PROGRAM_2027,0.88,lcai-0037-auto-cert-v1
2077,HISTORY_GEOGRAPHY_EMC,VOCABULAIRE_SKILL,REVIEW,TRUE,IN_PROGRAM_2027,0.88,lcai-0037-auto-cert-v1
2078,HISTORY_GEOGRAPHY_EMC,VOCABULAIRE_SKILL,REVIEW,TRUE,IN_PROGRAM_2027,0.88,lcai-0037-auto-cert-v1
2079,FRENCH,EXPRESSION_ECRITE_SKILL,REVIEW,TRUE,IN_PROGRAM_2027,0.88,lcai-0037-auto-cert-v1
2080,FRENCH,EXPRESSION_ECRITE_SKILL,REVIEW,TRUE,IN_PROGRAM_2027,0.88,lcai-0037-auto-cert-v1
2081,FRENCH,EXPRESSION_ECRITE_SKILL,REVIEW,TRUE,IN_PROGRAM_2027,0.88,lcai-0037-auto-cert-v1
2082,FRENCH,EXPRESSION_ECRITE_SKILL,REVIEW,TRUE,IN_PROGRAM_2027,0.88,lcai-0037-auto-cert-v1
2083,FRENCH,EXPRESSION_ECRITE_SKILL,REVIEW,TRUE,IN_PROGRAM_2027,0.88,lcai-0037-auto-cert-v1
2084,FRENCH,EXPRESSION_ECRITE_SKILL,REVIEW,TRUE,IN_PROGRAM_2027,0.88,lcai-0037-auto-cert-v1
2085,FRENCH,EXPRESSION_ECRITE_SKILL,REVIEW,TRUE,IN_PROGRAM_2027,0.88,lcai-0037-auto-cert-v1
2086,FRENCH,EXPRESSION_ECRITE_SKILL,REVIEW,TRUE,IN_PROGRAM_2027,0.88,lcai-0037-auto-cert-v1
2087,FRENCH,EXPRESSION_ECRITE_SKILL,REVIEW,TRUE,IN_PROGRAM_2027,0.88,lcai-0037-auto-cert-v1
2088,FRENCH,EXPRESSION_ECRITE_SKILL,REVIEW,TRUE,IN_PROGRAM_2027,0.88,lcai-0037-auto-cert-v1
2089,FRENCH,EXPRESSION_ECRITE_SKILL,REVIEW,TRUE,IN_PROGRAM_2027,0.88,lcai-0037-auto-cert-v1
2090,FRENCH,EXPRESSION_ECRITE_SKILL,REVIEW,TRUE,IN_PROGRAM_2027,0.88,lcai-0037-auto-cert-v1
2091,FRENCH,EXPRESSION_ECRITE_SKILL,REVIEW,TRUE,IN_PROGRAM_2027,0.88,lcai-0037-auto-cert-v1
2092,FRENCH,EXPRESSION_ECRITE_SKILL,REVIEW,TRUE,IN_PROGRAM_2027,0.88,lcai-0037-auto-cert-v1
2093,FRENCH,EXPRESSION_ECRITE_SKILL,REVIEW,TRUE,IN_PROGRAM_2027,0.88,lcai-0037-auto-cert-v1
2094,FRENCH,EXPRESSION_ECRITE_SKILL,REVIEW,TRUE,IN_PROGRAM_2027,0.88,lcai-0037-auto-cert-v1
2095,FRENCH,COMPREHENSION_SKILL,REVIEW,TRUE,IN_PROGRAM_2027,0.92,lcai-0037-auto-cert-v1
2096,FRENCH,COMPREHENSION_SKILL,REVIEW,TRUE,IN_PROGRAM_2027,0.92,lcai-0037-auto-cert-v1
2097,FRENCH,COMPREHENSION_SKILL,REVIEW,TRUE,IN_PROGRAM_2027,0.92,lcai-0037-auto-cert-v1
2098,FRENCH,COMPREHENSION_SKILL,REVIEW,TRUE,IN_PROGRAM_2027,0.92,lcai-0037-auto-cert-v1
2099,FRENCH,COMPREHENSION_SKILL,REVIEW,TRUE,IN_PROGRAM_2027,0.92,lcai-0037-auto-cert-v1
2100,FRENCH,COMPREHENSION_SKILL,REVIEW,TRUE,IN_PROGRAM_2027,0.92,lcai-0037-auto-cert-v1
2101,FRENCH,COMPREHENSION_SKILL,REVIEW,TRUE,IN_PROGRAM_2027,0.92,lcai-0037-auto-cert-v1
2102,FRENCH,COMPREHENSION_SKILL,REVIEW,TRUE,IN_PROGRAM_2027,0.92,lcai-0037-auto-cert-v1
2103,FRENCH,COMPREHENSION_SKILL,REVIEW,TRUE,IN_PROGRAM_2027,0.92,lcai-0037-auto-cert-v1
2104,FRENCH,COMPREHENSION_SKILL,REVIEW,TRUE,IN_PROGRAM_2027,0.92,lcai-0037-auto-cert-v1
2105,FRENCH,COMPREHENSION_SKILL,REVIEW,TRUE,IN_PROGRAM_2027,0.92,lcai-0037-auto-cert-v1
2106,FRENCH,COMPREHENSION_SKILL,REVIEW,TRUE,IN_PROGRAM_2027,0.92,lcai-0037-auto-cert-v1
2107,FRENCH,COMPREHENSION_SKILL,REVIEW,TRUE,IN_PROGRAM_2027,0.92,lcai-0037-auto-cert-v1
2108,FRENCH,COMPREHENSION_SKILL,REVIEW,TRUE,IN_PROGRAM_2027,0.92,lcai-0037-auto-cert-v1
2109,HISTORY_GEOGRAPHY_EMC,CONSTRUCTION_EUROPEENNE_SKILL,REVIEW,TRUE,IN_PROGRAM_2027,0.88,lcai-0037-auto-cert-v1
2110,HISTORY_GEOGRAPHY_EMC,CONSTRUCTION_EUROPEENNE_SKILL,REVIEW,TRUE,IN_PROGRAM_2027,0.88,lcai-0037-auto-cert-v1
2111,HISTORY_GEOGRAPHY_EMC,CONSTRUCTION_EUROPEENNE_SKILL,REVIEW,TRUE,IN_PROGRAM_2027,0.88,lcai-0037-auto-cert-v1
2112,HISTORY_GEOGRAPHY_EMC,CONSTRUCTION_EUROPEENNE_SKILL,REVIEW,TRUE,IN_PROGRAM_2027,0.88,lcai-0037-auto-cert-v1
2113,HISTORY_GEOGRAPHY_EMC,CONSTRUCTION_EUROPEENNE_SKILL,REVIEW,TRUE,IN_PROGRAM_2027,0.88,lcai-0037-auto-cert-v1
2114,HISTORY_GEOGRAPHY_EMC,CONSTRUCTION_EUROPEENNE_SKILL,REVIEW,TRUE,IN_PROGRAM_2027,0.88,lcai-0037-auto-cert-v1
2115,HISTORY_GEOGRAPHY_EMC,VOCABULAIRE_SKILL,REVIEW,TRUE,IN_PROGRAM_2027,0.92,lcai-0037-auto-cert-v1
2116,HISTORY_GEOGRAPHY_EMC,REVOLUTION_FRANCAISE_SKILL,REVIEW,TRUE,IN_PROGRAM_2027,0.88,lcai-0037-auto-cert-v1
2117,HISTORY_GEOGRAPHY_EMC,REVOLUTION_FRANCAISE_SKILL,REVIEW,TRUE,IN_PROGRAM_2027,0.88,lcai-0037-auto-cert-v1
2118,HISTORY_GEOGRAPHY_EMC,REVOLUTION_FRANCAISE_SKILL,REVIEW,TRUE,IN_PROGRAM_2027,0.88,lcai-0037-auto-cert-v1
2119,HISTORY_GEOGRAPHY_EMC,REVOLUTION_FRANCAISE_SKILL,REVIEW,TRUE,IN_PROGRAM_2027,0.88,lcai-0037-auto-cert-v1
2120,HISTORY_GEOGRAPHY_EMC,VOCABULAIRE_SKILL,REVIEW,TRUE,IN_PROGRAM_2027,0.88,lcai-0037-auto-cert-v1
2121,MATHEMATICS,AIRES_ET_VOLUMES_SKILL,REVIEW,TRUE,IN_PROGRAM_2027,0.88,lcai-0037-auto-cert-v1
2122,MATHEMATICS,NOMBRES_RELATIFS_SKILL,REVIEW,TRUE,IN_PROGRAM_2027,0.92,lcai-0037-auto-cert-v1
2123,MATHEMATICS,NOMBRES_RELATIFS_SKILL,REVIEW,TRUE,IN_PROGRAM_2027,0.92,lcai-0037-auto-cert-v1
2124,MATHEMATICS,NOMBRES_RELATIFS_SKILL,REVIEW,TRUE,IN_PROGRAM_2027,0.92,lcai-0037-auto-cert-v1
2125,MATHEMATICS,NOMBRES_RELATIFS_SKILL,REVIEW,TRUE,IN_PROGRAM_2027,0.92,lcai-0037-auto-cert-v1
2126,MATHEMATICS,AIRES_ET_VOLUMES_SKILL,REVIEW,TRUE,IN_PROGRAM_2027,0.92,lcai-0037-auto-cert-v1
2127,MATHEMATICS,NOMBRES_RELATIFS_SKILL,REVIEW,TRUE,IN_PROGRAM_2027,0.92,lcai-0037-auto-cert-v1
2128,MATHEMATICS,CALCUL_LITTERAL_SKILL,REVIEW,TRUE,IN_PROGRAM_2027,0.88,lcai-0037-auto-cert-v1
2129,MATHEMATICS,CALCUL_LITTERAL_SKILL,REVIEW,TRUE,IN_PROGRAM_2027,0.88,lcai-0037-auto-cert-v1
2130,MATHEMATICS,CALCUL_LITTERAL_SKILL,REVIEW,TRUE,IN_PROGRAM_2027,0.88,lcai-0037-auto-cert-v1
2131,MATHEMATICS,CALCUL_LITTERAL_SKILL,REVIEW,TRUE,IN_PROGRAM_2027,0.88,lcai-0037-auto-cert-v1
2132,MATHEMATICS,CALCUL_LITTERAL_SKILL,REVIEW,TRUE,IN_PROGRAM_2027,0.88,lcai-0037-auto-cert-v1
2133,MATHEMATICS,NOMBRES_RELATIFS_SKILL,REVIEW,TRUE,IN_PROGRAM_2027,0.88,lcai-0037-auto-cert-v1
2134,MATHEMATICS,NOMBRES_RELATIFS_SKILL,REVIEW,TRUE,IN_PROGRAM_2027,0.88,lcai-0037-auto-cert-v1
2135,MATHEMATICS,NOMBRES_RELATIFS_SKILL,REVIEW,TRUE,IN_PROGRAM_2027,0.88,lcai-0037-auto-cert-v1
2136,MATHEMATICS,FONCTIONS_SKILL,REVIEW,TRUE,IN_PROGRAM_2027,0.88,lcai-0037-auto-cert-v1
2137,MATHEMATICS,FONCTIONS_SKILL,REVIEW,TRUE,IN_PROGRAM_2027,0.88,lcai-0037-auto-cert-v1
2138,MATHEMATICS,NOMBRES_RELATIFS_SKILL,REVIEW,TRUE,IN_PROGRAM_2027,0.88,lcai-0037-auto-cert-v1
2139,MATHEMATICS,FONCTIONS_SKILL,REVIEW,TRUE,IN_PROGRAM_2027,0.88,lcai-0037-auto-cert-v1
2140,MATHEMATICS,FONCTIONS_SKILL,REVIEW,TRUE,IN_PROGRAM_2027,0.88,lcai-0037-auto-cert-v1
2141,MATHEMATICS,FONCTIONS_SKILL,REVIEW,TRUE,IN_PROGRAM_2027,0.88,lcai-0037-auto-cert-v1
2142,MATHEMATICS,NOMBRES_RELATIFS_SKILL,REVIEW,TRUE,IN_PROGRAM_2027,0.88,lcai-0037-auto-cert-v1
2143,MATHEMATICS,NOMBRES_RELATIFS_SKILL,REVIEW,TRUE,IN_PROGRAM_2027,0.88,lcai-0037-auto-cert-v1
2144,MATHEMATICS,CALCUL_LITTERAL_SKILL,REVIEW,TRUE,IN_PROGRAM_2027,0.88,lcai-0037-auto-cert-v1
2145,MATHEMATICS,NOMBRES_RELATIFS_SKILL,REVIEW,TRUE,IN_PROGRAM_2027,0.88,lcai-0037-auto-cert-v1
2146,MATHEMATICS,NOMBRES_RELATIFS_SKILL,REVIEW,TRUE,IN_PROGRAM_2027,0.88,lcai-0037-auto-cert-v1
2147,MATHEMATICS,NOMBRES_RELATIFS_SKILL,REVIEW,TRUE,IN_PROGRAM_2027,0.92,lcai-0037-auto-cert-v1
2148,MATHEMATICS,NOMBRES_RELATIFS_SKILL,REVIEW,TRUE,IN_PROGRAM_2027,0.92,lcai-0037-auto-cert-v1
2149,MATHEMATICS,NOMBRES_RELATIFS_SKILL,REVIEW,TRUE,IN_PROGRAM_2027,0.92,lcai-0037-auto-cert-v1
2150,MATHEMATICS,NOMBRES_RELATIFS_SKILL,REVIEW,TRUE,IN_PROGRAM_2027,0.88,lcai-0037-auto-cert-v1
2151,MATHEMATICS,NOMBRES_RELATIFS_SKILL,REVIEW,TRUE,IN_PROGRAM_2027,0.88,lcai-0037-auto-cert-v1
2152,MATHEMATICS,NOMBRES_RELATIFS_SKILL,REVIEW,TRUE,IN_PROGRAM_2027,0.92,lcai-0037-auto-cert-v1
2153,SCIENCES,ENERGIE_SKILL,REVIEW,TRUE,IN_PROGRAM_2027,0.88,lcai-0037-auto-cert-v1
2154,FRENCH,COMPREHENSION_SKILL,FALSE,TRUE,IN_PROGRAM_2027,0.92,lcai-0037-auto-cert-v1
2155,FRENCH,COMPREHENSION_SKILL,FALSE,TRUE,IN_PROGRAM_2027,0.92,lcai-0037-auto-cert-v1
2156,FRENCH,COMPREHENSION_SKILL,FALSE,TRUE,IN_PROGRAM_2027,0.92,lcai-0037-auto-cert-v1
2157,FRENCH,COMPREHENSION_SKILL,FALSE,TRUE,IN_PROGRAM_2027,0.92,lcai-0037-auto-cert-v1
2158,FRENCH,COMPREHENSION_SKILL,FALSE,TRUE,IN_PROGRAM_2027,0.92,lcai-0037-auto-cert-v1
2159,FRENCH,COMPREHENSION_SKILL,FALSE,TRUE,IN_PROGRAM_2027,0.92,lcai-0037-auto-cert-v1
2160,FRENCH,COMPREHENSION_SKILL,FALSE,TRUE,IN_PROGRAM_2027,0.92,lcai-0037-auto-cert-v1
2161,FRENCH,COMPREHENSION_SKILL,FALSE,TRUE,IN_PROGRAM_2027,0.92,lcai-0037-auto-cert-v1
2162,FRENCH,COMPREHENSION_SKILL,FALSE,TRUE,IN_PROGRAM_2027,0.92,lcai-0037-auto-cert-v1
2163,FRENCH,COMPREHENSION_SKILL,FALSE,TRUE,IN_PROGRAM_2027,0.92,lcai-0037-auto-cert-v1
2164,FRENCH,COMPREHENSION_SKILL,FALSE,TRUE,IN_PROGRAM_2027,0.92,lcai-0037-auto-cert-v1
2165,HISTORY_GEOGRAPHY_EMC,REVOLUTION_FRANCAISE_SKILL,REVIEW,TRUE,IN_PROGRAM_2027,0.88,lcai-0037-auto-cert-v1
2166,HISTORY_GEOGRAPHY_EMC,REVOLUTION_FRANCAISE_SKILL,REVIEW,TRUE,IN_PROGRAM_2027,0.88,lcai-0037-auto-cert-v1
2167,HISTORY_GEOGRAPHY_EMC,REVOLUTION_FRANCAISE_SKILL,REVIEW,TRUE,IN_PROGRAM_2027,0.88,lcai-0037-auto-cert-v1
2168,HISTORY_GEOGRAPHY_EMC,REVOLUTION_FRANCAISE_SKILL,REVIEW,TRUE,IN_PROGRAM_2027,0.88,lcai-0037-auto-cert-v1
2169,HISTORY_GEOGRAPHY_EMC,REVOLUTION_FRANCAISE_SKILL,REVIEW,TRUE,IN_PROGRAM_2027,0.88,lcai-0037-auto-cert-v1
2170,HISTORY_GEOGRAPHY_EMC,REVOLUTION_FRANCAISE_SKILL,REVIEW,TRUE,IN_PROGRAM_2027,0.88,lcai-0037-auto-cert-v1
2171,HISTORY_GEOGRAPHY_EMC,PREMIERE_GUERRE_MONDIALE_SKILL,REVIEW,TRUE,IN_PROGRAM_2027,0.92,lcai-0037-auto-cert-v1
2172,HISTORY_GEOGRAPHY_EMC,PREMIERE_GUERRE_MONDIALE_SKILL,REVIEW,TRUE,IN_PROGRAM_2027,0.88,lcai-0037-auto-cert-v1
2173,HISTORY_GEOGRAPHY_EMC,SOCIETE_AU_XIXE_SIECLE_SKILL,REVIEW,TRUE,IN_PROGRAM_2027,0.88,lcai-0037-auto-cert-v1
2174,HISTORY_GEOGRAPHY_EMC,SOCIETE_AU_XIXE_SIECLE_SKILL,REVIEW,TRUE,IN_PROGRAM_2027,0.88,lcai-0037-auto-cert-v1
2175,HISTORY_GEOGRAPHY_EMC,SOCIETE_AU_XIXE_SIECLE_SKILL,REVIEW,TRUE,IN_PROGRAM_2027,0.88,lcai-0037-auto-cert-v1
2176,HISTORY_GEOGRAPHY_EMC,SOCIETE_AU_XIXE_SIECLE_SKILL,REVIEW,TRUE,IN_PROGRAM_2027,0.88,lcai-0037-auto-cert-v1
2177,HISTORY_GEOGRAPHY_EMC,GUERRE_FROIDE_SKILL,REVIEW,TRUE,IN_PROGRAM_2027,0.88,lcai-0037-auto-cert-v1
2178,MATHEMATICS,AIRES_ET_VOLUMES_SKILL,REVIEW,TRUE,IN_PROGRAM_2027,0.92,lcai-0037-auto-cert-v1
2179,MATHEMATICS,PROPORTIONNALITE_SKILL,REVIEW,TRUE,IN_PROGRAM_2027,0.92,lcai-0037-auto-cert-v1
2180,MATHEMATICS,PROPORTIONNALITE_SKILL,REVIEW,TRUE,IN_PROGRAM_2027,0.92,lcai-0037-auto-cert-v1
2181,MATHEMATICS,PROPORTIONNALITE_SKILL,REVIEW,TRUE,IN_PROGRAM_2027,0.88,lcai-0037-auto-cert-v1
2182,MATHEMATICS,NOMBRES_RELATIFS_SKILL,REVIEW,TRUE,IN_PROGRAM_2027,0.92,lcai-0037-auto-cert-v1
2183,MATHEMATICS,AIRES_ET_VOLUMES_SKILL,REVIEW,TRUE,IN_PROGRAM_2027,0.92,lcai-0037-auto-cert-v1
2184,MATHEMATICS,AIRES_ET_VOLUMES_SKILL,REVIEW,TRUE,IN_PROGRAM_2027,0.88,lcai-0037-auto-cert-v1
2185,MATHEMATICS,AIRES_ET_VOLUMES_SKILL,REVIEW,TRUE,IN_PROGRAM_2027,0.88,lcai-0037-auto-cert-v1
2186,MATHEMATICS,AIRES_ET_VOLUMES_SKILL,REVIEW,TRUE,IN_PROGRAM_2027,0.92,lcai-0037-auto-cert-v1
2187,MATHEMATICS,AIRES_ET_VOLUMES_SKILL,REVIEW,TRUE,IN_PROGRAM_2027,0.92,lcai-0037-auto-cert-v1
2188,MATHEMATICS,AIRES_ET_VOLUMES_SKILL,REVIEW,TRUE,IN_PROGRAM_2027,0.92,lcai-0037-auto-cert-v1
2189,MATHEMATICS,AIRES_ET_VOLUMES_SKILL,REVIEW,TRUE,IN_PROGRAM_2027,0.92,lcai-0037-auto-cert-v1
2190,MATHEMATICS,AIRES_ET_VOLUMES_SKILL,REVIEW,TRUE,IN_PROGRAM_2027,0.92,lcai-0037-auto-cert-v1
2191,MATHEMATICS,AIRES_ET_VOLUMES_SKILL,REVIEW,TRUE,IN_PROGRAM_2027,0.92,lcai-0037-auto-cert-v1
2192,MATHEMATICS,AIRES_ET_VOLUMES_SKILL,REVIEW,TRUE,IN_PROGRAM_2027,0.92,lcai-0037-auto-cert-v1
2193,MATHEMATICS,AIRES_ET_VOLUMES_SKILL,REVIEW,TRUE,IN_PROGRAM_2027,0.92,lcai-0037-auto-cert-v1
2194,MATHEMATICS,NOMBRES_RELATIFS_SKILL,REVIEW,TRUE,IN_PROGRAM_2027,0.92,lcai-0037-auto-cert-v1
2195,MATHEMATICS,PROBABILITES_SKILL,REVIEW,TRUE,IN_PROGRAM_2027,0.92,lcai-0037-auto-cert-v1
2196,MATHEMATICS,PROBABILITES_SKILL,REVIEW,TRUE,IN_PROGRAM_2027,0.92,lcai-0037-auto-cert-v1
2197,MATHEMATICS,NOMBRES_RELATIFS_SKILL,REVIEW,TRUE,IN_PROGRAM_2027,0.92,lcai-0037-auto-cert-v1
2198,MATHEMATICS,AIRES_ET_VOLUMES_SKILL,REVIEW,TRUE,IN_PROGRAM_2027,0.88,lcai-0037-auto-cert-v1
2199,MATHEMATICS,ALGORITHMIQUE_SKILL,REVIEW,TRUE,IN_PROGRAM_2027,0.92,lcai-0037-auto-cert-v1
2200,MATHEMATICS,AIRES_ET_VOLUMES_SKILL,REVIEW,TRUE,IN_PROGRAM_2027,0.92,lcai-0037-auto-cert-v1
2201,MATHEMATICS,ALGORITHMIQUE_SKILL,REVIEW,TRUE,IN_PROGRAM_2027,0.88,lcai-0037-auto-cert-v1
2202,HISTORY_GEOGRAPHY_EMC,GUERRE_FROIDE_SKILL,REVIEW,TRUE,IN_PROGRAM_2027,0.88,lcai-0037-auto-cert-v1
2203,HISTORY_GEOGRAPHY_EMC,GUERRE_FROIDE_SKILL,REVIEW,TRUE,IN_PROGRAM_2027,0.88,lcai-0037-auto-cert-v1
2204,HISTORY_GEOGRAPHY_EMC,GUERRE_FROIDE_SKILL,REVIEW,TRUE,IN_PROGRAM_2027,0.88,lcai-0037-auto-cert-v1
2205,HISTORY_GEOGRAPHY_EMC,GUERRE_FROIDE_SKILL,REVIEW,TRUE,IN_PROGRAM_2027,0.88,lcai-0037-auto-cert-v1
2206,HISTORY_GEOGRAPHY_EMC,GUERRE_FROIDE_SKILL,REVIEW,TRUE,IN_PROGRAM_2027,0.88,lcai-0037-auto-cert-v1
2207,HISTORY_GEOGRAPHY_EMC,GUERRE_FROIDE_SKILL,REVIEW,TRUE,IN_PROGRAM_2027,0.88,lcai-0037-auto-cert-v1
2208,HISTORY_GEOGRAPHY_EMC,REVOLUTION_FRANCAISE_SKILL,REVIEW,TRUE,IN_PROGRAM_2027,0.92,lcai-0037-auto-cert-v1
2209,HISTORY_GEOGRAPHY_EMC,REVOLUTION_FRANCAISE_SKILL,REVIEW,TRUE,IN_PROGRAM_2027,0.92,lcai-0037-auto-cert-v1
2210,HISTORY_GEOGRAPHY_EMC,REVOLUTION_FRANCAISE_SKILL,REVIEW,TRUE,IN_PROGRAM_2027,0.88,lcai-0037-auto-cert-v1
2211,HISTORY_GEOGRAPHY_EMC,REVOLUTION_FRANCAISE_SKILL,REVIEW,TRUE,IN_PROGRAM_2027,0.88,lcai-0037-auto-cert-v1
2212,HISTORY_GEOGRAPHY_EMC,REVOLUTION_FRANCAISE_SKILL,REVIEW,TRUE,IN_PROGRAM_2027,0.88,lcai-0037-auto-cert-v1
2213,HISTORY_GEOGRAPHY_EMC,REVOLUTION_FRANCAISE_SKILL,REVIEW,TRUE,IN_PROGRAM_2027,0.88,lcai-0037-auto-cert-v1
2214,HISTORY_GEOGRAPHY_EMC,REVOLUTION_FRANCAISE_SKILL,REVIEW,TRUE,IN_PROGRAM_2027,0.88,lcai-0037-auto-cert-v1
2215,FRENCH,EXPRESSION_ECRITE_SKILL,REVIEW,TRUE,IN_PROGRAM_2027,0.92,lcai-0037-auto-cert-v1
2216,MATHEMATICS,NOMBRES_RELATIFS_SKILL,REVIEW,TRUE,IN_PROGRAM_2027,0.92,lcai-0037-auto-cert-v1
2217,MATHEMATICS,NOMBRES_RELATIFS_SKILL,REVIEW,TRUE,IN_PROGRAM_2027,0.92,lcai-0037-auto-cert-v1
2218,MATHEMATICS,PROBABILITES_SKILL,REVIEW,TRUE,IN_PROGRAM_2027,0.92,lcai-0037-auto-cert-v1
2219,MATHEMATICS,AIRES_ET_VOLUMES_SKILL,REVIEW,TRUE,IN_PROGRAM_2027,0.92,lcai-0037-auto-cert-v1
2220,MATHEMATICS,CALCUL_LITTERAL_SKILL,REVIEW,TRUE,IN_PROGRAM_2027,0.92,lcai-0037-auto-cert-v1
2221,MATHEMATICS,CALCUL_LITTERAL_SKILL,REVIEW,TRUE,IN_PROGRAM_2027,0.92,lcai-0037-auto-cert-v1
2222,MATHEMATICS,CALCUL_LITTERAL_SKILL,REVIEW,TRUE,IN_PROGRAM_2027,0.92,lcai-0037-auto-cert-v1
2223,MATHEMATICS,CALCUL_LITTERAL_SKILL,REVIEW,TRUE,IN_PROGRAM_2027,0.92,lcai-0037-auto-cert-v1
2224,MATHEMATICS,AIRES_ET_VOLUMES_SKILL,REVIEW,TRUE,IN_PROGRAM_2027,0.92,lcai-0037-auto-cert-v1
2225,MATHEMATICS,NOMBRES_RELATIFS_SKILL,REVIEW,TRUE,IN_PROGRAM_2027,0.92,lcai-0037-auto-cert-v1
2226,MATHEMATICS,NOMBRES_RELATIFS_SKILL,REVIEW,TRUE,IN_PROGRAM_2027,0.92,lcai-0037-auto-cert-v1
2227,MATHEMATICS,FONCTIONS_SKILL,REVIEW,TRUE,IN_PROGRAM_2027,0.88,lcai-0037-auto-cert-v1
2228,MATHEMATICS,PROPORTIONNALITE_SKILL,REVIEW,TRUE,IN_PROGRAM_2027,0.92,lcai-0037-auto-cert-v1
2229,MATHEMATICS,NOMBRES_RELATIFS_SKILL,REVIEW,TRUE,IN_PROGRAM_2027,0.92,lcai-0037-auto-cert-v1
2230,MATHEMATICS,NOMBRES_RELATIFS_SKILL,REVIEW,TRUE,IN_PROGRAM_2027,0.92,lcai-0037-auto-cert-v1
2231,MATHEMATICS,NOMBRES_RELATIFS_SKILL,REVIEW,TRUE,IN_PROGRAM_2027,0.92,lcai-0037-auto-cert-v1
2232,MATHEMATICS,NOMBRES_RELATIFS_SKILL,REVIEW,TRUE,IN_PROGRAM_2027,0.92,lcai-0037-auto-cert-v1
2233,MATHEMATICS,NOMBRES_RELATIFS_SKILL,REVIEW,TRUE,IN_PROGRAM_2027,0.88,lcai-0037-auto-cert-v1
2234,MATHEMATICS,NOMBRES_RELATIFS_SKILL,REVIEW,TRUE,IN_PROGRAM_2027,0.88,lcai-0037-auto-cert-v1
2235,MATHEMATICS,NOMBRES_RELATIFS_SKILL,REVIEW,TRUE,IN_PROGRAM_2027,0.88,lcai-0037-auto-cert-v1
2236,MATHEMATICS,AIRES_ET_VOLUMES_SKILL,REVIEW,TRUE,IN_PROGRAM_2027,0.88,lcai-0037-auto-cert-v1
2237,MATHEMATICS,AIRES_ET_VOLUMES_SKILL,REVIEW,TRUE,IN_PROGRAM_2027,0.88,lcai-0037-auto-cert-v1
2238,MATHEMATICS,AIRES_ET_VOLUMES_SKILL,REVIEW,TRUE,IN_PROGRAM_2027,0.88,lcai-0037-auto-cert-v1
2239,MATHEMATICS,AIRES_ET_VOLUMES_SKILL,REVIEW,TRUE,IN_PROGRAM_2027,0.88,lcai-0037-auto-cert-v1
2240,MATHEMATICS,NOMBRES_RELATIFS_SKILL,REVIEW,TRUE,IN_PROGRAM_2027,0.88,lcai-0037-auto-cert-v1
2241,MATHEMATICS,NOMBRES_RELATIFS_SKILL,REVIEW,TRUE,IN_PROGRAM_2027,0.88,lcai-0037-auto-cert-v1
2242,MATHEMATICS,NOMBRES_RELATIFS_SKILL,REVIEW,TRUE,IN_PROGRAM_2027,0.88,lcai-0037-auto-cert-v1
2243,MATHEMATICS,NOMBRES_RELATIFS_SKILL,REVIEW,TRUE,IN_PROGRAM_2027,0.88,lcai-0037-auto-cert-v1
2244,MATHEMATICS,NOMBRES_RELATIFS_SKILL,REVIEW,TRUE,IN_PROGRAM_2027,0.88,lcai-0037-auto-cert-v1
2245,MATHEMATICS,NOMBRES_RELATIFS_SKILL,REVIEW,TRUE,IN_PROGRAM_2027,0.88,lcai-0037-auto-cert-v1
2246,SCIENCES,ENERGIE_SKILL,REVIEW,TRUE,IN_PROGRAM_2027,0.88,lcai-0037-auto-cert-v1
2247,FRENCH,EXPRESSION_ECRITE_SKILL,REVIEW,TRUE,IN_PROGRAM_2027,0.88,lcai-0037-auto-cert-v1
2248,FRENCH,EXPRESSION_ECRITE_SKILL,REVIEW,TRUE,IN_PROGRAM_2027,0.92,lcai-0037-auto-cert-v1
2249,FRENCH,EXPRESSION_ECRITE_SKILL,REVIEW,TRUE,IN_PROGRAM_2027,0.88,lcai-0037-auto-cert-v1
2250,FRENCH,EXPRESSION_ECRITE_SKILL,REVIEW,TRUE,IN_PROGRAM_2027,0.92,lcai-0037-auto-cert-v1
2251,FRENCH,EXPRESSION_ECRITE_SKILL,REVIEW,TRUE,IN_PROGRAM_2027,0.92,lcai-0037-auto-cert-v1
2252,FRENCH,EXPRESSION_ECRITE_SKILL,REVIEW,TRUE,IN_PROGRAM_2027,0.92,lcai-0037-auto-cert-v1
2253,FRENCH,EXPRESSION_ECRITE_SKILL,REVIEW,TRUE,IN_PROGRAM_2027,0.92,lcai-0037-auto-cert-v1
2254,FRENCH,EXPRESSION_ECRITE_SKILL,REVIEW,TRUE,IN_PROGRAM_2027,0.92,lcai-0037-auto-cert-v1
2255,FRENCH,EXPRESSION_ECRITE_SKILL,REVIEW,TRUE,IN_PROGRAM_2027,0.92,lcai-0037-auto-cert-v1
2256,FRENCH,EXPRESSION_ECRITE_SKILL,REVIEW,TRUE,IN_PROGRAM_2027,0.92,lcai-0037-auto-cert-v1
2257,FRENCH,EXPRESSION_ECRITE_SKILL,REVIEW,TRUE,IN_PROGRAM_2027,0.88,lcai-0037-auto-cert-v1
2258,FRENCH,EXPRESSION_ECRITE_SKILL,FALSE,TRUE,IN_PROGRAM_2027,0.88,lcai-0037-auto-cert-v1
2259,FRENCH,EXPRESSION_ECRITE_SKILL,FALSE,TRUE,IN_PROGRAM_2027,0.88,lcai-0037-auto-cert-v1
2260,FRENCH,EXPRESSION_ECRITE_SKILL,FALSE,TRUE,IN_PROGRAM_2027,0.88,lcai-0037-auto-cert-v1
2261,FRENCH,EXPRESSION_ECRITE_SKILL,FALSE,TRUE,IN_PROGRAM_2027,0.88,lcai-0037-auto-cert-v1
2262,FRENCH,EXPRESSION_ECRITE_SKILL,FALSE,TRUE,IN_PROGRAM_2027,0.88,lcai-0037-auto-cert-v1
2263,FRENCH,EXPRESSION_ECRITE_SKILL,FALSE,TRUE,IN_PROGRAM_2027,0.88,lcai-0037-auto-cert-v1
2264,FRENCH,ACCORDS_SKILL,REVIEW,TRUE,IN_PROGRAM_2027,0.92,lcai-0037-auto-cert-v1
2265,FRENCH,EXPRESSION_ECRITE_SKILL,FALSE,TRUE,IN_PROGRAM_2027,0.92,lcai-0037-auto-cert-v1
2266,FRENCH,EXPRESSION_ECRITE_SKILL,FALSE,TRUE,IN_PROGRAM_2027,0.92,lcai-0037-auto-cert-v1
2267,FRENCH,EXPRESSION_ECRITE_SKILL,FALSE,TRUE,IN_PROGRAM_2027,0.92,lcai-0037-auto-cert-v1
2268,FRENCH,EXPRESSION_ECRITE_SKILL,FALSE,TRUE,IN_PROGRAM_2027,0.92,lcai-0037-auto-cert-v1
2269,FRENCH,EXPRESSION_ECRITE_SKILL,FALSE,TRUE,IN_PROGRAM_2027,0.92,lcai-0037-auto-cert-v1
2270,FRENCH,EXPRESSION_ECRITE_SKILL,FALSE,TRUE,IN_PROGRAM_2027,0.92,lcai-0037-auto-cert-v1
2271,FRENCH,EXPRESSION_ECRITE_SKILL,FALSE,TRUE,IN_PROGRAM_2027,0.92,lcai-0037-auto-cert-v1
2272,FRENCH,EXPRESSION_ECRITE_SKILL,FALSE,TRUE,IN_PROGRAM_2027,0.92,lcai-0037-auto-cert-v1
2273,FRENCH,EXPRESSION_ECRITE_SKILL,REVIEW,TRUE,IN_PROGRAM_2027,0.92,lcai-0037-auto-cert-v1
2274,FRENCH,ACCORDS_SKILL,REVIEW,TRUE,IN_PROGRAM_2027,0.92,lcai-0037-auto-cert-v1
2275,FRENCH,ACCORDS_SKILL,REVIEW,TRUE,IN_PROGRAM_2027,0.92,lcai-0037-auto-cert-v1
2276,FRENCH,ACCORDS_SKILL,REVIEW,TRUE,IN_PROGRAM_2027,0.92,lcai-0037-auto-cert-v1
2277,FRENCH,ACCORDS_SKILL,REVIEW,TRUE,IN_PROGRAM_2027,0.92,lcai-0037-auto-cert-v1
2278,FRENCH,EXPRESSION_ECRITE_SKILL,FALSE,TRUE,IN_PROGRAM_2027,0.92,lcai-0037-auto-cert-v1
2279,MATHEMATICS,AIRES_ET_VOLUMES_SKILL,REVIEW,TRUE,IN_PROGRAM_2027,0.92,lcai-0037-auto-cert-v1
2280,MATHEMATICS,AIRES_ET_VOLUMES_SKILL,REVIEW,TRUE,IN_PROGRAM_2027,0.92,lcai-0037-auto-cert-v1
2281,MATHEMATICS,AIRES_ET_VOLUMES_SKILL,REVIEW,TRUE,IN_PROGRAM_2027,0.92,lcai-0037-auto-cert-v1
2282,MATHEMATICS,AIRES_ET_VOLUMES_SKILL,REVIEW,TRUE,IN_PROGRAM_2027,0.92,lcai-0037-auto-cert-v1
2283,MATHEMATICS,AIRES_ET_VOLUMES_SKILL,REVIEW,TRUE,IN_PROGRAM_2027,0.92,lcai-0037-auto-cert-v1
2284,MATHEMATICS,FONCTIONS_SKILL,REVIEW,TRUE,IN_PROGRAM_2027,0.92,lcai-0037-auto-cert-v1
2285,MATHEMATICS,FONCTIONS_SKILL,REVIEW,TRUE,IN_PROGRAM_2027,0.92,lcai-0037-auto-cert-v1
2286,MATHEMATICS,FONCTIONS_SKILL,REVIEW,TRUE,IN_PROGRAM_2027,0.92,lcai-0037-auto-cert-v1
2287,MATHEMATICS,FONCTIONS_SKILL,REVIEW,TRUE,IN_PROGRAM_2027,0.92,lcai-0037-auto-cert-v1
2288,MATHEMATICS,FONCTIONS_SKILL,REVIEW,TRUE,IN_PROGRAM_2027,0.92,lcai-0037-auto-cert-v1
2289,MATHEMATICS,FONCTIONS_SKILL,REVIEW,TRUE,IN_PROGRAM_2027,0.92,lcai-0037-auto-cert-v1
2290,MATHEMATICS,FONCTIONS_SKILL,REVIEW,TRUE,IN_PROGRAM_2027,0.92,lcai-0037-auto-cert-v1
2291,MATHEMATICS,PROBABILITES_SKILL,REVIEW,TRUE,IN_PROGRAM_2027,0.88,lcai-0037-auto-cert-v1
2292,MATHEMATICS,NOMBRES_RELATIFS_SKILL,REVIEW,TRUE,IN_PROGRAM_2027,0.92,lcai-0037-auto-cert-v1
2293,MATHEMATICS,NOMBRES_RELATIFS_SKILL,REVIEW,TRUE,IN_PROGRAM_2027,0.92,lcai-0037-auto-cert-v1
2294,MATHEMATICS,NOMBRES_RELATIFS_SKILL,REVIEW,TRUE,IN_PROGRAM_2027,0.88,lcai-0037-auto-cert-v1
2295,MATHEMATICS,NOMBRES_RELATIFS_SKILL,REVIEW,TRUE,IN_PROGRAM_2027,0.92,lcai-0037-auto-cert-v1
2296,MATHEMATICS,NOMBRES_RELATIFS_SKILL,REVIEW,TRUE,IN_PROGRAM_2027,0.92,lcai-0037-auto-cert-v1
2297,MATHEMATICS,AIRES_ET_VOLUMES_SKILL,REVIEW,TRUE,IN_PROGRAM_2027,0.88,lcai-0037-auto-cert-v1
2298,MATHEMATICS,NOMBRES_RELATIFS_SKILL,REVIEW,TRUE,IN_PROGRAM_2027,0.92,lcai-0037-auto-cert-v1
2299,MATHEMATICS,NOMBRES_RELATIFS_SKILL,REVIEW,TRUE,IN_PROGRAM_2027,0.92,lcai-0037-auto-cert-v1
2300,MATHEMATICS,NOMBRES_RELATIFS_SKILL,REVIEW,TRUE,IN_PROGRAM_2027,0.88,lcai-0037-auto-cert-v1
2301,FRENCH,COMPREHENSION_SKILL,REVIEW,TRUE,IN_PROGRAM_2027,0.92,lcai-0037-auto-cert-v1
2302,FRENCH,COMPREHENSION_SKILL,REVIEW,TRUE,IN_PROGRAM_2027,0.92,lcai-0037-auto-cert-v1
2303,FRENCH,COMPREHENSION_SKILL,REVIEW,TRUE,IN_PROGRAM_2027,0.92,lcai-0037-auto-cert-v1
2304,FRENCH,COMPREHENSION_SKILL,REVIEW,TRUE,IN_PROGRAM_2027,0.92,lcai-0037-auto-cert-v1
2305,FRENCH,COMPREHENSION_SKILL,REVIEW,TRUE,IN_PROGRAM_2027,0.92,lcai-0037-auto-cert-v1
2306,FRENCH,COMPREHENSION_SKILL,REVIEW,TRUE,IN_PROGRAM_2027,0.92,lcai-0037-auto-cert-v1
2307,FRENCH,COMPREHENSION_SKILL,REVIEW,TRUE,IN_PROGRAM_2027,0.92,lcai-0037-auto-cert-v1
2308,FRENCH,COMPREHENSION_SKILL,REVIEW,TRUE,IN_PROGRAM_2027,0.92,lcai-0037-auto-cert-v1
2309,FRENCH,ORTHOGRAPHE_SKILL,REVIEW,TRUE,IN_PROGRAM_2027,0.92,lcai-0037-auto-cert-v1
2310,FRENCH,COMPREHENSION_SKILL,REVIEW,TRUE,IN_PROGRAM_2027,0.92,lcai-0037-auto-cert-v1
2311,FRENCH,COMPREHENSION_SKILL,REVIEW,TRUE,IN_PROGRAM_2027,0.92,lcai-0037-auto-cert-v1
2312,FRENCH,COMPREHENSION_SKILL,REVIEW,TRUE,IN_PROGRAM_2027,0.92,lcai-0037-auto-cert-v1
2313,FRENCH,COMPREHENSION_SKILL,REVIEW,TRUE,IN_PROGRAM_2027,0.92,lcai-0037-auto-cert-v1
2314,FRENCH,COMPREHENSION_SKILL,REVIEW,TRUE,IN_PROGRAM_2027,0.92,lcai-0037-auto-cert-v1
2315,FRENCH,COMPREHENSION_SKILL,REVIEW,TRUE,IN_PROGRAM_2027,0.92,lcai-0037-auto-cert-v1
2316,FRENCH,COMPREHENSION_SKILL,REVIEW,TRUE,IN_PROGRAM_2027,0.92,lcai-0037-auto-cert-v1
2317,FRENCH,COMPREHENSION_SKILL,REVIEW,TRUE,IN_PROGRAM_2027,0.92,lcai-0037-auto-cert-v1
2318,FRENCH,EXPRESSION_ECRITE_SKILL,REVIEW,TRUE,IN_PROGRAM_2027,0.92,lcai-0037-auto-cert-v1
2319,HISTORY_GEOGRAPHY_EMC,REVOLUTION_FRANCAISE_SKILL,REVIEW,TRUE,IN_PROGRAM_2027,0.88,lcai-0037-auto-cert-v1
2320,HISTORY_GEOGRAPHY_EMC,REVOLUTION_FRANCAISE_SKILL,REVIEW,TRUE,IN_PROGRAM_2027,0.88,lcai-0037-auto-cert-v1
2321,HISTORY_GEOGRAPHY_EMC,REVOLUTION_FRANCAISE_SKILL,REVIEW,TRUE,IN_PROGRAM_2027,0.88,lcai-0037-auto-cert-v1
2322,HISTORY_GEOGRAPHY_EMC,REVOLUTION_FRANCAISE_SKILL,REVIEW,TRUE,IN_PROGRAM_2027,0.88,lcai-0037-auto-cert-v1
2323,HISTORY_GEOGRAPHY_EMC,REVOLUTION_FRANCAISE_SKILL,REVIEW,TRUE,IN_PROGRAM_2027,0.88,lcai-0037-auto-cert-v1
2324,HISTORY_GEOGRAPHY_EMC,REVOLUTION_FRANCAISE_SKILL,REVIEW,TRUE,IN_PROGRAM_2027,0.88,lcai-0037-auto-cert-v1
2325,HISTORY_GEOGRAPHY_EMC,REVOLUTION_FRANCAISE_SKILL,REVIEW,TRUE,IN_PROGRAM_2027,0.92,lcai-0037-auto-cert-v1
2326,HISTORY_GEOGRAPHY_EMC,REVOLUTION_FRANCAISE_SKILL,REVIEW,TRUE,IN_PROGRAM_2027,0.88,lcai-0037-auto-cert-v1
2327,HISTORY_GEOGRAPHY_EMC,VOCABULAIRE_SKILL,REVIEW,TRUE,IN_PROGRAM_2027,0.88,lcai-0037-auto-cert-v1
2328,HISTORY_GEOGRAPHY_EMC,VOCABULAIRE_SKILL,REVIEW,TRUE,IN_PROGRAM_2027,0.88,lcai-0037-auto-cert-v1
2329,HISTORY_GEOGRAPHY_EMC,VOCABULAIRE_SKILL,REVIEW,TRUE,IN_PROGRAM_2027,0.88,lcai-0037-auto-cert-v1
2330,HISTORY_GEOGRAPHY_EMC,VOCABULAIRE_SKILL,REVIEW,TRUE,IN_PROGRAM_2027,0.88,lcai-0037-auto-cert-v1
2331,HISTORY_GEOGRAPHY_EMC,VOCABULAIRE_SKILL,REVIEW,TRUE,IN_PROGRAM_2027,0.88,lcai-0037-auto-cert-v1
2332,HISTORY_GEOGRAPHY_EMC,VOCABULAIRE_SKILL,REVIEW,TRUE,IN_PROGRAM_2027,0.88,lcai-0037-auto-cert-v1
2333,HISTORY_GEOGRAPHY_EMC,VOCABULAIRE_SKILL,REVIEW,TRUE,IN_PROGRAM_2027,0.88,lcai-0037-auto-cert-v1
2334,MATHEMATICS,AIRES_ET_VOLUMES_SKILL,REVIEW,TRUE,IN_PROGRAM_2027,0.92,lcai-0037-auto-cert-v1
2335,MATHEMATICS,NOMBRES_RELATIFS_SKILL,REVIEW,TRUE,IN_PROGRAM_2027,0.88,lcai-0037-auto-cert-v1
2336,MATHEMATICS,NOMBRES_RELATIFS_SKILL,REVIEW,TRUE,IN_PROGRAM_2027,0.88,lcai-0037-auto-cert-v1
2337,MATHEMATICS,PROBABILITES_SKILL,REVIEW,TRUE,IN_PROGRAM_2027,0.92,lcai-0037-auto-cert-v1
2338,MATHEMATICS,AIRES_ET_VOLUMES_SKILL,REVIEW,TRUE,IN_PROGRAM_2027,0.88,lcai-0037-auto-cert-v1
2339,MATHEMATICS,AIRES_ET_VOLUMES_SKILL,REVIEW,TRUE,IN_PROGRAM_2027,0.88,lcai-0037-auto-cert-v1
2340,MATHEMATICS,AIRES_ET_VOLUMES_SKILL,REVIEW,TRUE,IN_PROGRAM_2027,0.88,lcai-0037-auto-cert-v1
2341,MATHEMATICS,AIRES_ET_VOLUMES_SKILL,REVIEW,TRUE,IN_PROGRAM_2027,0.88,lcai-0037-auto-cert-v1
2342,MATHEMATICS,AIRES_ET_VOLUMES_SKILL,REVIEW,TRUE,IN_PROGRAM_2027,0.88,lcai-0037-auto-cert-v1
2343,MATHEMATICS,AIRES_ET_VOLUMES_SKILL,REVIEW,TRUE,IN_PROGRAM_2027,0.88,lcai-0037-auto-cert-v1
2344,MATHEMATICS,NOMBRES_RELATIFS_SKILL,REVIEW,TRUE,IN_PROGRAM_2027,0.92,lcai-0037-auto-cert-v1
2345,MATHEMATICS,NOMBRES_RELATIFS_SKILL,REVIEW,TRUE,IN_PROGRAM_2027,0.92,lcai-0037-auto-cert-v1
2346,MATHEMATICS,NOMBRES_RELATIFS_SKILL,REVIEW,TRUE,IN_PROGRAM_2027,0.92,lcai-0037-auto-cert-v1
2347,MATHEMATICS,NOMBRES_RELATIFS_SKILL,REVIEW,TRUE,IN_PROGRAM_2027,0.92,lcai-0037-auto-cert-v1
2348,MATHEMATICS,FONCTIONS_SKILL,REVIEW,TRUE,IN_PROGRAM_2027,0.92,lcai-0037-auto-cert-v1
2349,MATHEMATICS,FONCTIONS_SKILL,REVIEW,TRUE,IN_PROGRAM_2027,0.88,lcai-0037-auto-cert-v1
2350,MATHEMATICS,EQUATIONS_SKILL,REVIEW,TRUE,IN_PROGRAM_2027,0.92,lcai-0037-auto-cert-v1
2351,MATHEMATICS,NOMBRES_RELATIFS_SKILL,REVIEW,TRUE,IN_PROGRAM_2027,0.92,lcai-0037-auto-cert-v1
2352,MATHEMATICS,NOMBRES_RELATIFS_SKILL,REVIEW,TRUE,IN_PROGRAM_2027,0.92,lcai-0037-auto-cert-v1
2353,MATHEMATICS,FONCTIONS_SKILL,REVIEW,TRUE,IN_PROGRAM_2027,0.92,lcai-0037-auto-cert-v1
2354,MATHEMATICS,NOMBRES_RELATIFS_SKILL,REVIEW,TRUE,IN_PROGRAM_2027,0.92,lcai-0037-auto-cert-v1
2355,MATHEMATICS,NOMBRES_RELATIFS_SKILL,REVIEW,TRUE,IN_PROGRAM_2027,0.92,lcai-0037-auto-cert-v1
2356,MATHEMATICS,NOMBRES_RELATIFS_SKILL,REVIEW,TRUE,IN_PROGRAM_2027,0.92,lcai-0037-auto-cert-v1
2357,MATHEMATICS,NOMBRES_RELATIFS_SKILL,REVIEW,TRUE,IN_PROGRAM_2027,0.92,lcai-0037-auto-cert-v1
2358,MATHEMATICS,NOMBRES_RELATIFS_SKILL,REVIEW,TRUE,IN_PROGRAM_2027,0.92,lcai-0037-auto-cert-v1
2359,MATHEMATICS,NOMBRES_RELATIFS_SKILL,REVIEW,TRUE,IN_PROGRAM_2027,0.92,lcai-0037-auto-cert-v1
2360,SCIENCES,FONCTIONS_GRAMMATICALES_SKILL,REVIEW,TRUE,IN_PROGRAM_2027,0.88,lcai-0037-auto-cert-v1
2361,FRENCH,EXPRESSION_ECRITE_SKILL,REVIEW,TRUE,IN_PROGRAM_2027,0.88,lcai-0037-auto-cert-v1
2362,FRENCH,EXPRESSION_ECRITE_SKILL,REVIEW,TRUE,IN_PROGRAM_2027,0.88,lcai-0037-auto-cert-v1
2363,FRENCH,EXPRESSION_ECRITE_SKILL,FALSE,TRUE,IN_PROGRAM_2027,0.88,lcai-0037-auto-cert-v1
2364,FRENCH,EXPRESSION_ECRITE_SKILL,FALSE,TRUE,IN_PROGRAM_2027,0.88,lcai-0037-auto-cert-v1
2365,FRENCH,EXPRESSION_ECRITE_SKILL,FALSE,TRUE,IN_PROGRAM_2027,0.88,lcai-0037-auto-cert-v1
2366,FRENCH,EXPRESSION_ECRITE_SKILL,FALSE,TRUE,IN_PROGRAM_2027,0.88,lcai-0037-auto-cert-v1
2367,FRENCH,EXPRESSION_ECRITE_SKILL,REVIEW,TRUE,IN_PROGRAM_2027,0.88,lcai-0037-auto-cert-v1
2368,FRENCH,EXPRESSION_ECRITE_SKILL,REVIEW,TRUE,IN_PROGRAM_2027,0.88,lcai-0037-auto-cert-v1
2369,FRENCH,EXPRESSION_ECRITE_SKILL,REVIEW,TRUE,IN_PROGRAM_2027,0.88,lcai-0037-auto-cert-v1
2370,FRENCH,EXPRESSION_ECRITE_SKILL,REVIEW,TRUE,IN_PROGRAM_2027,0.88,lcai-0037-auto-cert-v1
2371,FRENCH,ACCORDS_SKILL,REVIEW,TRUE,IN_PROGRAM_2027,0.92,lcai-0037-auto-cert-v1
2372,FRENCH,ACCORDS_SKILL,REVIEW,TRUE,IN_PROGRAM_2027,0.92,lcai-0037-auto-cert-v1
2373,FRENCH,ACCORDS_SKILL,REVIEW,TRUE,IN_PROGRAM_2027,0.92,lcai-0037-auto-cert-v1
2374,FRENCH,ACCORDS_SKILL,REVIEW,TRUE,IN_PROGRAM_2027,0.92,lcai-0037-auto-cert-v1
2375,FRENCH,ACCORDS_SKILL,FALSE,TRUE,IN_PROGRAM_2027,0.92,lcai-0037-auto-cert-v1
2376,FRENCH,ACCORDS_SKILL,FALSE,TRUE,IN_PROGRAM_2027,0.92,lcai-0037-auto-cert-v1
2377,FRENCH,ACCORDS_SKILL,FALSE,TRUE,IN_PROGRAM_2027,0.92,lcai-0037-auto-cert-v1
2378,FRENCH,ACCORDS_SKILL,FALSE,TRUE,IN_PROGRAM_2027,0.92,lcai-0037-auto-cert-v1
2379,FRENCH,ACCORDS_SKILL,FALSE,TRUE,IN_PROGRAM_2027,0.92,lcai-0037-auto-cert-v1
2380,FRENCH,COMPREHENSION_SKILL,FALSE,TRUE,IN_PROGRAM_2027,0.92,lcai-0037-auto-cert-v1
2381,FRENCH,COMPREHENSION_SKILL,FALSE,TRUE,IN_PROGRAM_2027,0.92,lcai-0037-auto-cert-v1
2382,FRENCH,COMPREHENSION_SKILL,FALSE,TRUE,IN_PROGRAM_2027,0.92,lcai-0037-auto-cert-v1
2383,FRENCH,COMPREHENSION_SKILL,FALSE,TRUE,IN_PROGRAM_2027,0.92,lcai-0037-auto-cert-v1
2384,FRENCH,COMPREHENSION_SKILL,FALSE,TRUE,IN_PROGRAM_2027,0.92,lcai-0037-auto-cert-v1
2385,FRENCH,COMPREHENSION_SKILL,FALSE,TRUE,IN_PROGRAM_2027,0.92,lcai-0037-auto-cert-v1
2386,FRENCH,COMPREHENSION_SKILL,FALSE,TRUE,IN_PROGRAM_2027,0.92,lcai-0037-auto-cert-v1
2387,FRENCH,COMPREHENSION_SKILL,FALSE,TRUE,IN_PROGRAM_2027,0.92,lcai-0037-auto-cert-v1
2388,FRENCH,COMPREHENSION_SKILL,FALSE,TRUE,IN_PROGRAM_2027,0.92,lcai-0037-auto-cert-v1
2389,FRENCH,COMPREHENSION_SKILL,FALSE,TRUE,IN_PROGRAM_2027,0.92,lcai-0037-auto-cert-v1
2390,FRENCH,COMPREHENSION_SKILL,FALSE,TRUE,IN_PROGRAM_2027,0.92,lcai-0037-auto-cert-v1
2391,FRENCH,COMPREHENSION_SKILL,FALSE,TRUE,IN_PROGRAM_2027,0.92,lcai-0037-auto-cert-v1
2392,FRENCH,COMPREHENSION_SKILL,FALSE,TRUE,IN_PROGRAM_2027,0.92,lcai-0037-auto-cert-v1
2393,FRENCH,EXPRESSION_ECRITE_SKILL,FALSE,TRUE,IN_PROGRAM_2027,0.92,lcai-0037-auto-cert-v1
2394,FRENCH,VOCABULAIRE_SKILL,FALSE,TRUE,IN_PROGRAM_2027,0.92,lcai-0037-auto-cert-v1
2395,FRENCH,CLASSES_GRAMMATICALES_SKILL,FALSE,TRUE,IN_PROGRAM_2027,0.88,lcai-0037-auto-cert-v1
2396,FRENCH,EXPRESSION_ECRITE_SKILL,REVIEW,TRUE,IN_PROGRAM_2027,0.88,lcai-0037-auto-cert-v1
2397,FRENCH,CLASSES_GRAMMATICALES_SKILL,REVIEW,TRUE,IN_PROGRAM_2027,0.88,lcai-0037-auto-cert-v1
2398,FRENCH,CLASSES_GRAMMATICALES_SKILL,REVIEW,TRUE,IN_PROGRAM_2027,0.88,lcai-0037-auto-cert-v1
2399,FRENCH,CLASSES_GRAMMATICALES_SKILL,REVIEW,TRUE,IN_PROGRAM_2027,0.88,lcai-0037-auto-cert-v1
2400,FRENCH,VOCABULAIRE_SKILL,REVIEW,TRUE,IN_PROGRAM_2027,0.88,lcai-0037-auto-cert-v1
2401,FRENCH,CLASSES_GRAMMATICALES_SKILL,REVIEW,TRUE,IN_PROGRAM_2027,0.88,lcai-0037-auto-cert-v1
2402,HISTORY_GEOGRAPHY_EMC,VOCABULAIRE_SKILL,REVIEW,TRUE,IN_PROGRAM_2027,0.88,lcai-0037-auto-cert-v1
2403,HISTORY_GEOGRAPHY_EMC,VOCABULAIRE_SKILL,REVIEW,TRUE,IN_PROGRAM_2027,0.88,lcai-0037-auto-cert-v1
2404,HISTORY_GEOGRAPHY_EMC,VOCABULAIRE_SKILL,REVIEW,TRUE,IN_PROGRAM_2027,0.88,lcai-0037-auto-cert-v1
2405,HISTORY_GEOGRAPHY_EMC,VOCABULAIRE_SKILL,REVIEW,TRUE,IN_PROGRAM_2027,0.88,lcai-0037-auto-cert-v1
2406,HISTORY_GEOGRAPHY_EMC,VOCABULAIRE_SKILL,REVIEW,TRUE,IN_PROGRAM_2027,0.88,lcai-0037-auto-cert-v1
2407,HISTORY_GEOGRAPHY_EMC,CONSTRUCTION_EUROPEENNE_SKILL,REVIEW,TRUE,IN_PROGRAM_2027,0.92,lcai-0037-auto-cert-v1
2408,HISTORY_GEOGRAPHY_EMC,CONSTRUCTION_EUROPEENNE_SKILL,REVIEW,TRUE,IN_PROGRAM_2027,0.88,lcai-0037-auto-cert-v1
2409,HISTORY_GEOGRAPHY_EMC,CONSTRUCTION_EUROPEENNE_SKILL,REVIEW,TRUE,IN_PROGRAM_2027,0.92,lcai-0037-auto-cert-v1
2410,HISTORY_GEOGRAPHY_EMC,CONSTRUCTION_EUROPEENNE_SKILL,REVIEW,TRUE,IN_PROGRAM_2027,0.92,lcai-0037-auto-cert-v1
2411,HISTORY_GEOGRAPHY_EMC,CONSTRUCTION_EUROPEENNE_SKILL,REVIEW,TRUE,IN_PROGRAM_2027,0.92,lcai-0037-auto-cert-v1
2412,HISTORY_GEOGRAPHY_EMC,CONSTRUCTION_EUROPEENNE_SKILL,REVIEW,TRUE,IN_PROGRAM_2027,0.92,lcai-0037-auto-cert-v1
2413,HISTORY_GEOGRAPHY_EMC,CONSTRUCTION_EUROPEENNE_SKILL,REVIEW,TRUE,IN_PROGRAM_2027,0.92,lcai-0037-auto-cert-v1
2414,HISTORY_GEOGRAPHY_EMC,VOCABULAIRE_SKILL,REVIEW,TRUE,IN_PROGRAM_2027,0.88,lcai-0037-auto-cert-v1
2415,HISTORY_GEOGRAPHY_EMC,VOCABULAIRE_SKILL,REVIEW,TRUE,IN_PROGRAM_2027,0.88,lcai-0037-auto-cert-v1
2416,HISTORY_GEOGRAPHY_EMC,VOCABULAIRE_SKILL,REVIEW,TRUE,IN_PROGRAM_2027,0.88,lcai-0037-auto-cert-v1
2417,HISTORY_GEOGRAPHY_EMC,VOCABULAIRE_SKILL,REVIEW,TRUE,IN_PROGRAM_2027,0.88,lcai-0037-auto-cert-v1
2418,FRENCH,EXPRESSION_ECRITE_SKILL,FALSE,TRUE,IN_PROGRAM_2027,0.88,lcai-0037-auto-cert-v1
2419,FRENCH,EXPRESSION_ECRITE_SKILL,FALSE,TRUE,IN_PROGRAM_2027,0.88,lcai-0037-auto-cert-v1
2420,FRENCH,EXPRESSION_ECRITE_SKILL,FALSE,TRUE,IN_PROGRAM_2027,0.88,lcai-0037-auto-cert-v1
2421,FRENCH,EXPRESSION_ECRITE_SKILL,FALSE,TRUE,IN_PROGRAM_2027,0.88,lcai-0037-auto-cert-v1
2422,FRENCH,EXPRESSION_ECRITE_SKILL,FALSE,TRUE,IN_PROGRAM_2027,0.88,lcai-0037-auto-cert-v1
2423,FRENCH,EXPRESSION_ECRITE_SKILL,REVIEW,TRUE,IN_PROGRAM_2027,0.88,lcai-0037-auto-cert-v1
2424,FRENCH,EXPRESSION_ECRITE_SKILL,FALSE,TRUE,IN_PROGRAM_2027,0.88,lcai-0037-auto-cert-v1
2425,FRENCH,EXPRESSION_ECRITE_SKILL,FALSE,TRUE,IN_PROGRAM_2027,0.88,lcai-0037-auto-cert-v1
2426,FRENCH,EXPRESSION_ECRITE_SKILL,REVIEW,TRUE,IN_PROGRAM_2027,0.88,lcai-0037-auto-cert-v1
2427,FRENCH,EXPRESSION_ECRITE_SKILL,REVIEW,TRUE,IN_PROGRAM_2027,0.88,lcai-0037-auto-cert-v1
2428,FRENCH,EXPRESSION_ECRITE_SKILL,REVIEW,TRUE,IN_PROGRAM_2027,0.88,lcai-0037-auto-cert-v1
2429,FRENCH,EXPRESSION_ECRITE_SKILL,REVIEW,TRUE,IN_PROGRAM_2027,0.88,lcai-0037-auto-cert-v1
2430,FRENCH,EXPRESSION_ECRITE_SKILL,REVIEW,TRUE,IN_PROGRAM_2027,0.88,lcai-0037-auto-cert-v1
2431,FRENCH,EXPRESSION_ECRITE_SKILL,FALSE,TRUE,IN_PROGRAM_2027,0.92,lcai-0037-auto-cert-v1
2432,FRENCH,EXPRESSION_ECRITE_SKILL,FALSE,TRUE,IN_PROGRAM_2027,0.92,lcai-0037-auto-cert-v1
2433,FRENCH,EXPRESSION_ECRITE_SKILL,FALSE,TRUE,IN_PROGRAM_2027,0.92,lcai-0037-auto-cert-v1
2434,FRENCH,EXPRESSION_ECRITE_SKILL,FALSE,TRUE,IN_PROGRAM_2027,0.92,lcai-0037-auto-cert-v1
2435,FRENCH,EXPRESSION_ECRITE_SKILL,FALSE,TRUE,IN_PROGRAM_2027,0.92,lcai-0037-auto-cert-v1
2436,FRENCH,EXPRESSION_ECRITE_SKILL,FALSE,TRUE,IN_PROGRAM_2027,0.92,lcai-0037-auto-cert-v1
2437,FRENCH,EXPRESSION_ECRITE_SKILL,FALSE,TRUE,IN_PROGRAM_2027,0.88,lcai-0037-auto-cert-v1
2438,FRENCH,EXPRESSION_ECRITE_SKILL,FALSE,TRUE,IN_PROGRAM_2027,0.92,lcai-0037-auto-cert-v1
2439,FRENCH,EXPRESSION_ECRITE_SKILL,FALSE,TRUE,IN_PROGRAM_2027,0.92,lcai-0037-auto-cert-v1
2440,FRENCH,EXPRESSION_ECRITE_SKILL,FALSE,TRUE,IN_PROGRAM_2027,0.92,lcai-0037-auto-cert-v1
2441,FRENCH,EXPRESSION_ECRITE_SKILL,FALSE,TRUE,IN_PROGRAM_2027,0.92,lcai-0037-auto-cert-v1
2442,FRENCH,EXPRESSION_ECRITE_SKILL,REVIEW,TRUE,IN_PROGRAM_2027,0.92,lcai-0037-auto-cert-v1
2443,FRENCH,ACCORDS_SKILL,FALSE,TRUE,IN_PROGRAM_2027,0.92,lcai-0037-auto-cert-v1
2444,FRENCH,ACCORDS_SKILL,REVIEW,TRUE,IN_PROGRAM_2027,0.92,lcai-0037-auto-cert-v1
2445,FRENCH,ACCORDS_SKILL,REVIEW,TRUE,IN_PROGRAM_2027,0.92,lcai-0037-auto-cert-v1
2446,FRENCH,ACCORDS_SKILL,REVIEW,TRUE,IN_PROGRAM_2027,0.92,lcai-0037-auto-cert-v1
2447,FRENCH,ACCORDS_SKILL,FALSE,TRUE,IN_PROGRAM_2027,0.92,lcai-0037-auto-cert-v1
2448,FRENCH,ACCORDS_SKILL,FALSE,TRUE,IN_PROGRAM_2027,0.92,lcai-0037-auto-cert-v1
2449,FRENCH,ACCORDS_SKILL,FALSE,TRUE,IN_PROGRAM_2027,0.92,lcai-0037-auto-cert-v1
2450,FRENCH,EXPRESSION_ECRITE_SKILL,FALSE,TRUE,IN_PROGRAM_2027,0.92,lcai-0037-auto-cert-v1
2451,FRENCH,ACCORDS_SKILL,FALSE,TRUE,IN_PROGRAM_2027,0.92,lcai-0037-auto-cert-v1
2452,FRENCH,COMPREHENSION_SKILL,REVIEW,TRUE,IN_PROGRAM_2027,0.92,lcai-0037-auto-cert-v1
2453,FRENCH,COMPREHENSION_SKILL,REVIEW,TRUE,IN_PROGRAM_2027,0.92,lcai-0037-auto-cert-v1
2454,FRENCH,COMPREHENSION_SKILL,REVIEW,TRUE,IN_PROGRAM_2027,0.92,lcai-0037-auto-cert-v1
2455,FRENCH,COMPREHENSION_SKILL,REVIEW,TRUE,IN_PROGRAM_2027,0.92,lcai-0037-auto-cert-v1
2456,FRENCH,COMPREHENSION_SKILL,REVIEW,TRUE,IN_PROGRAM_2027,0.92,lcai-0037-auto-cert-v1
2457,FRENCH,COMPREHENSION_SKILL,REVIEW,TRUE,IN_PROGRAM_2027,0.92,lcai-0037-auto-cert-v1
2458,FRENCH,COMPREHENSION_SKILL,REVIEW,TRUE,IN_PROGRAM_2027,0.92,lcai-0037-auto-cert-v1
2459,FRENCH,COMPREHENSION_SKILL,REVIEW,TRUE,IN_PROGRAM_2027,0.92,lcai-0037-auto-cert-v1
2460,FRENCH,COMPREHENSION_SKILL,REVIEW,TRUE,IN_PROGRAM_2027,0.92,lcai-0037-auto-cert-v1
2461,FRENCH,COMPREHENSION_SKILL,REVIEW,TRUE,IN_PROGRAM_2027,0.92,lcai-0037-auto-cert-v1
2462,FRENCH,COMPREHENSION_SKILL,REVIEW,TRUE,IN_PROGRAM_2027,0.92,lcai-0037-auto-cert-v1
2463,FRENCH,COMPREHENSION_SKILL,REVIEW,TRUE,IN_PROGRAM_2027,0.92,lcai-0037-auto-cert-v1
2464,FRENCH,COMPREHENSION_SKILL,REVIEW,TRUE,IN_PROGRAM_2027,0.92,lcai-0037-auto-cert-v1
2465,FRENCH,COMPREHENSION_SKILL,REVIEW,TRUE,IN_PROGRAM_2027,0.92,lcai-0037-auto-cert-v1
2466,FRENCH,COMPREHENSION_SKILL,REVIEW,TRUE,IN_PROGRAM_2027,0.92,lcai-0037-auto-cert-v1
2467,FRENCH,COMPREHENSION_SKILL,REVIEW,TRUE,IN_PROGRAM_2027,0.92,lcai-0037-auto-cert-v1
2468,FRENCH,COMPREHENSION_SKILL,REVIEW,TRUE,IN_PROGRAM_2027,0.92,lcai-0037-auto-cert-v1
2469,FRENCH,COMPREHENSION_SKILL,REVIEW,TRUE,IN_PROGRAM_2027,0.92,lcai-0037-auto-cert-v1
2470,FRENCH,COMPREHENSION_SKILL,REVIEW,TRUE,IN_PROGRAM_2027,0.92,lcai-0037-auto-cert-v1
2471,FRENCH,COMPREHENSION_SKILL,REVIEW,TRUE,IN_PROGRAM_2027,0.92,lcai-0037-auto-cert-v1
2472,FRENCH,COMPREHENSION_SKILL,REVIEW,TRUE,IN_PROGRAM_2027,0.92,lcai-0037-auto-cert-v1
2473,FRENCH,COMPREHENSION_SKILL,REVIEW,TRUE,IN_PROGRAM_2027,0.92,lcai-0037-auto-cert-v1
2474,FRENCH,COMPREHENSION_SKILL,REVIEW,TRUE,IN_PROGRAM_2027,0.92,lcai-0037-auto-cert-v1
2475,MATHEMATICS,AIRES_ET_VOLUMES_SKILL,REVIEW,TRUE,IN_PROGRAM_2027,0.88,lcai-0037-auto-cert-v1
2476,MATHEMATICS,AIRES_ET_VOLUMES_SKILL,REVIEW,TRUE,IN_PROGRAM_2027,0.88,lcai-0037-auto-cert-v1
2477,MATHEMATICS,AIRES_ET_VOLUMES_SKILL,REVIEW,TRUE,IN_PROGRAM_2027,0.88,lcai-0037-auto-cert-v1
2478,MATHEMATICS,AIRES_ET_VOLUMES_SKILL,REVIEW,TRUE,IN_PROGRAM_2027,0.88,lcai-0037-auto-cert-v1
2479,MATHEMATICS,AIRES_ET_VOLUMES_SKILL,REVIEW,TRUE,IN_PROGRAM_2027,0.88,lcai-0037-auto-cert-v1
2480,MATHEMATICS,AIRES_ET_VOLUMES_SKILL,REVIEW,TRUE,IN_PROGRAM_2027,0.88,lcai-0037-auto-cert-v1
2481,MATHEMATICS,AIRES_ET_VOLUMES_SKILL,REVIEW,TRUE,IN_PROGRAM_2027,0.88,lcai-0037-auto-cert-v1
2482,MATHEMATICS,AIRES_ET_VOLUMES_SKILL,REVIEW,TRUE,IN_PROGRAM_2027,0.88,lcai-0037-auto-cert-v1
2483,FRENCH,COMPREHENSION_SKILL,FALSE,TRUE,IN_PROGRAM_2027,0.92,lcai-0037-auto-cert-v1
2484,FRENCH,COMPREHENSION_SKILL,FALSE,TRUE,IN_PROGRAM_2027,0.92,lcai-0037-auto-cert-v1
2485,FRENCH,COMPREHENSION_SKILL,FALSE,TRUE,IN_PROGRAM_2027,0.92,lcai-0037-auto-cert-v1
2486,FRENCH,COMPREHENSION_SKILL,FALSE,TRUE,IN_PROGRAM_2027,0.92,lcai-0037-auto-cert-v1
2487,FRENCH,COMPREHENSION_SKILL,FALSE,TRUE,IN_PROGRAM_2027,0.92,lcai-0037-auto-cert-v1
2488,FRENCH,COMPREHENSION_SKILL,FALSE,TRUE,IN_PROGRAM_2027,0.92,lcai-0037-auto-cert-v1
2489,FRENCH,COMPREHENSION_SKILL,FALSE,TRUE,IN_PROGRAM_2027,0.92,lcai-0037-auto-cert-v1
2490,FRENCH,COMPREHENSION_SKILL,FALSE,TRUE,IN_PROGRAM_2027,0.92,lcai-0037-auto-cert-v1
2491,FRENCH,COMPREHENSION_SKILL,FALSE,TRUE,IN_PROGRAM_2027,0.92,lcai-0037-auto-cert-v1
2492,FRENCH,COMPREHENSION_SKILL,FALSE,TRUE,IN_PROGRAM_2027,0.92,lcai-0037-auto-cert-v1
2493,FRENCH,COMPREHENSION_SKILL,FALSE,TRUE,IN_PROGRAM_2027,0.92,lcai-0037-auto-cert-v1
2494,FRENCH,COMPREHENSION_SKILL,FALSE,TRUE,IN_PROGRAM_2027,0.92,lcai-0037-auto-cert-v1
2495,FRENCH,COMPREHENSION_SKILL,FALSE,TRUE,IN_PROGRAM_2027,0.92,lcai-0037-auto-cert-v1
2496,MATHEMATICS,AIRES_ET_VOLUMES_SKILL,FALSE,TRUE,IN_PROGRAM_2027,0.92,lcai-0037-auto-cert-v1
2497,MATHEMATICS,AIRES_ET_VOLUMES_SKILL,FALSE,TRUE,IN_PROGRAM_2027,0.92,lcai-0037-auto-cert-v1
2498,MATHEMATICS,AIRES_ET_VOLUMES_SKILL,FALSE,TRUE,IN_PROGRAM_2027,0.92,lcai-0037-auto-cert-v1
2499,MATHEMATICS,AIRES_ET_VOLUMES_SKILL,FALSE,TRUE,IN_PROGRAM_2027,0.92,lcai-0037-auto-cert-v1
2500,MATHEMATICS,AIRES_ET_VOLUMES_SKILL,FALSE,TRUE,IN_PROGRAM_2027,0.92,lcai-0037-auto-cert-v1
2501,MATHEMATICS,AIRES_ET_VOLUMES_SKILL,REVIEW,TRUE,IN_PROGRAM_2027,0.88,lcai-0037-auto-cert-v1
2502,MATHEMATICS,AIRES_ET_VOLUMES_SKILL,REVIEW,TRUE,IN_PROGRAM_2027,0.88,lcai-0037-auto-cert-v1
2503,MATHEMATICS,AIRES_ET_VOLUMES_SKILL,REVIEW,TRUE,IN_PROGRAM_2027,0.92,lcai-0037-auto-cert-v1
2504,MATHEMATICS,AIRES_ET_VOLUMES_SKILL,REVIEW,TRUE,IN_PROGRAM_2027,0.92,lcai-0037-auto-cert-v1
2505,MATHEMATICS,AIRES_ET_VOLUMES_SKILL,REVIEW,TRUE,IN_PROGRAM_2027,0.88,lcai-0037-auto-cert-v1
2506,MATHEMATICS,AIRES_ET_VOLUMES_SKILL,REVIEW,TRUE,IN_PROGRAM_2027,0.92,lcai-0037-auto-cert-v1
2507,MATHEMATICS,AIRES_ET_VOLUMES_SKILL,REVIEW,TRUE,IN_PROGRAM_2027,0.92,lcai-0037-auto-cert-v1
2508,MATHEMATICS,AIRES_ET_VOLUMES_SKILL,REVIEW,TRUE,IN_PROGRAM_2027,0.92,lcai-0037-auto-cert-v1
2509,MATHEMATICS,AIRES_ET_VOLUMES_SKILL,REVIEW,TRUE,IN_PROGRAM_2027,0.92,lcai-0037-auto-cert-v1
2510,MATHEMATICS,AIRES_ET_VOLUMES_SKILL,REVIEW,TRUE,IN_PROGRAM_2027,0.92,lcai-0037-auto-cert-v1
2511,MATHEMATICS,AIRES_ET_VOLUMES_SKILL,REVIEW,TRUE,IN_PROGRAM_2027,0.92,lcai-0037-auto-cert-v1
2512,MATHEMATICS,AIRES_ET_VOLUMES_SKILL,REVIEW,TRUE,IN_PROGRAM_2027,0.92,lcai-0037-auto-cert-v1
2513,MATHEMATICS,AIRES_ET_VOLUMES_SKILL,REVIEW,TRUE,IN_PROGRAM_2027,0.92,lcai-0037-auto-cert-v1
2514,MATHEMATICS,CALCUL_LITTERAL_SKILL,REVIEW,TRUE,IN_PROGRAM_2027,0.88,lcai-0037-auto-cert-v1
2515,MATHEMATICS,ALGORITHMIQUE_SKILL,REVIEW,TRUE,IN_PROGRAM_2027,0.88,lcai-0037-auto-cert-v1
2516,MATHEMATICS,NOMBRES_RELATIFS_SKILL,REVIEW,TRUE,IN_PROGRAM_2027,0.88,lcai-0037-auto-cert-v1
2517,SCIENCES,MOUVEMENT_ET_VITESSE_SKILL,REVIEW,TRUE,IN_PROGRAM_2027,0.88,lcai-0037-auto-cert-v1
2518,SCIENCES,SON_SKILL,REVIEW,TRUE,IN_PROGRAM_2027,0.88,lcai-0037-auto-cert-v1
2519,HISTORY_GEOGRAPHY_EMC,VOCABULAIRE_SKILL,REVIEW,TRUE,IN_PROGRAM_2027,0.92,lcai-0037-auto-cert-v1
2520,HISTORY_GEOGRAPHY_EMC,REVOLUTION_FRANCAISE_SKILL,REVIEW,TRUE,IN_PROGRAM_2027,0.88,lcai-0037-auto-cert-v1
2521,HISTORY_GEOGRAPHY_EMC,REVOLUTION_FRANCAISE_SKILL,REVIEW,TRUE,IN_PROGRAM_2027,0.88,lcai-0037-auto-cert-v1
2522,HISTORY_GEOGRAPHY_EMC,REVOLUTION_FRANCAISE_SKILL,REVIEW,TRUE,IN_PROGRAM_2027,0.88,lcai-0037-auto-cert-v1
2523,HISTORY_GEOGRAPHY_EMC,REVOLUTION_FRANCAISE_SKILL,REVIEW,TRUE,IN_PROGRAM_2027,0.88,lcai-0037-auto-cert-v1
2524,HISTORY_GEOGRAPHY_EMC,REVOLUTION_FRANCAISE_SKILL,REVIEW,TRUE,IN_PROGRAM_2027,0.88,lcai-0037-auto-cert-v1
2525,HISTORY_GEOGRAPHY_EMC,REVOLUTION_FRANCAISE_SKILL,REVIEW,TRUE,IN_PROGRAM_2027,0.88,lcai-0037-auto-cert-v1
2526,HISTORY_GEOGRAPHY_EMC,VOCABULAIRE_SKILL,REVIEW,TRUE,IN_PROGRAM_2027,0.88,lcai-0037-auto-cert-v1
2527,HISTORY_GEOGRAPHY_EMC,VOCABULAIRE_SKILL,REVIEW,TRUE,IN_PROGRAM_2027,0.88,lcai-0037-auto-cert-v1
2528,HISTORY_GEOGRAPHY_EMC,VOCABULAIRE_SKILL,REVIEW,TRUE,IN_PROGRAM_2027,0.88,lcai-0037-auto-cert-v1
2529,HISTORY_GEOGRAPHY_EMC,VOCABULAIRE_SKILL,REVIEW,TRUE,IN_PROGRAM_2027,0.88,lcai-0037-auto-cert-v1
2530,FRENCH,EXPRESSION_ECRITE_SKILL,REVIEW,TRUE,IN_PROGRAM_2027,0.92,lcai-0037-auto-cert-v1
2531,MATHEMATICS,AIRES_ET_VOLUMES_SKILL,REVIEW,TRUE,IN_PROGRAM_2027,0.88,lcai-0037-auto-cert-v1
2532,MATHEMATICS,CALCUL_LITTERAL_SKILL,REVIEW,TRUE,IN_PROGRAM_2027,0.88,lcai-0037-auto-cert-v1
2533,MATHEMATICS,NOMBRES_RELATIFS_SKILL,REVIEW,TRUE,IN_PROGRAM_2027,0.88,lcai-0037-auto-cert-v1
2534,MATHEMATICS,NOMBRES_RELATIFS_SKILL,REVIEW,TRUE,IN_PROGRAM_2027,0.88,lcai-0037-auto-cert-v1
2535,MATHEMATICS,NOMBRES_RELATIFS_SKILL,REVIEW,TRUE,IN_PROGRAM_2027,0.88,lcai-0037-auto-cert-v1
2536,MATHEMATICS,AIRES_ET_VOLUMES_SKILL,REVIEW,TRUE,IN_PROGRAM_2027,0.88,lcai-0037-auto-cert-v1
2537,MATHEMATICS,AIRES_ET_VOLUMES_SKILL,REVIEW,TRUE,IN_PROGRAM_2027,0.92,lcai-0037-auto-cert-v1
2538,MATHEMATICS,AIRES_ET_VOLUMES_SKILL,REVIEW,TRUE,IN_PROGRAM_2027,0.92,lcai-0037-auto-cert-v1
2539,MATHEMATICS,AIRES_ET_VOLUMES_SKILL,REVIEW,TRUE,IN_PROGRAM_2027,0.92,lcai-0037-auto-cert-v1
2540,MATHEMATICS,AIRES_ET_VOLUMES_SKILL,REVIEW,TRUE,IN_PROGRAM_2027,0.92,lcai-0037-auto-cert-v1
2541,MATHEMATICS,AIRES_ET_VOLUMES_SKILL,REVIEW,TRUE,IN_PROGRAM_2027,0.92,lcai-0037-auto-cert-v1
2542,MATHEMATICS,FONCTIONS_SKILL,REVIEW,TRUE,IN_PROGRAM_2027,0.88,lcai-0037-auto-cert-v1
2543,MATHEMATICS,FONCTIONS_SKILL,REVIEW,TRUE,IN_PROGRAM_2027,0.88,lcai-0037-auto-cert-v1
2544,MATHEMATICS,AIRES_ET_VOLUMES_SKILL,REVIEW,TRUE,IN_PROGRAM_2027,0.88,lcai-0037-auto-cert-v1
2545,MATHEMATICS,FONCTIONS_SKILL,REVIEW,TRUE,IN_PROGRAM_2027,0.88,lcai-0037-auto-cert-v1
2546,MATHEMATICS,FONCTIONS_SKILL,REVIEW,TRUE,IN_PROGRAM_2027,0.88,lcai-0037-auto-cert-v1
2547,MATHEMATICS,FONCTIONS_SKILL,REVIEW,TRUE,IN_PROGRAM_2027,0.88,lcai-0037-auto-cert-v1
2548,MATHEMATICS,FONCTIONS_SKILL,REVIEW,TRUE,IN_PROGRAM_2027,0.88,lcai-0037-auto-cert-v1
2549,MATHEMATICS,NOMBRES_RELATIFS_SKILL,REVIEW,TRUE,IN_PROGRAM_2027,0.92,lcai-0037-auto-cert-v1
2550,MATHEMATICS,NOMBRES_RELATIFS_SKILL,REVIEW,TRUE,IN_PROGRAM_2027,0.88,lcai-0037-auto-cert-v1
2551,MATHEMATICS,NOMBRES_RELATIFS_SKILL,REVIEW,TRUE,IN_PROGRAM_2027,0.88,lcai-0037-auto-cert-v1
2552,MATHEMATICS,NOMBRES_RELATIFS_SKILL,REVIEW,TRUE,IN_PROGRAM_2027,0.92,lcai-0037-auto-cert-v1
2553,MATHEMATICS,NOMBRES_RELATIFS_SKILL,REVIEW,TRUE,IN_PROGRAM_2027,0.88,lcai-0037-auto-cert-v1
2554,MATHEMATICS,PROBABILITES_SKILL,REVIEW,TRUE,IN_PROGRAM_2027,0.92,lcai-0037-auto-cert-v1
2555,MATHEMATICS,NOMBRES_RELATIFS_SKILL,REVIEW,TRUE,IN_PROGRAM_2027,0.92,lcai-0037-auto-cert-v1
2556,MATHEMATICS,CALCUL_LITTERAL_SKILL,REVIEW,TRUE,IN_PROGRAM_2027,0.92,lcai-0037-auto-cert-v1
2557,MATHEMATICS,NOMBRES_RELATIFS_SKILL,REVIEW,TRUE,IN_PROGRAM_2027,0.92,lcai-0037-auto-cert-v1
2558,FRENCH,ACCORDS_SKILL,REVIEW,TRUE,IN_PROGRAM_2027,0.92,lcai-0037-auto-cert-v1
2559,FRENCH,ACCORDS_SKILL,REVIEW,TRUE,IN_PROGRAM_2027,0.92,lcai-0037-auto-cert-v1
2560,FRENCH,ACCORDS_SKILL,REVIEW,TRUE,IN_PROGRAM_2027,0.92,lcai-0037-auto-cert-v1
2561,FRENCH,EXPRESSION_ECRITE_SKILL,REVIEW,TRUE,IN_PROGRAM_2027,0.92,lcai-0037-auto-cert-v1
2562,FRENCH,EXPRESSION_ECRITE_SKILL,REVIEW,TRUE,IN_PROGRAM_2027,0.92,lcai-0037-auto-cert-v1
2563,FRENCH,EXPRESSION_ECRITE_SKILL,REVIEW,TRUE,IN_PROGRAM_2027,0.92,lcai-0037-auto-cert-v1
2564,FRENCH,EXPRESSION_ECRITE_SKILL,REVIEW,TRUE,IN_PROGRAM_2027,0.92,lcai-0037-auto-cert-v1
2565,FRENCH,EXPRESSION_ECRITE_SKILL,REVIEW,TRUE,IN_PROGRAM_2027,0.92,lcai-0037-auto-cert-v1
2566,FRENCH,EXPRESSION_ECRITE_SKILL,REVIEW,TRUE,IN_PROGRAM_2027,0.92,lcai-0037-auto-cert-v1
2567,FRENCH,EXPRESSION_ECRITE_SKILL,REVIEW,TRUE,IN_PROGRAM_2027,0.92,lcai-0037-auto-cert-v1
2568,FRENCH,EXPRESSION_ECRITE_SKILL,REVIEW,TRUE,IN_PROGRAM_2027,0.92,lcai-0037-auto-cert-v1
2569,FRENCH,EXPRESSION_ECRITE_SKILL,REVIEW,TRUE,IN_PROGRAM_2027,0.92,lcai-0037-auto-cert-v1
2570,FRENCH,EXPRESSION_ECRITE_SKILL,REVIEW,TRUE,IN_PROGRAM_2027,0.92,lcai-0037-auto-cert-v1
2571,FRENCH,EXPRESSION_ECRITE_SKILL,REVIEW,TRUE,IN_PROGRAM_2027,0.92,lcai-0037-auto-cert-v1
2572,FRENCH,EXPRESSION_ECRITE_SKILL,REVIEW,TRUE,IN_PROGRAM_2027,0.92,lcai-0037-auto-cert-v1
2573,FRENCH,EXPRESSION_ECRITE_SKILL,REVIEW,TRUE,IN_PROGRAM_2027,0.92,lcai-0037-auto-cert-v1
2574,FRENCH,EXPRESSION_ECRITE_SKILL,REVIEW,TRUE,IN_PROGRAM_2027,0.92,lcai-0037-auto-cert-v1
2575,FRENCH,EXPRESSION_ECRITE_SKILL,REVIEW,TRUE,IN_PROGRAM_2027,0.92,lcai-0037-auto-cert-v1
2576,SCIENCES,ENERGIE_SKILL,REVIEW,TRUE,IN_PROGRAM_2027,0.88,lcai-0037-auto-cert-v1
2577,MATHEMATICS,AIRES_ET_VOLUMES_SKILL,REVIEW,TRUE,IN_PROGRAM_2027,0.88,lcai-0037-auto-cert-v1
2578,MATHEMATICS,NOMBRES_RELATIFS_SKILL,REVIEW,TRUE,IN_PROGRAM_2027,0.88,lcai-0037-auto-cert-v1
2579,MATHEMATICS,AIRES_ET_VOLUMES_SKILL,REVIEW,TRUE,IN_PROGRAM_2027,0.88,lcai-0037-auto-cert-v1
2580,MATHEMATICS,CALCUL_LITTERAL_SKILL,REVIEW,TRUE,IN_PROGRAM_2027,0.88,lcai-0037-auto-cert-v1
2581,MATHEMATICS,AIRES_ET_VOLUMES_SKILL,REVIEW,TRUE,IN_PROGRAM_2027,0.88,lcai-0037-auto-cert-v1
2582,MATHEMATICS,AIRES_ET_VOLUMES_SKILL,REVIEW,TRUE,IN_PROGRAM_2027,0.88,lcai-0037-auto-cert-v1
2583,MATHEMATICS,NOMBRES_RELATIFS_SKILL,REVIEW,TRUE,IN_PROGRAM_2027,0.88,lcai-0037-auto-cert-v1
2584,MATHEMATICS,CALCUL_LITTERAL_SKILL,REVIEW,TRUE,IN_PROGRAM_2027,0.92,lcai-0037-auto-cert-v1
2585,MATHEMATICS,NOMBRES_RELATIFS_SKILL,REVIEW,TRUE,IN_PROGRAM_2027,0.92,lcai-0037-auto-cert-v1
2586,MATHEMATICS,NOMBRES_RELATIFS_SKILL,REVIEW,TRUE,IN_PROGRAM_2027,0.92,lcai-0037-auto-cert-v1
2587,MATHEMATICS,CALCUL_LITTERAL_SKILL,REVIEW,TRUE,IN_PROGRAM_2027,0.92,lcai-0037-auto-cert-v1
2588,MATHEMATICS,NOMBRES_RELATIFS_SKILL,REVIEW,TRUE,IN_PROGRAM_2027,0.92,lcai-0037-auto-cert-v1
2589,MATHEMATICS,NOMBRES_RELATIFS_SKILL,REVIEW,TRUE,IN_PROGRAM_2027,0.92,lcai-0037-auto-cert-v1
2590,MATHEMATICS,NOMBRES_RELATIFS_SKILL,REVIEW,TRUE,IN_PROGRAM_2027,0.92,lcai-0037-auto-cert-v1
2591,MATHEMATICS,EQUATIONS_SKILL,REVIEW,TRUE,IN_PROGRAM_2027,0.92,lcai-0037-auto-cert-v1
2592,MATHEMATICS,NOMBRES_RELATIFS_SKILL,REVIEW,TRUE,IN_PROGRAM_2027,0.88,lcai-0037-auto-cert-v1
2593,MATHEMATICS,NOMBRES_RELATIFS_SKILL,REVIEW,TRUE,IN_PROGRAM_2027,0.88,lcai-0037-auto-cert-v1
2594,MATHEMATICS,NOMBRES_RELATIFS_SKILL,REVIEW,TRUE,IN_PROGRAM_2027,0.88,lcai-0037-auto-cert-v1
2595,MATHEMATICS,NOMBRES_RELATIFS_SKILL,REVIEW,TRUE,IN_PROGRAM_2027,0.92,lcai-0037-auto-cert-v1
2596,MATHEMATICS,NOMBRES_RELATIFS_SKILL,REVIEW,TRUE,IN_PROGRAM_2027,0.92,lcai-0037-auto-cert-v1
2597,MATHEMATICS,NOMBRES_RELATIFS_SKILL,REVIEW,TRUE,IN_PROGRAM_2027,0.92,lcai-0037-auto-cert-v1
2598,MATHEMATICS,NOMBRES_RELATIFS_SKILL,REVIEW,TRUE,IN_PROGRAM_2027,0.92,lcai-0037-auto-cert-v1
2599,MATHEMATICS,AIRES_ET_VOLUMES_SKILL,REVIEW,TRUE,IN_PROGRAM_2027,0.92,lcai-0037-auto-cert-v1
2600,MATHEMATICS,NOMBRES_RELATIFS_SKILL,REVIEW,TRUE,IN_PROGRAM_2027,0.92,lcai-0037-auto-cert-v1
2601,HISTORY_GEOGRAPHY_EMC,VOCABULAIRE_SKILL,REVIEW,TRUE,IN_PROGRAM_2027,0.92,lcai-0037-auto-cert-v1
2602,HISTORY_GEOGRAPHY_EMC,VOCABULAIRE_SKILL,REVIEW,TRUE,IN_PROGRAM_2027,0.88,lcai-0037-auto-cert-v1
2603,HISTORY_GEOGRAPHY_EMC,VOCABULAIRE_SKILL,REVIEW,TRUE,IN_PROGRAM_2027,0.88,lcai-0037-auto-cert-v1
2604,HISTORY_GEOGRAPHY_EMC,VOCABULAIRE_SKILL,REVIEW,TRUE,IN_PROGRAM_2027,0.88,lcai-0037-auto-cert-v1
2605,HISTORY_GEOGRAPHY_EMC,VOCABULAIRE_SKILL,REVIEW,TRUE,IN_PROGRAM_2027,0.88,lcai-0037-auto-cert-v1
2606,HISTORY_GEOGRAPHY_EMC,VOCABULAIRE_SKILL,REVIEW,TRUE,IN_PROGRAM_2027,0.88,lcai-0037-auto-cert-v1
2607,HISTORY_GEOGRAPHY_EMC,REVOLUTION_FRANCAISE_SKILL,REVIEW,TRUE,IN_PROGRAM_2027,0.88,lcai-0037-auto-cert-v1
2608,HISTORY_GEOGRAPHY_EMC,REVOLUTION_FRANCAISE_SKILL,REVIEW,TRUE,IN_PROGRAM_2027,0.88,lcai-0037-auto-cert-v1
2609,HISTORY_GEOGRAPHY_EMC,REVOLUTION_FRANCAISE_SKILL,REVIEW,TRUE,IN_PROGRAM_2027,0.88,lcai-0037-auto-cert-v1
2610,HISTORY_GEOGRAPHY_EMC,REVOLUTION_FRANCAISE_SKILL,REVIEW,TRUE,IN_PROGRAM_2027,0.88,lcai-0037-auto-cert-v1
2611,HISTORY_GEOGRAPHY_EMC,REVOLUTION_FRANCAISE_SKILL,REVIEW,TRUE,IN_PROGRAM_2027,0.88,lcai-0037-auto-cert-v1
2612,HISTORY_GEOGRAPHY_EMC,COMPREHENSION_SKILL,REVIEW,TRUE,IN_PROGRAM_2027,0.88,lcai-0037-auto-cert-v1
2613,HISTORY_GEOGRAPHY_EMC,COMPREHENSION_SKILL,REVIEW,TRUE,IN_PROGRAM_2027,0.88,lcai-0037-auto-cert-v1
2614,HISTORY_GEOGRAPHY_EMC,COMPREHENSION_SKILL,REVIEW,TRUE,IN_PROGRAM_2027,0.88,lcai-0037-auto-cert-v1
2615,HISTORY_GEOGRAPHY_EMC,COMPREHENSION_SKILL,REVIEW,TRUE,IN_PROGRAM_2027,0.88,lcai-0037-auto-cert-v1
2616,FRENCH,EXPRESSION_ECRITE_SKILL,REVIEW,TRUE,IN_PROGRAM_2027,0.88,lcai-0037-auto-cert-v1
2617,FRENCH,EXPRESSION_ECRITE_SKILL,REVIEW,TRUE,IN_PROGRAM_2027,0.88,lcai-0037-auto-cert-v1
2618,FRENCH,EXPRESSION_ECRITE_SKILL,REVIEW,TRUE,IN_PROGRAM_2027,0.88,lcai-0037-auto-cert-v1
2619,FRENCH,EXPRESSION_ECRITE_SKILL,REVIEW,TRUE,IN_PROGRAM_2027,0.88,lcai-0037-auto-cert-v1
2620,FRENCH,EXPRESSION_ECRITE_SKILL,REVIEW,TRUE,IN_PROGRAM_2027,0.88,lcai-0037-auto-cert-v1
2621,FRENCH,ACCORDS_SKILL,REVIEW,TRUE,IN_PROGRAM_2027,0.92,lcai-0037-auto-cert-v1
2622,FRENCH,ACCORDS_SKILL,REVIEW,TRUE,IN_PROGRAM_2027,0.92,lcai-0037-auto-cert-v1
2623,FRENCH,ACCORDS_SKILL,REVIEW,TRUE,IN_PROGRAM_2027,0.92,lcai-0037-auto-cert-v1
2624,FRENCH,COMPREHENSION_SKILL,REVIEW,TRUE,IN_PROGRAM_2027,0.92,lcai-0037-auto-cert-v1
2625,FRENCH,COMPREHENSION_SKILL,REVIEW,TRUE,IN_PROGRAM_2027,0.92,lcai-0037-auto-cert-v1
2626,FRENCH,COMPREHENSION_SKILL,REVIEW,TRUE,IN_PROGRAM_2027,0.92,lcai-0037-auto-cert-v1
2627,FRENCH,COMPREHENSION_SKILL,REVIEW,TRUE,IN_PROGRAM_2027,0.92,lcai-0037-auto-cert-v1
2628,FRENCH,COMPREHENSION_SKILL,REVIEW,TRUE,IN_PROGRAM_2027,0.92,lcai-0037-auto-cert-v1
2629,FRENCH,COMPREHENSION_SKILL,REVIEW,TRUE,IN_PROGRAM_2027,0.92,lcai-0037-auto-cert-v1
2630,FRENCH,COMPREHENSION_SKILL,REVIEW,TRUE,IN_PROGRAM_2027,0.92,lcai-0037-auto-cert-v1
2631,FRENCH,COMPREHENSION_SKILL,REVIEW,TRUE,IN_PROGRAM_2027,0.92,lcai-0037-auto-cert-v1
2632,FRENCH,COMPREHENSION_SKILL,REVIEW,TRUE,IN_PROGRAM_2027,0.92,lcai-0037-auto-cert-v1
2633,FRENCH,COMPREHENSION_SKILL,REVIEW,TRUE,IN_PROGRAM_2027,0.92,lcai-0037-auto-cert-v1
2634,FRENCH,COMPREHENSION_SKILL,REVIEW,TRUE,IN_PROGRAM_2027,0.92,lcai-0037-auto-cert-v1
2635,FRENCH,COMPREHENSION_SKILL,REVIEW,TRUE,IN_PROGRAM_2027,0.92,lcai-0037-auto-cert-v1
2636,FRENCH,COMPREHENSION_SKILL,REVIEW,TRUE,IN_PROGRAM_2027,0.92,lcai-0037-auto-cert-v1
2637,FRENCH,COMPREHENSION_SKILL,REVIEW,TRUE,IN_PROGRAM_2027,0.92,lcai-0037-auto-cert-v1
2638,FRENCH,COMPREHENSION_SKILL,REVIEW,TRUE,IN_PROGRAM_2027,0.92,lcai-0037-auto-cert-v1
2639,FRENCH,COMPREHENSION_SKILL,REVIEW,TRUE,IN_PROGRAM_2027,0.92,lcai-0037-auto-cert-v1
2640,FRENCH,ACCORDS_SKILL,REVIEW,TRUE,IN_PROGRAM_2027,0.88,lcai-0037-auto-cert-v1
2641,MATHEMATICS,ALGORITHMIQUE_SKILL,REVIEW,TRUE,IN_PROGRAM_2027,0.92,lcai-0037-auto-cert-v1
2642,MATHEMATICS,AIRES_ET_VOLUMES_SKILL,REVIEW,TRUE,IN_PROGRAM_2027,0.88,lcai-0037-auto-cert-v1
2643,MATHEMATICS,CALCUL_LITTERAL_SKILL,REVIEW,TRUE,IN_PROGRAM_2027,0.88,lcai-0037-auto-cert-v1
2644,MATHEMATICS,NOMBRES_RELATIFS_SKILL,REVIEW,TRUE,IN_PROGRAM_2027,0.88,lcai-0037-auto-cert-v1
2645,MATHEMATICS,PROBABILITES_SKILL,REVIEW,TRUE,IN_PROGRAM_2027,0.88,lcai-0037-auto-cert-v1
2646,MATHEMATICS,AIRES_ET_VOLUMES_SKILL,REVIEW,TRUE,IN_PROGRAM_2027,0.88,lcai-0037-auto-cert-v1
2647,MATHEMATICS,AIRES_ET_VOLUMES_SKILL,REVIEW,TRUE,IN_PROGRAM_2027,0.88,lcai-0037-auto-cert-v1
2648,MATHEMATICS,NOMBRES_RELATIFS_SKILL,REVIEW,TRUE,IN_PROGRAM_2027,0.88,lcai-0037-auto-cert-v1
2649,MATHEMATICS,CALCUL_LITTERAL_SKILL,REVIEW,TRUE,IN_PROGRAM_2027,0.92,lcai-0037-auto-cert-v1
2650,MATHEMATICS,CALCUL_LITTERAL_SKILL,REVIEW,TRUE,IN_PROGRAM_2027,0.92,lcai-0037-auto-cert-v1
2651,MATHEMATICS,CALCUL_LITTERAL_SKILL,REVIEW,TRUE,IN_PROGRAM_2027,0.92,lcai-0037-auto-cert-v1
2652,MATHEMATICS,EQUATIONS_SKILL,REVIEW,TRUE,IN_PROGRAM_2027,0.92,lcai-0037-auto-cert-v1
2653,MATHEMATICS,CALCUL_LITTERAL_SKILL,REVIEW,TRUE,IN_PROGRAM_2027,0.92,lcai-0037-auto-cert-v1
2654,MATHEMATICS,FONCTIONS_SKILL,REVIEW,TRUE,IN_PROGRAM_2027,0.88,lcai-0037-auto-cert-v1
2655,MATHEMATICS,NOMBRES_RELATIFS_SKILL,REVIEW,TRUE,IN_PROGRAM_2027,0.88,lcai-0037-auto-cert-v1
2656,MATHEMATICS,NOMBRES_RELATIFS_SKILL,REVIEW,TRUE,IN_PROGRAM_2027,0.88,lcai-0037-auto-cert-v1
2657,MATHEMATICS,NOMBRES_RELATIFS_SKILL,REVIEW,TRUE,IN_PROGRAM_2027,0.88,lcai-0037-auto-cert-v1
2658,MATHEMATICS,AIRES_ET_VOLUMES_SKILL,REVIEW,TRUE,IN_PROGRAM_2027,0.88,lcai-0037-auto-cert-v1
2659,MATHEMATICS,NOMBRES_RELATIFS_SKILL,REVIEW,TRUE,IN_PROGRAM_2027,0.88,lcai-0037-auto-cert-v1
2660,MATHEMATICS,AIRES_ET_VOLUMES_SKILL,REVIEW,TRUE,IN_PROGRAM_2027,0.88,lcai-0037-auto-cert-v1
2661,MATHEMATICS,CALCUL_LITTERAL_SKILL,REVIEW,TRUE,IN_PROGRAM_2027,0.88,lcai-0037-auto-cert-v1
2662,MATHEMATICS,NOMBRES_RELATIFS_SKILL,REVIEW,TRUE,IN_PROGRAM_2027,0.92,lcai-0037-auto-cert-v1
2663,MATHEMATICS,PROBABILITES_SKILL,REVIEW,TRUE,IN_PROGRAM_2027,0.92,lcai-0037-auto-cert-v1
2664,MATHEMATICS,PROBABILITES_SKILL,REVIEW,TRUE,IN_PROGRAM_2027,0.92,lcai-0037-auto-cert-v1
2665,MATHEMATICS,PROBABILITES_SKILL,REVIEW,TRUE,IN_PROGRAM_2027,0.92,lcai-0037-auto-cert-v1
2666,MATHEMATICS,NOMBRES_RELATIFS_SKILL,REVIEW,TRUE,IN_PROGRAM_2027,0.92,lcai-0037-auto-cert-v1
2667,MATHEMATICS,NOMBRES_RELATIFS_SKILL,REVIEW,TRUE,IN_PROGRAM_2027,0.92,lcai-0037-auto-cert-v1
2668,MATHEMATICS,NOMBRES_RELATIFS_SKILL,REVIEW,TRUE,IN_PROGRAM_2027,0.88,lcai-0037-auto-cert-v1
2669,MATHEMATICS,NOMBRES_RELATIFS_SKILL,REVIEW,TRUE,IN_PROGRAM_2027,0.92,lcai-0037-auto-cert-v1
2670,MATHEMATICS,NOMBRES_RELATIFS_SKILL,REVIEW,TRUE,IN_PROGRAM_2027,0.92,lcai-0037-auto-cert-v1
2671,FRENCH,EXPRESSION_ECRITE_SKILL,FALSE,TRUE,IN_PROGRAM_2027,0.92,lcai-0037-auto-cert-v1
2672,SCIENCES,MOUVEMENT_ET_VITESSE_SKILL,REVIEW,TRUE,IN_PROGRAM_2027,0.88,lcai-0037-auto-cert-v1
2673,SCIENCES,ATOMES_ET_MOLECULES_SKILL,REVIEW,TRUE,IN_PROGRAM_2027,0.92,lcai-0037-auto-cert-v1
2674,SCIENCES,MASSE_VOLUMIQUE_SKILL,REVIEW,TRUE,IN_PROGRAM_2027,0.92,lcai-0037-auto-cert-v1
2675,SCIENCES,MOUVEMENT_ET_VITESSE_SKILL,REVIEW,TRUE,IN_PROGRAM_2027,0.92,lcai-0037-auto-cert-v1
2676,SCIENCES,MASSE_VOLUMIQUE_SKILL,REVIEW,TRUE,IN_PROGRAM_2027,0.92,lcai-0037-auto-cert-v1
2677,SCIENCES,MOUVEMENT_ET_VITESSE_SKILL,REVIEW,TRUE,IN_PROGRAM_2027,0.88,lcai-0037-auto-cert-v1
2678,SCIENCES,SON_SKILL,REVIEW,TRUE,IN_PROGRAM_2027,0.88,lcai-0037-auto-cert-v1
2679,SCIENCES,ENERGIE_SKILL,REVIEW,TRUE,IN_PROGRAM_2027,0.88,lcai-0037-auto-cert-v1
2680,HISTORY_GEOGRAPHY_EMC,REVOLUTION_FRANCAISE_SKILL,REVIEW,TRUE,IN_PROGRAM_2027,0.92,lcai-0037-auto-cert-v1
2681,HISTORY_GEOGRAPHY_EMC,PREMIERE_GUERRE_MONDIALE_SKILL,REVIEW,TRUE,IN_PROGRAM_2027,0.88,lcai-0037-auto-cert-v1
2682,HISTORY_GEOGRAPHY_EMC,PREMIERE_GUERRE_MONDIALE_SKILL,REVIEW,TRUE,IN_PROGRAM_2027,0.88,lcai-0037-auto-cert-v1
2683,HISTORY_GEOGRAPHY_EMC,PREMIERE_GUERRE_MONDIALE_SKILL,REVIEW,TRUE,IN_PROGRAM_2027,0.88,lcai-0037-auto-cert-v1
2684,HISTORY_GEOGRAPHY_EMC,PREMIERE_GUERRE_MONDIALE_SKILL,REVIEW,TRUE,IN_PROGRAM_2027,0.88,lcai-0037-auto-cert-v1
2685,HISTORY_GEOGRAPHY_EMC,PREMIERE_GUERRE_MONDIALE_SKILL,REVIEW,TRUE,IN_PROGRAM_2027,0.88,lcai-0037-auto-cert-v1
2686,HISTORY_GEOGRAPHY_EMC,REVOLUTION_FRANCAISE_SKILL,REVIEW,TRUE,IN_PROGRAM_2027,0.92,lcai-0037-auto-cert-v1
2687,HISTORY_GEOGRAPHY_EMC,REVOLUTION_FRANCAISE_SKILL,REVIEW,TRUE,IN_PROGRAM_2027,0.88,lcai-0037-auto-cert-v1
2688,HISTORY_GEOGRAPHY_EMC,SECONDE_GUERRE_MONDIALE_SKILL,REVIEW,TRUE,IN_PROGRAM_2027,0.88,lcai-0037-auto-cert-v1
2689,HISTORY_GEOGRAPHY_EMC,SECONDE_GUERRE_MONDIALE_SKILL,REVIEW,TRUE,IN_PROGRAM_2027,0.88,lcai-0037-auto-cert-v1
2690,HISTORY_GEOGRAPHY_EMC,SECONDE_GUERRE_MONDIALE_SKILL,REVIEW,TRUE,IN_PROGRAM_2027,0.88,lcai-0037-auto-cert-v1
2691,HISTORY_GEOGRAPHY_EMC,SECONDE_GUERRE_MONDIALE_SKILL,REVIEW,TRUE,IN_PROGRAM_2027,0.88,lcai-0037-auto-cert-v1
2692,HISTORY_GEOGRAPHY_EMC,SECONDE_GUERRE_MONDIALE_SKILL,REVIEW,TRUE,IN_PROGRAM_2027,0.88,lcai-0037-auto-cert-v1
2693,FRENCH,EXPRESSION_ECRITE_SKILL,REVIEW,TRUE,IN_PROGRAM_2027,0.92,lcai-0037-auto-cert-v1
2694,FRENCH,EXPRESSION_ECRITE_SKILL,REVIEW,TRUE,IN_PROGRAM_2027,0.92,lcai-0037-auto-cert-v1
2695,FRENCH,EXPRESSION_ECRITE_SKILL,FALSE,TRUE,IN_PROGRAM_2027,0.92,lcai-0037-auto-cert-v1
2696,FRENCH,EXPRESSION_ECRITE_SKILL,FALSE,TRUE,IN_PROGRAM_2027,0.92,lcai-0037-auto-cert-v1
2697,FRENCH,EXPRESSION_ECRITE_SKILL,FALSE,TRUE,IN_PROGRAM_2027,0.92,lcai-0037-auto-cert-v1
2698,FRENCH,EXPRESSION_ECRITE_SKILL,FALSE,TRUE,IN_PROGRAM_2027,0.92,lcai-0037-auto-cert-v1
2699,FRENCH,EXPRESSION_ECRITE_SKILL,FALSE,TRUE,IN_PROGRAM_2027,0.92,lcai-0037-auto-cert-v1
2700,FRENCH,EXPRESSION_ECRITE_SKILL,REVIEW,TRUE,IN_PROGRAM_2027,0.92,lcai-0037-auto-cert-v1
2701,FRENCH,EXPRESSION_ECRITE_SKILL,REVIEW,TRUE,IN_PROGRAM_2027,0.92,lcai-0037-auto-cert-v1
2702,FRENCH,EXPRESSION_ECRITE_SKILL,REVIEW,TRUE,IN_PROGRAM_2027,0.92,lcai-0037-auto-cert-v1
2703,FRENCH,EXPRESSION_ECRITE_SKILL,REVIEW,TRUE,IN_PROGRAM_2027,0.92,lcai-0037-auto-cert-v1
2704,FRENCH,EXPRESSION_ECRITE_SKILL,REVIEW,TRUE,IN_PROGRAM_2027,0.92,lcai-0037-auto-cert-v1
2705,FRENCH,EXPRESSION_ECRITE_SKILL,REVIEW,TRUE,IN_PROGRAM_2027,0.92,lcai-0037-auto-cert-v1
2706,FRENCH,EXPRESSION_ECRITE_SKILL,REVIEW,TRUE,IN_PROGRAM_2027,0.92,lcai-0037-auto-cert-v1
2707,FRENCH,EXPRESSION_ECRITE_SKILL,FALSE,TRUE,IN_PROGRAM_2027,0.88,lcai-0037-auto-cert-v1
2708,FRENCH,EXPRESSION_ECRITE_SKILL,FALSE,TRUE,IN_PROGRAM_2027,0.88,lcai-0037-auto-cert-v1
2709,FRENCH,EXPRESSION_ECRITE_SKILL,FALSE,TRUE,IN_PROGRAM_2027,0.88,lcai-0037-auto-cert-v1
2710,FRENCH,EXPRESSION_ECRITE_SKILL,FALSE,TRUE,IN_PROGRAM_2027,0.88,lcai-0037-auto-cert-v1
2711,FRENCH,EXPRESSION_ECRITE_SKILL,FALSE,TRUE,IN_PROGRAM_2027,0.88,lcai-0037-auto-cert-v1
2712,FRENCH,EXPRESSION_ECRITE_SKILL,FALSE,TRUE,IN_PROGRAM_2027,0.88,lcai-0037-auto-cert-v1
2713,FRENCH,EXPRESSION_ECRITE_SKILL,FALSE,TRUE,IN_PROGRAM_2027,0.88,lcai-0037-auto-cert-v1
2714,FRENCH,EXPRESSION_ECRITE_SKILL,FALSE,TRUE,IN_PROGRAM_2027,0.88,lcai-0037-auto-cert-v1
2715,FRENCH,EXPRESSION_ECRITE_SKILL,FALSE,TRUE,IN_PROGRAM_2027,0.88,lcai-0037-auto-cert-v1
2716,FRENCH,EXPRESSION_ECRITE_SKILL,FALSE,TRUE,IN_PROGRAM_2027,0.88,lcai-0037-auto-cert-v1
2717,FRENCH,EXPRESSION_ECRITE_SKILL,FALSE,TRUE,IN_PROGRAM_2027,0.88,lcai-0037-auto-cert-v1
2718,FRENCH,EXPRESSION_ECRITE_SKILL,FALSE,TRUE,IN_PROGRAM_2027,0.88,lcai-0037-auto-cert-v1
2719,FRENCH,EXPRESSION_ECRITE_SKILL,FALSE,TRUE,IN_PROGRAM_2027,0.88,lcai-0037-auto-cert-v1
2720,FRENCH,EXPRESSION_ECRITE_SKILL,FALSE,TRUE,IN_PROGRAM_2027,0.88,lcai-0037-auto-cert-v1
2721,FRENCH,EXPRESSION_ECRITE_SKILL,FALSE,TRUE,IN_PROGRAM_2027,0.88,lcai-0037-auto-cert-v1
2722,FRENCH,EXPRESSION_ECRITE_SKILL,FALSE,TRUE,IN_PROGRAM_2027,0.88,lcai-0037-auto-cert-v1
2723,FRENCH,EXPRESSION_ECRITE_SKILL,REVIEW,TRUE,IN_PROGRAM_2027,0.88,lcai-0037-auto-cert-v1
2724,FRENCH,EXPRESSION_ECRITE_SKILL,REVIEW,TRUE,IN_PROGRAM_2027,0.88,lcai-0037-auto-cert-v1
2725,FRENCH,EXPRESSION_ECRITE_SKILL,REVIEW,TRUE,IN_PROGRAM_2027,0.88,lcai-0037-auto-cert-v1
2726,FRENCH,EXPRESSION_ECRITE_SKILL,REVIEW,TRUE,IN_PROGRAM_2027,0.88,lcai-0037-auto-cert-v1
2727,FRENCH,EXPRESSION_ECRITE_SKILL,FALSE,TRUE,IN_PROGRAM_2027,0.88,lcai-0037-auto-cert-v1
2728,FRENCH,EXPRESSION_ECRITE_SKILL,FALSE,TRUE,IN_PROGRAM_2027,0.88,lcai-0037-auto-cert-v1
2729,FRENCH,EXPRESSION_ECRITE_SKILL,FALSE,TRUE,IN_PROGRAM_2027,0.88,lcai-0037-auto-cert-v1
2730,FRENCH,EXPRESSION_ECRITE_SKILL,FALSE,TRUE,IN_PROGRAM_2027,0.88,lcai-0037-auto-cert-v1
2731,FRENCH,EXPRESSION_ECRITE_SKILL,FALSE,TRUE,IN_PROGRAM_2027,0.88,lcai-0037-auto-cert-v1
2732,FRENCH,EXPRESSION_ECRITE_SKILL,FALSE,TRUE,IN_PROGRAM_2027,0.88,lcai-0037-auto-cert-v1
2733,FRENCH,EXPRESSION_ECRITE_SKILL,FALSE,TRUE,IN_PROGRAM_2027,0.88,lcai-0037-auto-cert-v1
2734,MATHEMATICS,CALCUL_LITTERAL_SKILL,REVIEW,TRUE,IN_PROGRAM_2027,0.92,lcai-0037-auto-cert-v1
2735,MATHEMATICS,AIRES_ET_VOLUMES_SKILL,REVIEW,TRUE,IN_PROGRAM_2027,0.92,lcai-0037-auto-cert-v1
2736,MATHEMATICS,EQUATIONS_SKILL,REVIEW,TRUE,IN_PROGRAM_2027,0.88,lcai-0037-auto-cert-v1
2737,MATHEMATICS,AIRES_ET_VOLUMES_SKILL,REVIEW,TRUE,IN_PROGRAM_2027,0.92,lcai-0037-auto-cert-v1
2738,MATHEMATICS,NOMBRES_RELATIFS_SKILL,REVIEW,TRUE,IN_PROGRAM_2027,0.88,lcai-0037-auto-cert-v1
2739,MATHEMATICS,AIRES_ET_VOLUMES_SKILL,REVIEW,TRUE,IN_PROGRAM_2027,0.88,lcai-0037-auto-cert-v1
2740,MATHEMATICS,NOMBRES_RELATIFS_SKILL,REVIEW,TRUE,IN_PROGRAM_2027,0.88,lcai-0037-auto-cert-v1
2741,MATHEMATICS,CALCUL_LITTERAL_SKILL,REVIEW,TRUE,IN_PROGRAM_2027,0.88,lcai-0037-auto-cert-v1
2742,MATHEMATICS,NOMBRES_RELATIFS_SKILL,REVIEW,TRUE,IN_PROGRAM_2027,0.88,lcai-0037-auto-cert-v1
2743,MATHEMATICS,FONCTIONS_SKILL,REVIEW,TRUE,IN_PROGRAM_2027,0.92,lcai-0037-auto-cert-v1
2744,MATHEMATICS,FONCTIONS_SKILL,REVIEW,TRUE,IN_PROGRAM_2027,0.92,lcai-0037-auto-cert-v1
2745,MATHEMATICS,FONCTIONS_SKILL,REVIEW,TRUE,IN_PROGRAM_2027,0.92,lcai-0037-auto-cert-v1
2746,MATHEMATICS,FONCTIONS_SKILL,REVIEW,TRUE,IN_PROGRAM_2027,0.92,lcai-0037-auto-cert-v1
2747,MATHEMATICS,FONCTIONS_SKILL,REVIEW,TRUE,IN_PROGRAM_2027,0.92,lcai-0037-auto-cert-v1
2748,MATHEMATICS,FONCTIONS_SKILL,REVIEW,TRUE,IN_PROGRAM_2027,0.92,lcai-0037-auto-cert-v1
2749,MATHEMATICS,FONCTIONS_SKILL,REVIEW,TRUE,IN_PROGRAM_2027,0.92,lcai-0037-auto-cert-v1
2750,MATHEMATICS,FONCTIONS_SKILL,REVIEW,TRUE,IN_PROGRAM_2027,0.92,lcai-0037-auto-cert-v1
2751,MATHEMATICS,FONCTIONS_SKILL,REVIEW,TRUE,IN_PROGRAM_2027,0.92,lcai-0037-auto-cert-v1
2752,MATHEMATICS,NOMBRES_RELATIFS_SKILL,REVIEW,TRUE,IN_PROGRAM_2027,0.92,lcai-0037-auto-cert-v1
2753,MATHEMATICS,CALCUL_LITTERAL_SKILL,REVIEW,TRUE,IN_PROGRAM_2027,0.92,lcai-0037-auto-cert-v1
2754,MATHEMATICS,POURCENTAGES_SKILL,REVIEW,TRUE,IN_PROGRAM_2027,0.92,lcai-0037-auto-cert-v1
2755,MATHEMATICS,PROBABILITES_SKILL,REVIEW,TRUE,IN_PROGRAM_2027,0.92,lcai-0037-auto-cert-v1
2756,MATHEMATICS,NOMBRES_RELATIFS_SKILL,REVIEW,TRUE,IN_PROGRAM_2027,0.92,lcai-0037-auto-cert-v1
2757,MATHEMATICS,NOMBRES_RELATIFS_SKILL,REVIEW,TRUE,IN_PROGRAM_2027,0.92,lcai-0037-auto-cert-v1
2758,MATHEMATICS,NOMBRES_RELATIFS_SKILL,REVIEW,TRUE,IN_PROGRAM_2027,0.92,lcai-0037-auto-cert-v1
2759,MATHEMATICS,NOMBRES_RELATIFS_SKILL,REVIEW,TRUE,IN_PROGRAM_2027,0.88,lcai-0037-auto-cert-v1
2760,MATHEMATICS,NOMBRES_RELATIFS_SKILL,REVIEW,TRUE,IN_PROGRAM_2027,0.88,lcai-0037-auto-cert-v1
2761,MATHEMATICS,NOMBRES_RELATIFS_SKILL,REVIEW,TRUE,IN_PROGRAM_2027,0.88,lcai-0037-auto-cert-v1
2762,FRENCH,ACCORDS_SKILL,REVIEW,TRUE,IN_PROGRAM_2027,0.92,lcai-0037-auto-cert-v1
2763,FRENCH,ACCORDS_SKILL,REVIEW,TRUE,IN_PROGRAM_2027,0.92,lcai-0037-auto-cert-v1
2764,FRENCH,ACCORDS_SKILL,REVIEW,TRUE,IN_PROGRAM_2027,0.92,lcai-0037-auto-cert-v1
2765,FRENCH,ACCORDS_SKILL,REVIEW,TRUE,IN_PROGRAM_2027,0.92,lcai-0037-auto-cert-v1
2766,FRENCH,ACCORDS_SKILL,REVIEW,TRUE,IN_PROGRAM_2027,0.92,lcai-0037-auto-cert-v1
2767,FRENCH,ACCORDS_SKILL,REVIEW,TRUE,IN_PROGRAM_2027,0.92,lcai-0037-auto-cert-v1
2768,FRENCH,ACCORDS_SKILL,REVIEW,TRUE,IN_PROGRAM_2027,0.92,lcai-0037-auto-cert-v1
2769,FRENCH,ACCORDS_SKILL,REVIEW,TRUE,IN_PROGRAM_2027,0.92,lcai-0037-auto-cert-v1
2770,FRENCH,ACCORDS_SKILL,REVIEW,TRUE,IN_PROGRAM_2027,0.92,lcai-0037-auto-cert-v1
2771,FRENCH,ACCORDS_SKILL,REVIEW,TRUE,IN_PROGRAM_2027,0.92,lcai-0037-auto-cert-v1
2772,FRENCH,ACCORDS_SKILL,REVIEW,TRUE,IN_PROGRAM_2027,0.92,lcai-0037-auto-cert-v1
2773,FRENCH,ACCORDS_SKILL,REVIEW,TRUE,IN_PROGRAM_2027,0.92,lcai-0037-auto-cert-v1
2774,FRENCH,ACCORDS_SKILL,REVIEW,TRUE,IN_PROGRAM_2027,0.92,lcai-0037-auto-cert-v1
2775,FRENCH,ACCORDS_SKILL,REVIEW,TRUE,IN_PROGRAM_2027,0.92,lcai-0037-auto-cert-v1
2776,FRENCH,ACCORDS_SKILL,REVIEW,TRUE,IN_PROGRAM_2027,0.92,lcai-0037-auto-cert-v1
2777,FRENCH,ACCORDS_SKILL,REVIEW,TRUE,IN_PROGRAM_2027,0.92,lcai-0037-auto-cert-v1
2778,FRENCH,ACCORDS_SKILL,REVIEW,TRUE,IN_PROGRAM_2027,0.92,lcai-0037-auto-cert-v1
2779,HISTORY_GEOGRAPHY_EMC,REVOLUTION_FRANCAISE_SKILL,REVIEW,TRUE,IN_PROGRAM_2027,0.88,lcai-0037-auto-cert-v1
2780,HISTORY_GEOGRAPHY_EMC,REVOLUTION_FRANCAISE_SKILL,REVIEW,TRUE,IN_PROGRAM_2027,0.88,lcai-0037-auto-cert-v1
2781,HISTORY_GEOGRAPHY_EMC,REVOLUTION_FRANCAISE_SKILL,REVIEW,TRUE,IN_PROGRAM_2027,0.88,lcai-0037-auto-cert-v1
2782,HISTORY_GEOGRAPHY_EMC,REVOLUTION_FRANCAISE_SKILL,REVIEW,TRUE,IN_PROGRAM_2027,0.88,lcai-0037-auto-cert-v1
2783,HISTORY_GEOGRAPHY_EMC,REVOLUTION_FRANCAISE_SKILL,REVIEW,TRUE,IN_PROGRAM_2027,0.88,lcai-0037-auto-cert-v1
2784,HISTORY_GEOGRAPHY_EMC,GUERRE_FROIDE_SKILL,REVIEW,TRUE,IN_PROGRAM_2027,0.92,lcai-0037-auto-cert-v1
2785,HISTORY_GEOGRAPHY_EMC,GUERRE_FROIDE_SKILL,REVIEW,TRUE,IN_PROGRAM_2027,0.88,lcai-0037-auto-cert-v1
2786,HISTORY_GEOGRAPHY_EMC,GUERRE_FROIDE_SKILL,REVIEW,TRUE,IN_PROGRAM_2027,0.92,lcai-0037-auto-cert-v1
2787,HISTORY_GEOGRAPHY_EMC,GUERRE_FROIDE_SKILL,REVIEW,TRUE,IN_PROGRAM_2027,0.92,lcai-0037-auto-cert-v1
2788,HISTORY_GEOGRAPHY_EMC,GUERRE_FROIDE_SKILL,REVIEW,TRUE,IN_PROGRAM_2027,0.88,lcai-0037-auto-cert-v1
2789,HISTORY_GEOGRAPHY_EMC,GUERRE_FROIDE_SKILL,REVIEW,TRUE,IN_PROGRAM_2027,0.92,lcai-0037-auto-cert-v1
2790,HISTORY_GEOGRAPHY_EMC,GUERRE_FROIDE_SKILL,REVIEW,TRUE,IN_PROGRAM_2027,0.88,lcai-0037-auto-cert-v1
2791,HISTORY_GEOGRAPHY_EMC,GUERRE_FROIDE_SKILL,REVIEW,TRUE,IN_PROGRAM_2027,0.92,lcai-0037-auto-cert-v1
2792,HISTORY_GEOGRAPHY_EMC,PREMIERE_GUERRE_MONDIALE_SKILL,REVIEW,TRUE,IN_PROGRAM_2027,0.92,lcai-0037-auto-cert-v1
2793,HISTORY_GEOGRAPHY_EMC,SECONDE_GUERRE_MONDIALE_SKILL,REVIEW,TRUE,IN_PROGRAM_2027,0.92,lcai-0037-auto-cert-v1
2794,SCIENCES,SON_SKILL,REVIEW,TRUE,IN_PROGRAM_2027,0.88,lcai-0037-auto-cert-v1
2795,HISTORY_GEOGRAPHY_EMC,REVOLUTION_FRANCAISE_SKILL,REVIEW,TRUE,IN_PROGRAM_2027,0.88,lcai-0037-auto-cert-v1
2796,HISTORY_GEOGRAPHY_EMC,REVOLUTION_FRANCAISE_SKILL,REVIEW,TRUE,IN_PROGRAM_2027,0.88,lcai-0037-auto-cert-v1
2797,HISTORY_GEOGRAPHY_EMC,REVOLUTION_FRANCAISE_SKILL,REVIEW,TRUE,IN_PROGRAM_2027,0.88,lcai-0037-auto-cert-v1
2798,HISTORY_GEOGRAPHY_EMC,REVOLUTION_FRANCAISE_SKILL,REVIEW,TRUE,IN_PROGRAM_2027,0.88,lcai-0037-auto-cert-v1
2799,HISTORY_GEOGRAPHY_EMC,REVOLUTION_FRANCAISE_SKILL,REVIEW,TRUE,IN_PROGRAM_2027,0.88,lcai-0037-auto-cert-v1
2800,HISTORY_GEOGRAPHY_EMC,GUERRE_FROIDE_SKILL,REVIEW,TRUE,IN_PROGRAM_2027,0.92,lcai-0037-auto-cert-v1
2801,HISTORY_GEOGRAPHY_EMC,REVOLUTION_FRANCAISE_SKILL,REVIEW,TRUE,IN_PROGRAM_2027,0.88,lcai-0037-auto-cert-v1
2802,HISTORY_GEOGRAPHY_EMC,SOCIETE_AU_XIXE_SIECLE_SKILL,REVIEW,TRUE,IN_PROGRAM_2027,0.88,lcai-0037-auto-cert-v1
2803,HISTORY_GEOGRAPHY_EMC,SOCIETE_AU_XIXE_SIECLE_SKILL,REVIEW,TRUE,IN_PROGRAM_2027,0.88,lcai-0037-auto-cert-v1
2804,HISTORY_GEOGRAPHY_EMC,SOCIETE_AU_XIXE_SIECLE_SKILL,REVIEW,TRUE,IN_PROGRAM_2027,0.88,lcai-0037-auto-cert-v1
2805,HISTORY_GEOGRAPHY_EMC,SOCIETE_AU_XIXE_SIECLE_SKILL,REVIEW,TRUE,IN_PROGRAM_2027,0.88,lcai-0037-auto-cert-v1
2806,HISTORY_GEOGRAPHY_EMC,SOCIETE_AU_XIXE_SIECLE_SKILL,REVIEW,TRUE,IN_PROGRAM_2027,0.88,lcai-0037-auto-cert-v1
2807,SCIENCES,ENERGIE_SKILL,REVIEW,TRUE,IN_PROGRAM_2027,0.88,lcai-0037-auto-cert-v1
2808,HISTORY_GEOGRAPHY_EMC,REVOLUTION_FRANCAISE_SKILL,REVIEW,TRUE,IN_PROGRAM_2027,0.88,lcai-0037-auto-cert-v1
2809,HISTORY_GEOGRAPHY_EMC,REVOLUTION_FRANCAISE_SKILL,REVIEW,TRUE,IN_PROGRAM_2027,0.88,lcai-0037-auto-cert-v1
2810,HISTORY_GEOGRAPHY_EMC,REVOLUTION_FRANCAISE_SKILL,REVIEW,TRUE,IN_PROGRAM_2027,0.88,lcai-0037-auto-cert-v1
2811,HISTORY_GEOGRAPHY_EMC,REVOLUTION_FRANCAISE_SKILL,REVIEW,TRUE,IN_PROGRAM_2027,0.88,lcai-0037-auto-cert-v1
2812,HISTORY_GEOGRAPHY_EMC,REVOLUTION_FRANCAISE_SKILL,REVIEW,TRUE,IN_PROGRAM_2027,0.88,lcai-0037-auto-cert-v1
2813,HISTORY_GEOGRAPHY_EMC,GUERRE_FROIDE_SKILL,REVIEW,TRUE,IN_PROGRAM_2027,0.92,lcai-0037-auto-cert-v1
2814,HISTORY_GEOGRAPHY_EMC,REVOLUTION_FRANCAISE_SKILL,REVIEW,TRUE,IN_PROGRAM_2027,0.92,lcai-0037-auto-cert-v1
2815,HISTORY_GEOGRAPHY_EMC,REVOLUTION_FRANCAISE_SKILL,REVIEW,TRUE,IN_PROGRAM_2027,0.88,lcai-0037-auto-cert-v1
2816,HISTORY_GEOGRAPHY_EMC,REVOLUTION_FRANCAISE_SKILL,REVIEW,TRUE,IN_PROGRAM_2027,0.88,lcai-0037-auto-cert-v1
2817,HISTORY_GEOGRAPHY_EMC,REVOLUTION_FRANCAISE_SKILL,REVIEW,TRUE,IN_PROGRAM_2027,0.88,lcai-0037-auto-cert-v1
2818,HISTORY_GEOGRAPHY_EMC,REVOLUTION_FRANCAISE_SKILL,REVIEW,TRUE,IN_PROGRAM_2027,0.88,lcai-0037-auto-cert-v1
2819,HISTORY_GEOGRAPHY_EMC,REVOLUTION_FRANCAISE_SKILL,REVIEW,TRUE,IN_PROGRAM_2027,0.88,lcai-0037-auto-cert-v1
2820,HISTORY_GEOGRAPHY_EMC,REVOLUTION_FRANCAISE_SKILL,REVIEW,TRUE,IN_PROGRAM_2027,0.88,lcai-0037-auto-cert-v1
2821,HISTORY_GEOGRAPHY_EMC,REVOLUTION_FRANCAISE_SKILL,REVIEW,TRUE,IN_PROGRAM_2027,0.88,lcai-0037-auto-cert-v1
2822,HISTORY_GEOGRAPHY_EMC,GUERRE_FROIDE_SKILL,REVIEW,TRUE,IN_PROGRAM_2027,0.88,lcai-0037-auto-cert-v1
2823,HISTORY_GEOGRAPHY_EMC,GUERRE_FROIDE_SKILL,REVIEW,TRUE,IN_PROGRAM_2027,0.88,lcai-0037-auto-cert-v1
2824,HISTORY_GEOGRAPHY_EMC,GUERRE_FROIDE_SKILL,REVIEW,TRUE,IN_PROGRAM_2027,0.88,lcai-0037-auto-cert-v1
2825,HISTORY_GEOGRAPHY_EMC,REVOLUTION_FRANCAISE_SKILL,REVIEW,TRUE,IN_PROGRAM_2027,0.92,lcai-0037-auto-cert-v1
2826,HISTORY_GEOGRAPHY_EMC,REVOLUTION_FRANCAISE_SKILL,REVIEW,TRUE,IN_PROGRAM_2027,0.88,lcai-0037-auto-cert-v1
2827,HISTORY_GEOGRAPHY_EMC,GUERRE_FROIDE_SKILL,REVIEW,TRUE,IN_PROGRAM_2027,0.88,lcai-0037-auto-cert-v1
2828,HISTORY_GEOGRAPHY_EMC,GUERRE_FROIDE_SKILL,REVIEW,TRUE,IN_PROGRAM_2027,0.88,lcai-0037-auto-cert-v1
2829,HISTORY_GEOGRAPHY_EMC,GUERRE_FROIDE_SKILL,REVIEW,TRUE,IN_PROGRAM_2027,0.88,lcai-0037-auto-cert-v1
2830,HISTORY_GEOGRAPHY_EMC,GUERRE_FROIDE_SKILL,REVIEW,TRUE,IN_PROGRAM_2027,0.88,lcai-0037-auto-cert-v1
2831,HISTORY_GEOGRAPHY_EMC,GUERRE_FROIDE_SKILL,REVIEW,TRUE,IN_PROGRAM_2027,0.88,lcai-0037-auto-cert-v1
2832,HISTORY_GEOGRAPHY_EMC,GUERRE_FROIDE_SKILL,REVIEW,TRUE,IN_PROGRAM_2027,0.88,lcai-0037-auto-cert-v1
2833,HISTORY_GEOGRAPHY_EMC,GUERRE_FROIDE_SKILL,REVIEW,TRUE,IN_PROGRAM_2027,0.88,lcai-0037-auto-cert-v1
2834,HISTORY_GEOGRAPHY_EMC,GUERRE_FROIDE_SKILL,REVIEW,TRUE,IN_PROGRAM_2027,0.88,lcai-0037-auto-cert-v1
2835,HISTORY_GEOGRAPHY_EMC,GUERRE_FROIDE_SKILL,REVIEW,TRUE,IN_PROGRAM_2027,0.88,lcai-0037-auto-cert-v1
2836,HISTORY_GEOGRAPHY_EMC,GUERRE_FROIDE_SKILL,REVIEW,TRUE,IN_PROGRAM_2027,0.88,lcai-0037-auto-cert-v1
2837,HISTORY_GEOGRAPHY_EMC,REVOLUTION_FRANCAISE_SKILL,REVIEW,TRUE,IN_PROGRAM_2027,0.92,lcai-0037-auto-cert-v1
2838,HISTORY_GEOGRAPHY_EMC,REVOLUTION_FRANCAISE_SKILL,REVIEW,TRUE,IN_PROGRAM_2027,0.92,lcai-0037-auto-cert-v1
2839,HISTORY_GEOGRAPHY_EMC,REVOLUTION_FRANCAISE_SKILL,REVIEW,TRUE,IN_PROGRAM_2027,0.92,lcai-0037-auto-cert-v1
2840,HISTORY_GEOGRAPHY_EMC,REVOLUTION_FRANCAISE_SKILL,REVIEW,TRUE,IN_PROGRAM_2027,0.92,lcai-0037-auto-cert-v1
2841,HISTORY_GEOGRAPHY_EMC,SOCIETE_AU_XIXE_SIECLE_SKILL,REVIEW,TRUE,IN_PROGRAM_2027,0.88,lcai-0037-auto-cert-v1
2842,HISTORY_GEOGRAPHY_EMC,REVOLUTION_FRANCAISE_SKILL,REVIEW,TRUE,IN_PROGRAM_2027,0.88,lcai-0037-auto-cert-v1
2843,HISTORY_GEOGRAPHY_EMC,REVOLUTION_FRANCAISE_SKILL,REVIEW,TRUE,IN_PROGRAM_2027,0.88,lcai-0037-auto-cert-v1
2844,HISTORY_GEOGRAPHY_EMC,REVOLUTION_FRANCAISE_SKILL,REVIEW,TRUE,IN_PROGRAM_2027,0.88,lcai-0037-auto-cert-v1
2845,HISTORY_GEOGRAPHY_EMC,REVOLUTION_FRANCAISE_SKILL,REVIEW,TRUE,IN_PROGRAM_2027,0.88,lcai-0037-auto-cert-v1
2846,HISTORY_GEOGRAPHY_EMC,REVOLUTION_FRANCAISE_SKILL,REVIEW,TRUE,IN_PROGRAM_2027,0.88,lcai-0037-auto-cert-v1
2847,HISTORY_GEOGRAPHY_EMC,REVOLUTION_FRANCAISE_SKILL,REVIEW,TRUE,IN_PROGRAM_2027,0.92,lcai-0037-auto-cert-v1
2848,HISTORY_GEOGRAPHY_EMC,REVOLUTION_FRANCAISE_SKILL,REVIEW,TRUE,IN_PROGRAM_2027,0.88,lcai-0037-auto-cert-v1
2849,HISTORY_GEOGRAPHY_EMC,REVOLUTION_FRANCAISE_SKILL,REVIEW,TRUE,IN_PROGRAM_2027,0.88,lcai-0037-auto-cert-v1
2850,HISTORY_GEOGRAPHY_EMC,REVOLUTION_FRANCAISE_SKILL,REVIEW,TRUE,IN_PROGRAM_2027,0.88,lcai-0037-auto-cert-v1
2851,HISTORY_GEOGRAPHY_EMC,REVOLUTION_FRANCAISE_SKILL,REVIEW,TRUE,IN_PROGRAM_2027,0.88,lcai-0037-auto-cert-v1
2852,HISTORY_GEOGRAPHY_EMC,REVOLUTION_FRANCAISE_SKILL,REVIEW,TRUE,IN_PROGRAM_2027,0.88,lcai-0037-auto-cert-v1
2853,HISTORY_GEOGRAPHY_EMC,REVOLUTION_FRANCAISE_SKILL,REVIEW,TRUE,IN_PROGRAM_2027,0.88,lcai-0037-auto-cert-v1
2854,HISTORY_GEOGRAPHY_EMC,CONSTRUCTION_EUROPEENNE_SKILL,REVIEW,TRUE,IN_PROGRAM_2027,0.88,lcai-0037-auto-cert-v1
2855,HISTORY_GEOGRAPHY_EMC,CONSTRUCTION_EUROPEENNE_SKILL,REVIEW,TRUE,IN_PROGRAM_2027,0.88,lcai-0037-auto-cert-v1
2856,HISTORY_GEOGRAPHY_EMC,CONSTRUCTION_EUROPEENNE_SKILL,REVIEW,TRUE,IN_PROGRAM_2027,0.88,lcai-0037-auto-cert-v1
2857,HISTORY_GEOGRAPHY_EMC,CONSTRUCTION_EUROPEENNE_SKILL,REVIEW,TRUE,IN_PROGRAM_2027,0.88,lcai-0037-auto-cert-v1
2858,HISTORY_GEOGRAPHY_EMC,CONSTRUCTION_EUROPEENNE_SKILL,REVIEW,TRUE,IN_PROGRAM_2027,0.88,lcai-0037-auto-cert-v1
2859,HISTORY_GEOGRAPHY_EMC,CONSTRUCTION_EUROPEENNE_SKILL,REVIEW,TRUE,IN_PROGRAM_2027,0.88,lcai-0037-auto-cert-v1
2860,HISTORY_GEOGRAPHY_EMC,REVOLUTION_FRANCAISE_SKILL,REVIEW,TRUE,IN_PROGRAM_2027,0.92,lcai-0037-auto-cert-v1
2861,HISTORY_GEOGRAPHY_EMC,REVOLUTION_FRANCAISE_SKILL,REVIEW,TRUE,IN_PROGRAM_2027,0.88,lcai-0037-auto-cert-v1
2862,HISTORY_GEOGRAPHY_EMC,REVOLUTION_FRANCAISE_SKILL,REVIEW,TRUE,IN_PROGRAM_2027,0.88,lcai-0037-auto-cert-v1
2863,HISTORY_GEOGRAPHY_EMC,REVOLUTION_FRANCAISE_SKILL,REVIEW,TRUE,IN_PROGRAM_2027,0.88,lcai-0037-auto-cert-v1
2864,HISTORY_GEOGRAPHY_EMC,REVOLUTION_FRANCAISE_SKILL,REVIEW,TRUE,IN_PROGRAM_2027,0.88,lcai-0037-auto-cert-v1
2865,HISTORY_GEOGRAPHY_EMC,REVOLUTION_FRANCAISE_SKILL,REVIEW,TRUE,IN_PROGRAM_2027,0.88,lcai-0037-auto-cert-v1
2866,HISTORY_GEOGRAPHY_EMC,REVOLUTION_FRANCAISE_SKILL,REVIEW,TRUE,IN_PROGRAM_2027,0.88,lcai-0037-auto-cert-v1
2867,HISTORY_GEOGRAPHY_EMC,REVOLUTION_FRANCAISE_SKILL,REVIEW,TRUE,IN_PROGRAM_2027,0.88,lcai-0037-auto-cert-v1
2868,HISTORY_GEOGRAPHY_EMC,REVOLUTION_FRANCAISE_SKILL,REVIEW,TRUE,IN_PROGRAM_2027,0.88,lcai-0037-auto-cert-v1
2869,HISTORY_GEOGRAPHY_EMC,REVOLUTION_FRANCAISE_SKILL,REVIEW,TRUE,IN_PROGRAM_2027,0.88,lcai-0037-auto-cert-v1
2870,HISTORY_GEOGRAPHY_EMC,REVOLUTION_FRANCAISE_SKILL,REVIEW,TRUE,IN_PROGRAM_2027,0.88,lcai-0037-auto-cert-v1
2871,HISTORY_GEOGRAPHY_EMC,REVOLUTION_FRANCAISE_SKILL,REVIEW,TRUE,IN_PROGRAM_2027,0.88,lcai-0037-auto-cert-v1
2872,HISTORY_GEOGRAPHY_EMC,GUERRE_FROIDE_SKILL,REVIEW,TRUE,IN_PROGRAM_2027,0.92,lcai-0037-auto-cert-v1
2873,HISTORY_GEOGRAPHY_EMC,REVOLUTION_FRANCAISE_SKILL,REVIEW,TRUE,IN_PROGRAM_2027,0.88,lcai-0037-auto-cert-v1
2874,HISTORY_GEOGRAPHY_EMC,REVOLUTION_FRANCAISE_SKILL,REVIEW,TRUE,IN_PROGRAM_2027,0.88,lcai-0037-auto-cert-v1
2875,HISTORY_GEOGRAPHY_EMC,REVOLUTION_FRANCAISE_SKILL,REVIEW,TRUE,IN_PROGRAM_2027,0.88,lcai-0037-auto-cert-v1
2876,HISTORY_GEOGRAPHY_EMC,REVOLUTION_FRANCAISE_SKILL,REVIEW,TRUE,IN_PROGRAM_2027,0.88,lcai-0037-auto-cert-v1
2877,HISTORY_GEOGRAPHY_EMC,REVOLUTION_FRANCAISE_SKILL,REVIEW,TRUE,IN_PROGRAM_2027,0.88,lcai-0037-auto-cert-v1
2878,HISTORY_GEOGRAPHY_EMC,REVOLUTION_FRANCAISE_SKILL,REVIEW,TRUE,IN_PROGRAM_2027,0.88,lcai-0037-auto-cert-v1
2879,HISTORY_GEOGRAPHY_EMC,REVOLUTION_FRANCAISE_SKILL,REVIEW,TRUE,IN_PROGRAM_2027,0.88,lcai-0037-auto-cert-v1
2880,HISTORY_GEOGRAPHY_EMC,GUERRE_FROIDE_SKILL,REVIEW,TRUE,IN_PROGRAM_2027,0.88,lcai-0037-auto-cert-v1
2881,SCIENCES,ENERGIE_SKILL,REVIEW,TRUE,IN_PROGRAM_2027,0.88,lcai-0037-auto-cert-v1
2882,HISTORY_GEOGRAPHY_EMC,PREMIERE_GUERRE_MONDIALE_SKILL,REVIEW,TRUE,IN_PROGRAM_2027,0.88,lcai-0037-auto-cert-v1
2883,HISTORY_GEOGRAPHY_EMC,PREMIERE_GUERRE_MONDIALE_SKILL,REVIEW,TRUE,IN_PROGRAM_2027,0.88,lcai-0037-auto-cert-v1
2884,HISTORY_GEOGRAPHY_EMC,PREMIERE_GUERRE_MONDIALE_SKILL,REVIEW,TRUE,IN_PROGRAM_2027,0.88,lcai-0037-auto-cert-v1
2885,HISTORY_GEOGRAPHY_EMC,PREMIERE_GUERRE_MONDIALE_SKILL,REVIEW,TRUE,IN_PROGRAM_2027,0.88,lcai-0037-auto-cert-v1
2886,HISTORY_GEOGRAPHY_EMC,PREMIERE_GUERRE_MONDIALE_SKILL,REVIEW,TRUE,IN_PROGRAM_2027,0.88,lcai-0037-auto-cert-v1
2887,HISTORY_GEOGRAPHY_EMC,CONSTRUCTION_EUROPEENNE_SKILL,REVIEW,TRUE,IN_PROGRAM_2027,0.92,lcai-0037-auto-cert-v1
2888,HISTORY_GEOGRAPHY_EMC,CONSTRUCTION_EUROPEENNE_SKILL,REVIEW,TRUE,IN_PROGRAM_2027,0.88,lcai-0037-auto-cert-v1
2889,HISTORY_GEOGRAPHY_EMC,CONSTRUCTION_EUROPEENNE_SKILL,REVIEW,TRUE,IN_PROGRAM_2027,0.92,lcai-0037-auto-cert-v1
2890,HISTORY_GEOGRAPHY_EMC,CONSTRUCTION_EUROPEENNE_SKILL,REVIEW,TRUE,IN_PROGRAM_2027,0.92,lcai-0037-auto-cert-v1
2891,HISTORY_GEOGRAPHY_EMC,CONSTRUCTION_EUROPEENNE_SKILL,REVIEW,TRUE,IN_PROGRAM_2027,0.92,lcai-0037-auto-cert-v1
2892,HISTORY_GEOGRAPHY_EMC,CONSTRUCTION_EUROPEENNE_SKILL,REVIEW,TRUE,IN_PROGRAM_2027,0.92,lcai-0037-auto-cert-v1
2893,HISTORY_GEOGRAPHY_EMC,CONSTRUCTION_EUROPEENNE_SKILL,REVIEW,TRUE,IN_PROGRAM_2027,0.92,lcai-0037-auto-cert-v1
2894,HISTORY_GEOGRAPHY_EMC,REVOLUTION_FRANCAISE_SKILL,REVIEW,TRUE,IN_PROGRAM_2027,0.88,lcai-0037-auto-cert-v1
2895,HISTORY_GEOGRAPHY_EMC,REVOLUTION_FRANCAISE_SKILL,REVIEW,TRUE,IN_PROGRAM_2027,0.88,lcai-0037-auto-cert-v1
2896,HISTORY_GEOGRAPHY_EMC,REVOLUTION_FRANCAISE_SKILL,REVIEW,TRUE,IN_PROGRAM_2027,0.88,lcai-0037-auto-cert-v1
2897,HISTORY_GEOGRAPHY_EMC,CONSTRUCTION_EUROPEENNE_SKILL,REVIEW,TRUE,IN_PROGRAM_2027,0.88,lcai-0037-auto-cert-v1
2898,HISTORY_GEOGRAPHY_EMC,REVOLUTION_FRANCAISE_SKILL,REVIEW,TRUE,IN_PROGRAM_2027,0.92,lcai-0037-auto-cert-v1
2899,HISTORY_GEOGRAPHY_EMC,REVOLUTION_FRANCAISE_SKILL,REVIEW,TRUE,IN_PROGRAM_2027,0.88,lcai-0037-auto-cert-v1
2900,HISTORY_GEOGRAPHY_EMC,REVOLUTION_FRANCAISE_SKILL,REVIEW,TRUE,IN_PROGRAM_2027,0.88,lcai-0037-auto-cert-v1
2901,HISTORY_GEOGRAPHY_EMC,REVOLUTION_FRANCAISE_SKILL,REVIEW,TRUE,IN_PROGRAM_2027,0.88,lcai-0037-auto-cert-v1
2902,HISTORY_GEOGRAPHY_EMC,REVOLUTION_FRANCAISE_SKILL,REVIEW,TRUE,IN_PROGRAM_2027,0.88,lcai-0037-auto-cert-v1
2903,HISTORY_GEOGRAPHY_EMC,REVOLUTION_FRANCAISE_SKILL,REVIEW,TRUE,IN_PROGRAM_2027,0.88,lcai-0037-auto-cert-v1
2904,HISTORY_GEOGRAPHY_EMC,REVOLUTION_FRANCAISE_SKILL,REVIEW,TRUE,IN_PROGRAM_2027,0.88,lcai-0037-auto-cert-v1
2905,HISTORY_GEOGRAPHY_EMC,REVOLUTION_FRANCAISE_SKILL,REVIEW,TRUE,IN_PROGRAM_2027,0.88,lcai-0037-auto-cert-v1
2906,HISTORY_GEOGRAPHY_EMC,REVOLUTION_FRANCAISE_SKILL,REVIEW,TRUE,IN_PROGRAM_2027,0.88,lcai-0037-auto-cert-v1
2907,HISTORY_GEOGRAPHY_EMC,REVOLUTION_FRANCAISE_SKILL,REVIEW,TRUE,IN_PROGRAM_2027,0.88,lcai-0037-auto-cert-v1
2908,HISTORY_GEOGRAPHY_EMC,REVOLUTION_FRANCAISE_SKILL,REVIEW,TRUE,IN_PROGRAM_2027,0.88,lcai-0037-auto-cert-v1
2909,HISTORY_GEOGRAPHY_EMC,REVOLUTION_FRANCAISE_SKILL,REVIEW,TRUE,IN_PROGRAM_2027,0.92,lcai-0037-auto-cert-v1
2910,HISTORY_GEOGRAPHY_EMC,PREMIERE_GUERRE_MONDIALE_SKILL,REVIEW,TRUE,IN_PROGRAM_2027,0.88,lcai-0037-auto-cert-v1
2911,HISTORY_GEOGRAPHY_EMC,PREMIERE_GUERRE_MONDIALE_SKILL,REVIEW,TRUE,IN_PROGRAM_2027,0.88,lcai-0037-auto-cert-v1
2912,HISTORY_GEOGRAPHY_EMC,PREMIERE_GUERRE_MONDIALE_SKILL,REVIEW,TRUE,IN_PROGRAM_2027,0.88,lcai-0037-auto-cert-v1
2913,HISTORY_GEOGRAPHY_EMC,PREMIERE_GUERRE_MONDIALE_SKILL,REVIEW,TRUE,IN_PROGRAM_2027,0.88,lcai-0037-auto-cert-v1
2914,HISTORY_GEOGRAPHY_EMC,PREMIERE_GUERRE_MONDIALE_SKILL,REVIEW,TRUE,IN_PROGRAM_2027,0.88,lcai-0037-auto-cert-v1
2915,HISTORY_GEOGRAPHY_EMC,REVOLUTION_FRANCAISE_SKILL,REVIEW,TRUE,IN_PROGRAM_2027,0.88,lcai-0037-auto-cert-v1
2916,HISTORY_GEOGRAPHY_EMC,REVOLUTION_FRANCAISE_SKILL,REVIEW,TRUE,IN_PROGRAM_2027,0.88,lcai-0037-auto-cert-v1
2917,HISTORY_GEOGRAPHY_EMC,REVOLUTION_FRANCAISE_SKILL,REVIEW,TRUE,IN_PROGRAM_2027,0.88,lcai-0037-auto-cert-v1
2918,HISTORY_GEOGRAPHY_EMC,REVOLUTION_FRANCAISE_SKILL,REVIEW,TRUE,IN_PROGRAM_2027,0.88,lcai-0037-auto-cert-v1
2919,HISTORY_GEOGRAPHY_EMC,REVOLUTION_FRANCAISE_SKILL,REVIEW,TRUE,IN_PROGRAM_2027,0.88,lcai-0037-auto-cert-v1
2920,HISTORY_GEOGRAPHY_EMC,REVOLUTION_FRANCAISE_SKILL,REVIEW,TRUE,IN_PROGRAM_2027,0.88,lcai-0037-auto-cert-v1
2921,HISTORY_GEOGRAPHY_EMC,REVOLUTION_FRANCAISE_SKILL,REVIEW,TRUE,IN_PROGRAM_2027,0.88,lcai-0037-auto-cert-v1
2922,HISTORY_GEOGRAPHY_EMC,REVOLUTION_FRANCAISE_SKILL,REVIEW,TRUE,IN_PROGRAM_2027,0.88,lcai-0037-auto-cert-v1
2923,HISTORY_GEOGRAPHY_EMC,PREMIERE_GUERRE_MONDIALE_SKILL,REVIEW,TRUE,IN_PROGRAM_2027,0.88,lcai-0037-auto-cert-v1
2924,FRENCH,EXPRESSION_ECRITE_SKILL,REVIEW,TRUE,IN_PROGRAM_2027,0.92,lcai-0037-auto-cert-v1
2925,HISTORY_GEOGRAPHY_EMC,CONSTRUCTION_EUROPEENNE_SKILL,REVIEW,TRUE,IN_PROGRAM_2027,0.88,lcai-0037-auto-cert-v1
2926,HISTORY_GEOGRAPHY_EMC,CONSTRUCTION_EUROPEENNE_SKILL,REVIEW,TRUE,IN_PROGRAM_2027,0.88,lcai-0037-auto-cert-v1
2927,HISTORY_GEOGRAPHY_EMC,CONSTRUCTION_EUROPEENNE_SKILL,REVIEW,TRUE,IN_PROGRAM_2027,0.88,lcai-0037-auto-cert-v1
2928,HISTORY_GEOGRAPHY_EMC,CONSTRUCTION_EUROPEENNE_SKILL,REVIEW,TRUE,IN_PROGRAM_2027,0.88,lcai-0037-auto-cert-v1
2929,HISTORY_GEOGRAPHY_EMC,CONSTRUCTION_EUROPEENNE_SKILL,REVIEW,TRUE,IN_PROGRAM_2027,0.88,lcai-0037-auto-cert-v1
2930,HISTORY_GEOGRAPHY_EMC,CONSTRUCTION_EUROPEENNE_SKILL,REVIEW,TRUE,IN_PROGRAM_2027,0.88,lcai-0037-auto-cert-v1
2931,HISTORY_GEOGRAPHY_EMC,GUERRE_FROIDE_SKILL,REVIEW,TRUE,IN_PROGRAM_2027,0.88,lcai-0037-auto-cert-v1
2932,HISTORY_GEOGRAPHY_EMC,GUERRE_FROIDE_SKILL,REVIEW,TRUE,IN_PROGRAM_2027,0.92,lcai-0037-auto-cert-v1
2933,HISTORY_GEOGRAPHY_EMC,GUERRE_FROIDE_SKILL,REVIEW,TRUE,IN_PROGRAM_2027,0.92,lcai-0037-auto-cert-v1
2934,HISTORY_GEOGRAPHY_EMC,GUERRE_FROIDE_SKILL,REVIEW,TRUE,IN_PROGRAM_2027,0.92,lcai-0037-auto-cert-v1
2935,HISTORY_GEOGRAPHY_EMC,SECONDE_GUERRE_MONDIALE_SKILL,REVIEW,TRUE,IN_PROGRAM_2027,0.92,lcai-0037-auto-cert-v1
2936,HISTORY_GEOGRAPHY_EMC,CONSTRUCTION_EUROPEENNE_SKILL,REVIEW,TRUE,IN_PROGRAM_2027,0.88,lcai-0037-auto-cert-v1
2937,HISTORY_GEOGRAPHY_EMC,CONSTRUCTION_EUROPEENNE_SKILL,REVIEW,TRUE,IN_PROGRAM_2027,0.88,lcai-0037-auto-cert-v1
2938,HISTORY_GEOGRAPHY_EMC,CONSTRUCTION_EUROPEENNE_SKILL,REVIEW,TRUE,IN_PROGRAM_2027,0.88,lcai-0037-auto-cert-v1
2939,HISTORY_GEOGRAPHY_EMC,CONSTRUCTION_EUROPEENNE_SKILL,REVIEW,TRUE,IN_PROGRAM_2027,0.88,lcai-0037-auto-cert-v1
2940,MATHEMATICS,AIRES_ET_VOLUMES_SKILL,REVIEW,TRUE,IN_PROGRAM_2027,0.92,lcai-0037-auto-cert-v1
2941,MATHEMATICS,AIRES_ET_VOLUMES_SKILL,REVIEW,TRUE,IN_PROGRAM_2027,0.92,lcai-0037-auto-cert-v1
2942,MATHEMATICS,AIRES_ET_VOLUMES_SKILL,REVIEW,TRUE,IN_PROGRAM_2027,0.92,lcai-0037-auto-cert-v1
2943,MATHEMATICS,AIRES_ET_VOLUMES_SKILL,REVIEW,TRUE,IN_PROGRAM_2027,0.92,lcai-0037-auto-cert-v1
2944,MATHEMATICS,AIRES_ET_VOLUMES_SKILL,REVIEW,TRUE,IN_PROGRAM_2027,0.92,lcai-0037-auto-cert-v1
2945,MATHEMATICS,AIRES_ET_VOLUMES_SKILL,REVIEW,TRUE,IN_PROGRAM_2027,0.92,lcai-0037-auto-cert-v1
2946,FRENCH,ACCORDS_SKILL,REVIEW,TRUE,IN_PROGRAM_2027,0.92,lcai-0037-auto-cert-v1
2947,FRENCH,COMPREHENSION_SKILL,REVIEW,TRUE,IN_PROGRAM_2027,0.92,lcai-0037-auto-cert-v1
2948,FRENCH,COMPREHENSION_SKILL,REVIEW,TRUE,IN_PROGRAM_2027,0.92,lcai-0037-auto-cert-v1
2949,FRENCH,COMPREHENSION_SKILL,REVIEW,TRUE,IN_PROGRAM_2027,0.92,lcai-0037-auto-cert-v1
2950,FRENCH,COMPREHENSION_SKILL,REVIEW,TRUE,IN_PROGRAM_2027,0.92,lcai-0037-auto-cert-v1
2951,FRENCH,COMPREHENSION_SKILL,REVIEW,TRUE,IN_PROGRAM_2027,0.92,lcai-0037-auto-cert-v1
2952,FRENCH,COMPREHENSION_SKILL,REVIEW,TRUE,IN_PROGRAM_2027,0.92,lcai-0037-auto-cert-v1
2953,FRENCH,COMPREHENSION_SKILL,REVIEW,TRUE,IN_PROGRAM_2027,0.92,lcai-0037-auto-cert-v1
2954,FRENCH,COMPREHENSION_SKILL,REVIEW,TRUE,IN_PROGRAM_2027,0.92,lcai-0037-auto-cert-v1
2955,FRENCH,COMPREHENSION_SKILL,REVIEW,TRUE,IN_PROGRAM_2027,0.92,lcai-0037-auto-cert-v1
2956,FRENCH,EXPRESSION_ECRITE_SKILL,REVIEW,TRUE,IN_PROGRAM_2027,0.92,lcai-0037-auto-cert-v1
2957,FRENCH,EXPRESSION_ECRITE_SKILL,REVIEW,TRUE,IN_PROGRAM_2027,0.92,lcai-0037-auto-cert-v1
2958,FRENCH,COMPREHENSION_SKILL,REVIEW,TRUE,IN_PROGRAM_2027,0.92,lcai-0037-auto-cert-v1
2959,FRENCH,COMPREHENSION_SKILL,REVIEW,TRUE,IN_PROGRAM_2027,0.92,lcai-0037-auto-cert-v1
2960,FRENCH,COMPREHENSION_SKILL,REVIEW,TRUE,IN_PROGRAM_2027,0.92,lcai-0037-auto-cert-v1
2961,FRENCH,COMPREHENSION_SKILL,REVIEW,TRUE,IN_PROGRAM_2027,0.92,lcai-0037-auto-cert-v1
2962,FRENCH,COMPREHENSION_SKILL,REVIEW,TRUE,IN_PROGRAM_2027,0.92,lcai-0037-auto-cert-v1
2963,FRENCH,COMPREHENSION_SKILL,REVIEW,TRUE,IN_PROGRAM_2027,0.92,lcai-0037-auto-cert-v1
2964,FRENCH,COMPREHENSION_SKILL,REVIEW,TRUE,IN_PROGRAM_2027,0.92,lcai-0037-auto-cert-v1
2965,FRENCH,COMPREHENSION_SKILL,REVIEW,TRUE,IN_PROGRAM_2027,0.92,lcai-0037-auto-cert-v1
2966,FRENCH,COMPREHENSION_SKILL,REVIEW,TRUE,IN_PROGRAM_2027,0.92,lcai-0037-auto-cert-v1
2967,FRENCH,COMPREHENSION_SKILL,REVIEW,TRUE,IN_PROGRAM_2027,0.92,lcai-0037-auto-cert-v1
2968,FRENCH,COMPREHENSION_SKILL,REVIEW,TRUE,IN_PROGRAM_2027,0.92,lcai-0037-auto-cert-v1
2969,MATHEMATICS,NOMBRES_RELATIFS_SKILL,REVIEW,TRUE,IN_PROGRAM_2027,0.92,lcai-0037-auto-cert-v1
2970,MATHEMATICS,NOMBRES_RELATIFS_SKILL,REVIEW,TRUE,IN_PROGRAM_2027,0.92,lcai-0037-auto-cert-v1
2971,MATHEMATICS,CALCUL_LITTERAL_SKILL,REVIEW,TRUE,IN_PROGRAM_2027,0.92,lcai-0037-auto-cert-v1
2972,MATHEMATICS,CALCUL_LITTERAL_SKILL,REVIEW,TRUE,IN_PROGRAM_2027,0.92,lcai-0037-auto-cert-v1
2973,MATHEMATICS,AIRES_ET_VOLUMES_SKILL,REVIEW,TRUE,IN_PROGRAM_2027,0.92,lcai-0037-auto-cert-v1
2974,MATHEMATICS,AIRES_ET_VOLUMES_SKILL,REVIEW,TRUE,IN_PROGRAM_2027,0.92,lcai-0037-auto-cert-v1
2975,MATHEMATICS,AIRES_ET_VOLUMES_SKILL,REVIEW,TRUE,IN_PROGRAM_2027,0.92,lcai-0037-auto-cert-v1
2976,MATHEMATICS,AIRES_ET_VOLUMES_SKILL,REVIEW,TRUE,IN_PROGRAM_2027,0.92,lcai-0037-auto-cert-v1
2977,MATHEMATICS,AIRES_ET_VOLUMES_SKILL,REVIEW,TRUE,IN_PROGRAM_2027,0.92,lcai-0037-auto-cert-v1
2978,MATHEMATICS,NOMBRES_RELATIFS_SKILL,REVIEW,TRUE,IN_PROGRAM_2027,0.92,lcai-0037-auto-cert-v1
2979,MATHEMATICS,NOMBRES_RELATIFS_SKILL,REVIEW,TRUE,IN_PROGRAM_2027,0.92,lcai-0037-auto-cert-v1
2980,MATHEMATICS,NOMBRES_RELATIFS_SKILL,REVIEW,TRUE,IN_PROGRAM_2027,0.92,lcai-0037-auto-cert-v1
2981,MATHEMATICS,NOMBRES_RELATIFS_SKILL,REVIEW,TRUE,IN_PROGRAM_2027,0.92,lcai-0037-auto-cert-v1
2982,MATHEMATICS,AIRES_ET_VOLUMES_SKILL,REVIEW,TRUE,IN_PROGRAM_2027,0.92,lcai-0037-auto-cert-v1
2983,MATHEMATICS,NOMBRES_RELATIFS_SKILL,REVIEW,TRUE,IN_PROGRAM_2027,0.92,lcai-0037-auto-cert-v1
2984,MATHEMATICS,NOMBRES_RELATIFS_SKILL,REVIEW,TRUE,IN_PROGRAM_2027,0.92,lcai-0037-auto-cert-v1
2985,MATHEMATICS,NOMBRES_RELATIFS_SKILL,REVIEW,TRUE,IN_PROGRAM_2027,0.92,lcai-0037-auto-cert-v1
2986,MATHEMATICS,NOMBRES_RELATIFS_SKILL,REVIEW,TRUE,IN_PROGRAM_2027,0.92,lcai-0037-auto-cert-v1
2987,MATHEMATICS,CALCUL_LITTERAL_SKILL,REVIEW,TRUE,IN_PROGRAM_2027,0.92,lcai-0037-auto-cert-v1
2988,MATHEMATICS,NOMBRES_RELATIFS_SKILL,REVIEW,TRUE,IN_PROGRAM_2027,0.92,lcai-0037-auto-cert-v1
2989,MATHEMATICS,NOMBRES_RELATIFS_SKILL,REVIEW,TRUE,IN_PROGRAM_2027,0.92,lcai-0037-auto-cert-v1
2990,MATHEMATICS,CALCUL_LITTERAL_SKILL,REVIEW,TRUE,IN_PROGRAM_2027,0.92,lcai-0037-auto-cert-v1
2991,MATHEMATICS,PROBABILITES_SKILL,REVIEW,TRUE,IN_PROGRAM_2027,0.92,lcai-0037-auto-cert-v1
2992,MATHEMATICS,PROBABILITES_SKILL,REVIEW,TRUE,IN_PROGRAM_2027,0.92,lcai-0037-auto-cert-v1
2993,MATHEMATICS,PROBABILITES_SKILL,REVIEW,TRUE,IN_PROGRAM_2027,0.92,lcai-0037-auto-cert-v1
2994,MATHEMATICS,PROBABILITES_SKILL,REVIEW,TRUE,IN_PROGRAM_2027,0.92,lcai-0037-auto-cert-v1
2995,MATHEMATICS,PROBABILITES_SKILL,REVIEW,TRUE,IN_PROGRAM_2027,0.92,lcai-0037-auto-cert-v1
2996,MATHEMATICS,PROBABILITES_SKILL,REVIEW,TRUE,IN_PROGRAM_2027,0.92,lcai-0037-auto-cert-v1
2997,MATHEMATICS,PROBABILITES_SKILL,REVIEW,TRUE,IN_PROGRAM_2027,0.92,lcai-0037-auto-cert-v1
2998,MATHEMATICS,PROBABILITES_SKILL,REVIEW,TRUE,IN_PROGRAM_2027,0.92,lcai-0037-auto-cert-v1
2999,MATHEMATICS,PROBABILITES_SKILL,REVIEW,TRUE,IN_PROGRAM_2027,0.92,lcai-0037-auto-cert-v1
3000,SCIENCES,ELECTRICITE_SKILL,REVIEW,TRUE,IN_PROGRAM_2027,0.88,lcai-0037-auto-cert-v1
3001,SCIENCES,ENERGIE_SKILL,REVIEW,TRUE,IN_PROGRAM_2027,0.92,lcai-0037-auto-cert-v1
3002,SCIENCES,SON_SKILL,REVIEW,TRUE,IN_PROGRAM_2027,0.88,lcai-0037-auto-cert-v1
3003,SCIENCES,ENERGIE_SKILL,REVIEW,TRUE,IN_PROGRAM_2027,0.88,lcai-0037-auto-cert-v1
3004,FRENCH,FONCTIONS_GRAMMATICALES_SKILL,REVIEW,TRUE,IN_PROGRAM_2027,0.88,lcai-0037-auto-cert-v1
3005,FRENCH,FONCTIONS_GRAMMATICALES_SKILL,REVIEW,TRUE,IN_PROGRAM_2027,0.88,lcai-0037-auto-cert-v1
3006,FRENCH,FONCTIONS_GRAMMATICALES_SKILL,REVIEW,TRUE,IN_PROGRAM_2027,0.88,lcai-0037-auto-cert-v1
3007,FRENCH,VOCABULAIRE_SKILL,REVIEW,TRUE,IN_PROGRAM_2027,0.88,lcai-0037-auto-cert-v1
3008,FRENCH,FONCTIONS_GRAMMATICALES_SKILL,REVIEW,TRUE,IN_PROGRAM_2027,0.88,lcai-0037-auto-cert-v1
3009,FRENCH,FONCTIONS_GRAMMATICALES_SKILL,REVIEW,TRUE,IN_PROGRAM_2027,0.88,lcai-0037-auto-cert-v1
3010,FRENCH,FONCTIONS_GRAMMATICALES_SKILL,REVIEW,TRUE,IN_PROGRAM_2027,0.88,lcai-0037-auto-cert-v1
3011,FRENCH,FONCTIONS_GRAMMATICALES_SKILL,REVIEW,TRUE,IN_PROGRAM_2027,0.88,lcai-0037-auto-cert-v1
3012,FRENCH,FONCTIONS_GRAMMATICALES_SKILL,REVIEW,TRUE,IN_PROGRAM_2027,0.88,lcai-0037-auto-cert-v1
3013,FRENCH,FONCTIONS_GRAMMATICALES_SKILL,REVIEW,TRUE,IN_PROGRAM_2027,0.88,lcai-0037-auto-cert-v1
3014,FRENCH,FONCTIONS_GRAMMATICALES_SKILL,REVIEW,TRUE,IN_PROGRAM_2027,0.88,lcai-0037-auto-cert-v1
3015,FRENCH,FONCTIONS_GRAMMATICALES_SKILL,REVIEW,TRUE,IN_PROGRAM_2027,0.88,lcai-0037-auto-cert-v1
3016,FRENCH,FONCTIONS_GRAMMATICALES_SKILL,REVIEW,TRUE,IN_PROGRAM_2027,0.88,lcai-0037-auto-cert-v1
3017,FRENCH,FONCTIONS_GRAMMATICALES_SKILL,REVIEW,TRUE,IN_PROGRAM_2027,0.88,lcai-0037-auto-cert-v1
3018,FRENCH,FONCTIONS_GRAMMATICALES_SKILL,REVIEW,TRUE,IN_PROGRAM_2027,0.88,lcai-0037-auto-cert-v1
3019,FRENCH,FONCTIONS_GRAMMATICALES_SKILL,REVIEW,TRUE,IN_PROGRAM_2027,0.88,lcai-0037-auto-cert-v1
3020,FRENCH,FONCTIONS_GRAMMATICALES_SKILL,REVIEW,TRUE,IN_PROGRAM_2027,0.88,lcai-0037-auto-cert-v1
3021,FRENCH,FONCTIONS_GRAMMATICALES_SKILL,REVIEW,TRUE,IN_PROGRAM_2027,0.88,lcai-0037-auto-cert-v1
3022,FRENCH,FONCTIONS_GRAMMATICALES_SKILL,REVIEW,TRUE,IN_PROGRAM_2027,0.88,lcai-0037-auto-cert-v1
3023,FRENCH,FONCTIONS_GRAMMATICALES_SKILL,REVIEW,TRUE,IN_PROGRAM_2027,0.88,lcai-0037-auto-cert-v1
3024,FRENCH,FONCTIONS_GRAMMATICALES_SKILL,REVIEW,TRUE,IN_PROGRAM_2027,0.88,lcai-0037-auto-cert-v1
3025,FRENCH,FONCTIONS_GRAMMATICALES_SKILL,REVIEW,TRUE,IN_PROGRAM_2027,0.88,lcai-0037-auto-cert-v1
3026,FRENCH,FONCTIONS_GRAMMATICALES_SKILL,REVIEW,TRUE,IN_PROGRAM_2027,0.88,lcai-0037-auto-cert-v1
3027,SCIENCES,ENERGIE_SKILL,REVIEW,TRUE,IN_PROGRAM_2027,0.88,lcai-0037-auto-cert-v1
3028,FRENCH,ACCORDS_SKILL,REVIEW,TRUE,IN_PROGRAM_2027,0.92,lcai-0037-auto-cert-v1
3029,FRENCH,ACCORDS_SKILL,REVIEW,TRUE,IN_PROGRAM_2027,0.92,lcai-0037-auto-cert-v1
3030,FRENCH,ACCORDS_SKILL,REVIEW,TRUE,IN_PROGRAM_2027,0.92,lcai-0037-auto-cert-v1
3031,FRENCH,ACCORDS_SKILL,REVIEW,TRUE,IN_PROGRAM_2027,0.92,lcai-0037-auto-cert-v1
3032,MATHEMATICS,FONCTIONS_SKILL,REVIEW,TRUE,IN_PROGRAM_2027,0.92,lcai-0037-auto-cert-v1
3033,MATHEMATICS,NOMBRES_RELATIFS_SKILL,REVIEW,TRUE,IN_PROGRAM_2027,0.92,lcai-0037-auto-cert-v1
3034,MATHEMATICS,NOMBRES_RELATIFS_SKILL,REVIEW,TRUE,IN_PROGRAM_2027,0.92,lcai-0037-auto-cert-v1
3035,MATHEMATICS,NOMBRES_RELATIFS_SKILL,REVIEW,TRUE,IN_PROGRAM_2027,0.88,lcai-0037-auto-cert-v1
3036,MATHEMATICS,NOMBRES_RELATIFS_SKILL,REVIEW,TRUE,IN_PROGRAM_2027,0.92,lcai-0037-auto-cert-v1
3037,MATHEMATICS,NOMBRES_RELATIFS_SKILL,REVIEW,TRUE,IN_PROGRAM_2027,0.92,lcai-0037-auto-cert-v1
3038,MATHEMATICS,FONCTIONS_SKILL,REVIEW,TRUE,IN_PROGRAM_2027,0.88,lcai-0037-auto-cert-v1
3039,MATHEMATICS,FONCTIONS_SKILL,REVIEW,TRUE,IN_PROGRAM_2027,0.88,lcai-0037-auto-cert-v1
3040,MATHEMATICS,FONCTIONS_SKILL,REVIEW,TRUE,IN_PROGRAM_2027,0.88,lcai-0037-auto-cert-v1
3041,MATHEMATICS,FONCTIONS_SKILL,REVIEW,TRUE,IN_PROGRAM_2027,0.88,lcai-0037-auto-cert-v1
3042,MATHEMATICS,FONCTIONS_SKILL,REVIEW,TRUE,IN_PROGRAM_2027,0.88,lcai-0037-auto-cert-v1
3043,MATHEMATICS,NOMBRES_RELATIFS_SKILL,REVIEW,TRUE,IN_PROGRAM_2027,0.88,lcai-0037-auto-cert-v1
3044,MATHEMATICS,NOMBRES_RELATIFS_SKILL,REVIEW,TRUE,IN_PROGRAM_2027,0.88,lcai-0037-auto-cert-v1
3045,MATHEMATICS,NOMBRES_RELATIFS_SKILL,REVIEW,TRUE,IN_PROGRAM_2027,0.88,lcai-0037-auto-cert-v1
3046,MATHEMATICS,NOMBRES_RELATIFS_SKILL,REVIEW,TRUE,IN_PROGRAM_2027,0.88,lcai-0037-auto-cert-v1
3047,MATHEMATICS,NOMBRES_RELATIFS_SKILL,REVIEW,TRUE,IN_PROGRAM_2027,0.88,lcai-0037-auto-cert-v1
3048,MATHEMATICS,NOMBRES_RELATIFS_SKILL,REVIEW,TRUE,IN_PROGRAM_2027,0.88,lcai-0037-auto-cert-v1
3049,MATHEMATICS,NOMBRES_RELATIFS_SKILL,REVIEW,TRUE,IN_PROGRAM_2027,0.88,lcai-0037-auto-cert-v1
3050,MATHEMATICS,NOMBRES_RELATIFS_SKILL,REVIEW,TRUE,IN_PROGRAM_2027,0.92,lcai-0037-auto-cert-v1
3051,MATHEMATICS,CALCUL_LITTERAL_SKILL,REVIEW,TRUE,IN_PROGRAM_2027,0.92,lcai-0037-auto-cert-v1
3052,MATHEMATICS,NOMBRES_RELATIFS_SKILL,REVIEW,TRUE,IN_PROGRAM_2027,0.92,lcai-0037-auto-cert-v1
3053,MATHEMATICS,NOMBRES_RELATIFS_SKILL,REVIEW,TRUE,IN_PROGRAM_2027,0.92,lcai-0037-auto-cert-v1
3054,FRENCH,EXPRESSION_ECRITE_SKILL,REVIEW,TRUE,IN_PROGRAM_2027,0.92,lcai-0037-auto-cert-v1
3055,FRENCH,ACCORDS_SKILL,FALSE,TRUE,IN_PROGRAM_2027,0.92,lcai-0037-auto-cert-v1
3056,MATHEMATICS,NOMBRES_RELATIFS_SKILL,REVIEW,TRUE,IN_PROGRAM_2027,0.92,lcai-0037-auto-cert-v1
3057,MATHEMATICS,NOMBRES_RELATIFS_SKILL,REVIEW,TRUE,IN_PROGRAM_2027,0.92,lcai-0037-auto-cert-v1
3058,MATHEMATICS,NOMBRES_RELATIFS_SKILL,REVIEW,TRUE,IN_PROGRAM_2027,0.92,lcai-0037-auto-cert-v1
3059,MATHEMATICS,NOMBRES_RELATIFS_SKILL,REVIEW,TRUE,IN_PROGRAM_2027,0.92,lcai-0037-auto-cert-v1
3060,MATHEMATICS,NOMBRES_RELATIFS_SKILL,REVIEW,TRUE,IN_PROGRAM_2027,0.92,lcai-0037-auto-cert-v1
3061,MATHEMATICS,NOMBRES_RELATIFS_SKILL,REVIEW,TRUE,IN_PROGRAM_2027,0.92,lcai-0037-auto-cert-v1
3062,MATHEMATICS,NOMBRES_RELATIFS_SKILL,REVIEW,TRUE,IN_PROGRAM_2027,0.92,lcai-0037-auto-cert-v1
3063,MATHEMATICS,NOMBRES_RELATIFS_SKILL,REVIEW,TRUE,IN_PROGRAM_2027,0.92,lcai-0037-auto-cert-v1
3064,MATHEMATICS,NOMBRES_RELATIFS_SKILL,REVIEW,TRUE,IN_PROGRAM_2027,0.92,lcai-0037-auto-cert-v1
3065,MATHEMATICS,NOMBRES_RELATIFS_SKILL,REVIEW,TRUE,IN_PROGRAM_2027,0.92,lcai-0037-auto-cert-v1
3066,MATHEMATICS,NOMBRES_RELATIFS_SKILL,REVIEW,TRUE,IN_PROGRAM_2027,0.92,lcai-0037-auto-cert-v1
3067,MATHEMATICS,NOMBRES_RELATIFS_SKILL,REVIEW,TRUE,IN_PROGRAM_2027,0.92,lcai-0037-auto-cert-v1
3068,MATHEMATICS,NOMBRES_RELATIFS_SKILL,REVIEW,TRUE,IN_PROGRAM_2027,0.92,lcai-0037-auto-cert-v1
3069,MATHEMATICS,NOMBRES_RELATIFS_SKILL,REVIEW,TRUE,IN_PROGRAM_2027,0.92,lcai-0037-auto-cert-v1
3070,MATHEMATICS,NOMBRES_RELATIFS_SKILL,REVIEW,TRUE,IN_PROGRAM_2027,0.92,lcai-0037-auto-cert-v1
3071,MATHEMATICS,NOMBRES_RELATIFS_SKILL,REVIEW,TRUE,IN_PROGRAM_2027,0.92,lcai-0037-auto-cert-v1
3072,MATHEMATICS,NOMBRES_RELATIFS_SKILL,REVIEW,TRUE,IN_PROGRAM_2027,0.92,lcai-0037-auto-cert-v1
3073,MATHEMATICS,NOMBRES_RELATIFS_SKILL,REVIEW,TRUE,IN_PROGRAM_2027,0.92,lcai-0037-auto-cert-v1
3074,MATHEMATICS,NOMBRES_RELATIFS_SKILL,REVIEW,TRUE,IN_PROGRAM_2027,0.92,lcai-0037-auto-cert-v1
3075,MATHEMATICS,AIRES_ET_VOLUMES_SKILL,REVIEW,TRUE,IN_PROGRAM_2027,0.92,lcai-0037-auto-cert-v1
3076,MATHEMATICS,NOMBRES_RELATIFS_SKILL,REVIEW,TRUE,IN_PROGRAM_2027,0.92,lcai-0037-auto-cert-v1
3077,MATHEMATICS,NOMBRES_RELATIFS_SKILL,REVIEW,TRUE,IN_PROGRAM_2027,0.92,lcai-0037-auto-cert-v1
3078,MATHEMATICS,NOMBRES_RELATIFS_SKILL,REVIEW,TRUE,IN_PROGRAM_2027,0.92,lcai-0037-auto-cert-v1
3079,MATHEMATICS,AIRES_ET_VOLUMES_SKILL,REVIEW,TRUE,IN_PROGRAM_2027,0.92,lcai-0037-auto-cert-v1
3080,MATHEMATICS,NOMBRES_RELATIFS_SKILL,REVIEW,TRUE,IN_PROGRAM_2027,0.92,lcai-0037-auto-cert-v1
3081,MATHEMATICS,NOMBRES_RELATIFS_SKILL,REVIEW,TRUE,IN_PROGRAM_2027,0.92,lcai-0037-auto-cert-v1
3082,FRENCH,FONCTIONS_GRAMMATICALES_SKILL,REVIEW,TRUE,IN_PROGRAM_2027,0.88,lcai-0037-auto-cert-v1
